form,root
immigriere,immigrieren
immigrierte,immigrieren
immigriert,immigrieren
immigrierst,immigrieren
immigrier,immigrieren
immigrierte,immigrieren
immigriert,immigrieren
immigriert,immigrieren
erstatte,erstatten
erstattete,erstatten
erstattet,erstatten
erstattest,erstatten
erstatt,erstatten
erstattete,erstatten
erstattet,erstatten
erstattet,erstatten
verwunde,verwunden
verwundete,verwunden
verwundet,verwunden
verwundest,verwunden
verwund,verwunden
verwundete,verwunden
verwundet,verwunden
verwundet,verwunden
fouragiere,fouragieren
fouragierte,fouragieren
fouragiert,fouragieren
fouragierst,fouragieren
fouragiere,fouragieren
fouragierte,fouragieren
fouragiert,fouragieren
fouragiert,fouragieren
wichse,wichsen
wichste,wichsen
gewichst,wichsen
wichst,wichsen
wichse,wichsen
wichste,wichsen
wichst,wichsen
wichst,wichsen
verschlüssle,verschlüsseln
verschlüsselte,verschlüsseln
verschlüsselt,verschlüsseln
verschlüsselst,verschlüsseln
verschlüssle,verschlüsseln
verschlüsselte,verschlüsseln
verschlüsselt,verschlüsseln
verschlüsselt,verschlüsseln
entflecke,entflecken
entfleckte,entflecken
entfleckt,entflecken
entfleckst,entflecken
entfleck,entflecken
entfleckte,entflecken
entfleckt,entflecken
entfleckt,entflecken
schalte frei,freischalten
schaltete frei,freischalten
freigeschaltet,freischalten
schaltest frei,freischalten
schalt frei,freischalten
schaltete frei,freischalten
schaltet frei,freischalten
schaltet frei,freischalten
schwabbele,schwabbeln
schwabbelte,schwabbeln
geschwabbelt,schwabbeln
schwabbelst,schwabbeln
schwabbel,schwabbeln
schwabbelte,schwabbeln
schwabbelt,schwabbeln
schwabbelt,schwabbeln
genieße,genießen
genoss,genießen
genossen,genießen
genießt,genießen
genieß,genießen
genösse,genießen
genießt,genießen
genießt,genießen
subventioniere,subventionieren
subventionierte,subventionieren
subventioniert,subventionieren
subventionierst,subventionieren
subventioniere,subventionieren
subventionierte,subventionieren
subventioniert,subventionieren
subventioniert,subventionieren
empfange,empfangen
empfing,empfangen
empfangen,empfangen
empfängst,empfangen
empfange,empfangen
empfinge,empfangen
empfängt,empfangen
empfangt,empfangen
takle,takeln
takelte,takeln
getakelt,takeln
takelst,takeln
takle,takeln
takelte,takeln
takelt,takeln
takelt,takeln
lege auf,auflegen
legte auf,auflegen
aufgelegt,auflegen
legst auf,auflegen
leg auf,auflegen
legte auf,auflegen
legt auf,auflegen
legt auf,auflegen
pferche,pferchen
pferchte,pferchen
gepfercht,pferchen
pferchst,pferchen
pferch,pferchen
pferchte,pferchen
pfercht,pferchen
pfercht,pferchen
autografiere,autografieren
autografierte,autografieren
autografiert,autografieren
autografierst,autografieren
autografier,autografieren
autografierte,autografieren
autografiert,autografieren
autografiert,autografieren
sondiere,sondieren
sondierte,sondieren
sondiert,sondieren
sondierst,sondieren
sondiere,sondieren
sondierte,sondieren
sondiert,sondieren
sondiert,sondieren
schwitze an,anschwitzen
schwitzte an,anschwitzen
angeschwitzt,anschwitzen
schwitzt an,anschwitzen
schwitz an,anschwitzen
schwitzte an,anschwitzen
schwitzt an,anschwitzen
schwitzt an,anschwitzen
werfe hinein,hineinwerfen
warf hinein,hineinwerfen
hineingeworfen,hineinwerfen
wirfst hinein,hineinwerfen
wirf hinein,hineinwerfen
würfe hinein,hineinwerfen
wirft hinein,hineinwerfen
werft hinein,hineinwerfen
benütze,benützen
benützte,benützen
benützt,benützen
benützt,benützen
benütze,benützen
benützte,benützen
benützt,benützen
benützt,benützen
urteile,urteilen
urteilte,urteilen
geurteilt,urteilen
urteilst,urteilen
urteil,urteilen
urteilte,urteilen
urteilt,urteilen
urteilt,urteilen
linse,linsen
linste,linsen
gelinst,linsen
linst,linsen
lins,linsen
linste,linsen
linst,linsen
linst,linsen
kette los,losketten
kettete los,losketten
losgekettet,losketten
kettest los,losketten
kette los,losketten
kettete los,losketten
kettet los,losketten
kettet los,losketten
instigiere,instigieren
instigierte,instigieren
instigiert,instigieren
instigierst,instigieren
instigier,instigieren
instigierte,instigieren
instigiert,instigieren
instigiert,instigieren
schmuse,schmusen
schmuste,schmusen
geschmust,schmusen
schmust,schmusen
schmuse,schmusen
schmuste,schmusen
schmust,schmusen
schmust,schmusen
anastomosiere,anastomosieren
anastomosierte,anastomosieren
anastomosiert,anastomosieren
anastomosierst,anastomosieren
anastomosier,anastomosieren
anastomosierte,anastomosieren
anastomosiert,anastomosieren
anastomosiert,anastomosieren
kriminalisiere,kriminalisieren
kriminalisierte,kriminalisieren
kriminalisiert,kriminalisieren
kriminalisierst,kriminalisieren
kriminalisier,kriminalisieren
kriminalisierte,kriminalisieren
kriminalisiert,kriminalisieren
kriminalisiert,kriminalisieren
entwerte,entwerten
entwertete,entwerten
entwertet,entwerten
entwertest,entwerten
entwert,entwerten
entwertete,entwerten
entwertet,entwerten
entwertet,entwerten
mappe,mappen
mappte,mappen
gemappt,mappen
mappst,mappen
mappe,mappen
mappte,mappen
mappt,mappen
mappt,mappen
mute zu,zumuten
mutete zu,zumuten
zugemutet,zumuten
mutest zu,zumuten
mut zu,zumuten
mutete zu,zumuten
mutet zu,zumuten
mutet zu,zumuten
wetterleuchtete,wetterleuchten
gewetterleuchtet,wetterleuchten
wetterleuchtete,wetterleuchten
wetterleuchtet,wetterleuchten
fuhrwerke,fuhrwerken
fuhrwerkte,fuhrwerken
gefuhrwerkt,fuhrwerken
fuhrwerkst,fuhrwerken
fuhrwerk,fuhrwerken
fuhrwerkte,fuhrwerken
fuhrwerkt,fuhrwerken
fuhrwerkt,fuhrwerken
verfeme,verfemen
verfemte,verfemen
verfemt,verfemen
verfemst,verfemen
verfem,verfemen
verfemte,verfemen
verfemt,verfemen
verfemt,verfemen
stoppel,stoppeln
stoppelte,stoppeln
gestoppelt,stoppeln
stoppelst,stoppeln
stoppel,stoppeln
stoppelte,stoppeln
stoppelt,stoppeln
stoppelt,stoppeln
verschwimme,verschwimmen
verschwamm,verschwimmen
verschwommen,verschwimmen
verschwimmst,verschwimmen
verschwimme,verschwimmen
verschwömme,verschwimmen
verschwimmt,verschwimmen
verschwimmt,verschwimmen
veraase,veraasen
veraaste,veraasen
veraast,veraasen
veraast,veraasen
veraas,veraasen
veraaste,veraasen
veraast,veraasen
veraast,veraasen
kickboxe,kickboxen
kickboxte,kickboxen
gekickboxt,kickboxen
kickboxt,kickboxen
kickboxe,kickboxen
kickboxte,kickboxen
kickboxt,kickboxen
kickboxt,kickboxen
streame,streamen
streamte,streamen
gestreamt,streamen
streamst,streamen
stream,streamen
streamte,streamen
streamt,streamen
streamt,streamen
räuspere,räuspern
räusperte,räuspern
geräuspert,räuspern
räusperst,räuspern
räuspere,räuspern
räusperte,räuspern
räuspert,räuspern
räuspert,räuspern
hefte an,anheften
heftete an,anheften
angeheftet,anheften
heftest an,anheften
hefte an,anheften
heftete an,anheften
heftet an,anheften
heftet an,anheften
stinke,stinken
stank,stinken
gestunken,stinken
stinkst,stinken
stinke,stinken
stänke,stinken
stinkt,stinken
stinkt,stinken
revoziere,revozieren
revozierte,revozieren
revoziert,revozieren
revozierst,revozieren
revoziere,revozieren
revozierte,revozieren
revoziert,revozieren
revoziert,revozieren
bescheiße,bescheißen
beschiss,bescheißen
beschissen,bescheißen
bescheißt,bescheißen
bescheiße,bescheißen
beschisse,bescheißen
bescheißt,bescheißen
bescheißt,bescheißen
kämme,kämmen
kämmte,kämmen
gekämmt,kämmen
kämmst,kämmen
kämme,kämmen
kämmte,kämmen
kämmt,kämmen
kämmt,kämmen
shuka,shukan
shukate,shukan
geshukat,shukan
shukast,shukan
shuka,shukan
shukate,shukan
shukat,shukan
shukat,shukan
bläue ein,einbläuen
bläute ein,einbläuen
eingebläut,einbläuen
bläust ein,einbläuen
bläu ein,einbläuen
bläute ein,einbläuen
bläut ein,einbläuen
bläut ein,einbläuen
zerbätze,zerbätzen
<small>(zerbätzte)</small>,zerbätzen
zerbätzt,zerbätzen
zerbätzt,zerbätzen
zerbätze,zerbätzen
<small>(zerbätzte)</small>,zerbätzen
zerbätzt,zerbätzen
zerbätzt,zerbätzen
ermäßige,ermäßigen
ermäßigte,ermäßigen
ermäßigt,ermäßigen
ermäßigst,ermäßigen
ermäßig,ermäßigen
ermäßigte,ermäßigen
ermäßigt,ermäßigen
ermäßigt,ermäßigen
würdige,würdigen
würdigte,würdigen
gewürdigt,würdigen
würdigst,würdigen
würdig,würdigen
würdigte,würdigen
würdigt,würdigen
würdigt,würdigen
nachtete ein,einnachten
eingenachtet,einnachten
nachtete ein,einnachten
nachtet ein,einnachten
ramponiere,ramponieren
ramponierte,ramponieren
ramponiert,ramponieren
ramponierst,ramponieren
ramponier,ramponieren
ramponierte,ramponieren
ramponiert,ramponieren
ramponiert,ramponieren
bedauere,bedauern
bedauerte,bedauern
bedauert,bedauern
bedauerst,bedauern
bedauere,bedauern
bedauerte,bedauern
bedauert,bedauern
bedauert,bedauern
stiefle,stiefeln
stiefelte,stiefeln
gestiefelt,stiefeln
stiefelst,stiefeln
stiefle,stiefeln
stiefelte,stiefeln
stiefelt,stiefeln
stiefelt,stiefeln
verschrifte,verschriften
verschriftete,verschriften
verschriftet,verschriften
verschriftest,verschriften
verschrift,verschriften
verschriftete,verschriften
verschriftet,verschriften
verschriftet,verschriften
aerifiziere,aerifizieren
aerifizierte,aerifizieren
aerifiziert,aerifizieren
aerifizierst,aerifizieren
aerifizier,aerifizieren
aerifizierte,aerifizieren
aerifiziert,aerifizieren
aerifiziert,aerifizieren
seufze,seufzen
seufzte,seufzen
geseufzt,seufzen
seufzt,seufzen
seufz,seufzen
seufzte,seufzen
seufzt,seufzen
seufzt,seufzen
erschreibe,erschreiben
erschrieb,erschreiben
erschrieben,erschreiben
erschreibst,erschreiben
erschreib,erschreiben
erschriebe,erschreiben
erschreibt,erschreiben
erschreibt,erschreiben
texte,texten
textete,texten
getextet,texten
textest,texten
text,texten
textete,texten
textet,texten
textet,texten
creme,cremen
cremte,cremen
gecremt,cremen
cremst,cremen
creme,cremen
cremte,cremen
cremt,cremen
cremt,cremen
patche,patchen
patchte,patchen
gepatcht,patchen
patchst,patchen
patche,patchen
patchte,patchen
patcht,patchen
patcht,patchen
teile ein,einteilen
teilte ein,einteilen
eingeteilt,einteilen
teilst ein,einteilen
teil ein,einteilen
teilte ein,einteilen
teilt ein,einteilen
teilt ein,einteilen
zetere,zetern
zeterte,zetern
gezetert,zetern
zeterst,zetern
zetere,zetern
zeterte,zetern
zetert,zetern
zetert,zetern
schmeichle ein,einschmeicheln
schmeichelte ein,einschmeicheln
eingeschmeichelt,einschmeicheln
schmeichelst ein,einschmeicheln
schmeichle ein,einschmeicheln
schmeichelte ein,einschmeicheln
schmeichelt ein,einschmeicheln
schmeichelt ein,einschmeicheln
gere,geren
gerte,geren
gegert,geren
gerst,geren
gere,geren
gerte,geren
gert,geren
geret,geren
beköstige,beköstigen
beköstigte,beköstigen
beköstigt,beköstigen
beköstigst,beköstigen
beköstig,beköstigen
beköstigte,beköstigen
beköstigt,beköstigen
beköstigt,beköstigen
obse,obsen
obste,obsen
geobst,obsen
obst,obsen
obs,obsen
obste,obsen
obst,obsen
obst,obsen
morse,morsen
morste,morsen
gemorst,morsen
morst,morsen
morse,morsen
morste,morsen
morst,morsen
morst,morsen
ködere,ködern
köderte,ködern
geködert,ködern
köderst,ködern
ködere,ködern
köderte,ködern
ködert,ködern
ködert,ködern
mische,mischen
mischte,mischen
gemischt,mischen
mischst,mischen
misch,mischen
mischte,mischen
mischt,mischen
mischt,mischen
stichele,sticheln
stichelte,sticheln
gestichelt,sticheln
stichelst,sticheln
stichele,sticheln
stichelte,sticheln
stichelt,sticheln
stichelt,sticheln
schwimme,schwimmen
schwamm,schwimmen
geschwommen,schwimmen
schwimmst,schwimmen
schwimm,schwimmen
schwömme,schwimmen
schwimmt,schwimmen
schwimmt,schwimmen
hakle,hakeln
hakelte,hakeln
gehakelt,hakeln
hakelst,hakeln
hakel,hakeln
hakelte,hakeln
hakelt,hakeln
hakelt,hakeln
rektifiziere,rektifizieren
rektifizierte,rektifizieren
rektifiziert,rektifizieren
rektifizierst,rektifizieren
rektifizier,rektifizieren
rektifizierte,rektifizieren
rektifiziert,rektifizieren
rektifiziert,rektifizieren
bemühe herauf,heraufbemühen
bemühte herauf,heraufbemühen
heraufbemüht,heraufbemühen
bemühst herauf,heraufbemühen
bemüh herauf,heraufbemühen
bemühte herauf,heraufbemühen
bemüht herauf,heraufbemühen
bemüht herauf,heraufbemühen
evaluiere,evaluieren
evaluierte,evaluieren
evaluiert,evaluieren
evaluierst,evaluieren
evaluiere,evaluieren
evaluierte,evaluieren
evaluiert,evaluieren
evaluiert,evaluieren
verpacke,verpacken
verpackte,verpacken
verpackt,verpacken
verpackst,verpacken
verpacke,verpacken
verpackte,verpacken
verpackt,verpacken
verpackt,verpacken
azotiere,azotieren
azotierte,azotieren
azotiert,azotieren
azotierst,azotieren
azotier,azotieren
azotierte,azotieren
azotiert,azotieren
azotiert,azotieren
programmiere,programmieren
programmierte,programmieren
programmiert,programmieren
programmierst,programmieren
programmiere,programmieren
programmierte,programmieren
programmiert,programmieren
programmiert,programmieren
kapere,kapern
kaperte,kapern
gekapert,kapern
kaperst,kapern
kapere,kapern
kaperte,kapern
kapert,kapern
kapert,kapern
bequassele,bequasseln
bequasselte,bequasseln
bequasselt,bequasseln
bequasselst,bequasseln
bequassel,bequasseln
bequasselte,bequasseln
bequasselt,bequasseln
bequasselt,bequasseln
arriviere,arrivieren
arrivierte,arrivieren
arriviert,arrivieren
arrivierst,arrivieren
arrivier,arrivieren
arrivierte,arrivieren
arriviert,arrivieren
arriviert,arrivieren
erlebe,erleben
erlebte,erleben
erlebt,erleben
erlebst,erleben
erlebe,erleben
erlebte,erleben
erlebt,erleben
erlebt,erleben
giere,gieren
gierte,gieren
gegiert,gieren
gierst,gieren
giere,gieren
gierte,gieren
giert,gieren
giert,gieren
zergehe,zergehen
zerging,zergehen
zergangen,zergehen
zergehst,zergehen
zergeh,zergehen
zerginge,zergehen
zergeht,zergehen
zergeht,zergehen
befehle ab,abbefehlen
befahl ab,abbefehlen
abbefohlen,abbefehlen
befiehlst ab,abbefehlen
befiehl ab,abbefehlen
beföhle ab,abbefehlen
befiehlt ab,abbefehlen
befiehlt ab,abbefehlen
beaufsichtige,beaufsichtigen
beaufsichtigte,beaufsichtigen
beaufsichtigt,beaufsichtigen
beaufsichtigst,beaufsichtigen
beaufsichtig,beaufsichtigen
beaufsichtigte,beaufsichtigen
beaufsichtigt,beaufsichtigen
beaufsichtigt,beaufsichtigen
punktiere,punktieren
punktierte,punktieren
punktiert,punktieren
punktierst,punktieren
punktiere,punktieren
punktierte,punktieren
punktiert,punktieren
punktiert,punktieren
optimiere,optimieren
optimierte,optimieren
optimiert,optimieren
optimierst,optimieren
optimiere,optimieren
optimierte,optimieren
optimiert,optimieren
optimiert,optimieren
verpiesele,verpieseln
verpieselte,verpieseln
verpieselt,verpieseln
verpieselst,verpieseln
verpiesel,verpieseln
verpieselte,verpieseln
verpieselt,verpieseln
verpieselt,verpieseln
gammle,gammeln
gammelte,gammeln
gegammelt,gammeln
gammelst,gammeln
gammle,gammeln
gammelte,gammeln
gammelt,gammeln
gammelt,gammeln
schleuse,schleusen
schleuste,schleusen
geschleust,schleusen
schleust,schleusen
schleus,schleusen
schleuste,schleusen
schleust,schleusen
schleust,schleusen
belade,beladen
belud,beladen
beladen,beladen
belädst,beladen
belad,beladen
belüde,beladen
belädt,beladen
beladet,beladen
vergleiche,vergleichen
verglich,vergleichen
verglichen,vergleichen
vergleichst,vergleichen
vergleich,vergleichen
vergliche,vergleichen
vergleicht,vergleichen
vergleicht,vergleichen
disse,dissen
disste,dissen
gedisst,dissen
disst,dissen
disse,dissen
disste,dissen
disst,dissen
disst,dissen
schlecke,schlecken
schleckte,schlecken
geschleckt,schlecken
schleckst,schlecken
schleck,schlecken
schleckte,schlecken
schleckt,schlecken
schleckt,schlecken
vergälle,vergällen
vergällte,vergällen
vergällt,vergällen
vergällst,vergällen
vergäll,vergällen
vergällte,vergällen
vergällt,vergällen
vergällt,vergällen
sticke auf,aufsticken
stickte auf,aufsticken
aufgestickt,aufsticken
stickst auf,aufsticken
sticke auf,aufsticken
stickte auf,aufsticken
stickt auf,aufsticken
stickt auf,aufsticken
klappe,klappen
klappte,klappen
geklappt,klappen
klappst,klappen
klappe,klappen
klappte,klappen
klappt,klappen
klappt,klappen
reduziere,reduzieren
reduzierte,reduzieren
reduziert,reduzieren
reduzierst,reduzieren
reduziere,reduzieren
reduzierte,reduzieren
reduziert,reduzieren
reduziert,reduzieren
invadiere,invadieren
invadierte,invadieren
invadiert,invadieren
invadierst,invadieren
invadier,invadieren
invadierte,invadieren
invadiert,invadieren
invadiert,invadieren
verschrotte,verschrotten
verschrottete,verschrotten
verschrottet,verschrotten
verschrottest,verschrotten
verschrotte,verschrotten
verschrottete,verschrotten
verschrottet,verschrotten
verschrottet,verschrotten
gieße auf,aufgießen
goss auf,aufgießen
aufgegossen,aufgießen
gießt auf,aufgießen
gieß auf,aufgießen
gösse auf,aufgießen
gießt auf,aufgießen
gießt auf,aufgießen
kable,kabeln
kabelte,kabeln
gekabelt,kabeln
kabelst,kabeln
kabele,kabeln
kabelte,kabeln
kabelt,kabeln
kabelt,kabeln
entmythisiere,entmythisieren
entmythisierte,entmythisieren
entmythisiert,entmythisieren
entmythisierst,entmythisieren
entmythisier,entmythisieren
entmythisierte,entmythisieren
entmythisiert,entmythisieren
entmythisiert,entmythisieren
bördele,bördeln
bördelte,bördeln
gebördelt,bördeln
bördelst,bördeln
bördel,bördeln
bördelte,bördeln
bördelt,bördeln
bördelt,bördeln
knüpfe,knüpfen
knüpfte,knüpfen
geknüpft,knüpfen
knüpfst,knüpfen
knüpfe,knüpfen
knüpfte,knüpfen
knüpft,knüpfen
knüpft,knüpfen
beschäftige,beschäftigen
beschäftigte,beschäftigen
beschäftigt,beschäftigen
beschäftigst,beschäftigen
beschäftige,beschäftigen
beschäftigte,beschäftigen
beschäftigt,beschäftigen
beschäftigt,beschäftigen
sperre zu,zusperren
sperrte zu,zusperren
zugesperrt,zusperren
sperrst zu,zusperren
sperre zu,zusperren
sperrte zu,zusperren
sperrt zu,zusperren
sperrt zu,zusperren
feiere ab,abfeiern
feierte ab,abfeiern
abgefeiert,abfeiern
feierst ab,abfeiern
feier ab,abfeiern
feierte ab,abfeiern
feiert ab,abfeiern
feiert ab,abfeiern
kristallisiere,kristallisieren
kristallisierte,kristallisieren
kristallisiert,kristallisieren
kristallisierst,kristallisieren
kristallisier,kristallisieren
kristallisierte,kristallisieren
kristallisiert,kristallisieren
kristallisiert,kristallisieren
spinkse,spinksen
spinkste,spinksen
gespinkst,spinksen
spinkst,spinksen
spinkse,spinksen
spinkste,spinksen
spinkst,spinksen
spinkst,spinksen
tar,turren
torste,turren
geturst,turren
tarst,turren
törste,turren
tar,turren
kreditiere,kreditieren
kreditierte,kreditieren
kreditiert,kreditieren
kreditierst,kreditieren
kreditiere,kreditieren
kreditierte,kreditieren
kreditiert,kreditieren
kreditiert,kreditieren
kokse,koksen
kokste,koksen
gekokst,koksen
kokst,koksen
koks,koksen
kokste,koksen
kokst,koksen
kokst,koksen
morde hin,hinmorden
mordete hin,hinmorden
hingemordet,hinmorden
mordest hin,hinmorden
morde hin,hinmorden
mordete hin,hinmorden
mordet hin,hinmorden
mordet hin,hinmorden
kletter hoch,hochklettern
kletterte hoch,hochklettern
hochgeklettert,hochklettern
kletterst hoch,hochklettern
kletter hoch,hochklettern
kletterte hoch,hochklettern
klettert hoch,hochklettern
klettert hoch,hochklettern
spure,spuren
spurte,spuren
gespurt,spuren
spurst,spuren
spure,spuren
spurte,spuren
spurt,spuren
spurt,spuren
fahre ab,abfahren
fuhr ab,abfahren
abgefahren,abfahren
fährst ab,abfahren
fahre ab,abfahren
führe ab,abfahren
fährt ab,abfahren
fahrt ab,abfahren
dönere,dönern
dönerte,dönern
gedönert,dönern
dönerst,dönern
dönere,dönern
dönerte,dönern
dönert,dönern
dönert,dönern
protegiere,protegieren
protegierte,protegieren
protegiert,protegieren
protegierst,protegieren
protegiere,protegieren
protegierte,protegieren
protegiert,protegieren
protegiert,protegieren
tschalpe,tschalpen
tschalpte,tschalpen
getschalpt,tschalpen
tschalpst,tschalpen
tschalp,tschalpen
tschalpte,tschalpen
tschalpt,tschalpen
tschalpt,tschalpen
passe an,anpassen
passte an,anpassen
angepasst,anpassen
passt an,anpassen
pass an,anpassen
passte an,anpassen
passt an,anpassen
passt an,anpassen
degoutiere,degoutieren
degoutierte,degoutieren
degoutiert,degoutieren
degoutierst,degoutieren
degoutiere,degoutieren
degoutierte,degoutieren
degoutiert,degoutieren
degoutiert,degoutieren
flecke,flecken
fleckte,flecken
gefleckt,flecken
fleckst,flecken
fleck,flecken
fleckte,flecken
fleckt,flecken
fleckt,flecken
zweifle an,anzweifeln
zweifelte an,anzweifeln
angezweifelt,anzweifeln
zweifelst an,anzweifeln
zweifle an,anzweifeln
zweifelte an,anzweifeln
zweifelt an,anzweifeln
zweifelt an,anzweifeln
gewährleiste,gewährleisten
gewährleistete,gewährleisten
gewährleistet,gewährleisten
gewährleistest,gewährleisten
gewährleist,gewährleisten
gewährleistete,gewährleisten
gewährleistet,gewährleisten
gewährleistet,gewährleisten
stoße an,anstoßen
stieß an,anstoßen
angestoßen,anstoßen
stößt an,anstoßen
stoße an,anstoßen
stieße an,anstoßen
stößt an,anstoßen
stoßt an,anstoßen
instilliere,instillieren
instillierte,instillieren
instilliert,instillieren
instillierst,instillieren
instillier,instillieren
instillierte,instillieren
instilliert,instillieren
instilliert,instillieren
behafte,behaften
behaftete,behaften
behaftet,behaften
behaftest,behaften
behaft,behaften
behaftete,behaften
behaftet,behaften
behaftet,behaften
erglimme,erglimmen
erglomm,erglimmen
erglommen,erglimmen
erglimmst,erglimmen
erglimm,erglimmen
erglömme,erglimmen
erglimmt,erglimmen
erglimmt,erglimmen
gebrach,gebrechen
gebrochen,gebrechen
gebräche,gebrechen
gebricht,gebrechen
spate,spaten
spatete,spaten
gespatet,spaten
spatest,spaten
spat,spaten
spatete,spaten
spatet,spaten
spatet,spaten
bramarbasiere,bramarbasieren
bramarbasierte,bramarbasieren
bramarbasiert,bramarbasieren
bramarbasierst,bramarbasieren
bramarbasiere,bramarbasieren
bramarbasierte,bramarbasieren
bramarbasiert,bramarbasieren
bramarbasiert,bramarbasieren
spreche an,ansprechen
sprach an,ansprechen
angesprochen,ansprechen
sprichst an,ansprechen
sprich an,ansprechen
spräche an,ansprechen
spricht an,ansprechen
sprecht an,ansprechen
fühle nach,nachfühlen
fühlte nach,nachfühlen
nachgefühlt,nachfühlen
fühlst nach,nachfühlen
fühl nach,nachfühlen
fühlte nach,nachfühlen
fühlt nach,nachfühlen
fühlt nach,nachfühlen
krampfe,krampfen
krampfte,krampfen
gekrampft,krampfen
krampfst,krampfen
krampf,krampfen
krampfte,krampfen
krampft,krampfen
krampft,krampfen
bewillkommne,bewillkommnen
bewillkommnete,bewillkommnen
bewillkommnet,bewillkommnen
bewillkommnest,bewillkommnen
bewillkommne,bewillkommnen
bewillkommnete,bewillkommnen
bewillkommnet,bewillkommnen
bewillkommnet,bewillkommnen
vollführe,vollführen
vollführte,vollführen
vollführt,vollführen
vollführst,vollführen
vollführe,vollführen
vollführte,vollführen
vollführt,vollführen
vollführt,vollführen
verdanke,verdanken
verdankte,verdanken
verdankt,verdanken
verdankst,verdanken
verdank,verdanken
verdankte,verdanken
verdankt,verdanken
verdankt,verdanken
gruppiere,gruppieren
gruppierte,gruppieren
gruppiert,gruppieren
gruppierst,gruppieren
gruppier,gruppieren
gruppierte,gruppieren
gruppiert,gruppieren
gruppiert,gruppieren
intoniere,intonieren
intonierte,intonieren
intoniert,intonieren
intonierst,intonieren
intoniere,intonieren
intonierte,intonieren
intoniert,intonieren
intoniert,intonieren
bedufte,beduften
beduftete,beduften
beduftet,beduften
beduftest,beduften
beduft,beduften
beduftete,beduften
beduftet,beduften
beduftet,beduften
retiriere,retirieren
retirierte,retirieren
retiriert,retirieren
retirierst,retirieren
retirier,retirieren
retirierte,retirieren
retiriert,retirieren
retiriert,retirieren
litere aus,auslitern
literte aus,auslitern
ausgelitert,auslitern
literst aus,auslitern
litere aus,auslitern
literte aus,auslitern
litert aus,auslitern
litert aus,auslitern
unterlege,unterlegen
unterlegte,unterlegen
unterlegt,unterlegen
unterlegst,unterlegen
unterlege,unterlegen
unterlegte,unterlegen
unterlegt,unterlegen
unterlegt,unterlegen
erliege,erliegen
erlag,erliegen
erlegen,erliegen
erliegst,erliegen
erlieg,erliegen
erläge,erliegen
erliegt,erliegen
erliegt,erliegen
kompostiere,kompostieren
kompostierte,kompostieren
kompostiert,kompostieren
kompostierst,kompostieren
kompostier,kompostieren
kompostierte,kompostieren
kompostiert,kompostieren
kompostiert,kompostieren
absolviere,absolvieren
absolvierte,absolvieren
absolviert,absolvieren
absolvierst,absolvieren
absolviere,absolvieren
absolvierte,absolvieren
absolviert,absolvieren
absolviert,absolvieren
verunglücke,verunglücken
verunglückte,verunglücken
verunglückt,verunglücken
verunglückst,verunglücken
verunglück,verunglücken
verunglückte,verunglücken
verunglückt,verunglücken
verunglückt,verunglücken
mariniere,marinieren
marinierte,marinieren
mariniert,marinieren
marinierst,marinieren
marinier,marinieren
marinierte,marinieren
mariniert,marinieren
mariniert,marinieren
springe umhin,umhinspringen
<small>(sprang umhin)</small>,umhinspringen
umhingesprungen,umhinspringen
springst umhin,umhinspringen
springe umhin,umhinspringen
<small>(spränge umhin)</small>,umhinspringen
springt umhin,umhinspringen
springt umhin,umhinspringen
bohnere,bohnern
bohnerte,bohnern
gebohnert,bohnern
bohnerst,bohnern
bohner,bohnern
bohnerte,bohnern
bohnert,bohnern
bohnert,bohnern
säe aus,aussäen
säte aus,aussäen
ausgesät,aussäen
säst aus,aussäen
sä aus,aussäen
säte aus,aussäen
sät aus,aussäen
sät aus,aussäen
elidiere,elidieren
elidierte,elidieren
elidiert,elidieren
elidierst,elidieren
elidier,elidieren
elidierte,elidieren
elidiert,elidieren
elidiert,elidieren
operationalisiere,operationalisieren
operationalisierte,operationalisieren
operationalisiert,operationalisieren
operationalisierst,operationalisieren
operationalisiere,operationalisieren
operationalisierte,operationalisieren
operationalisiert,operationalisieren
operationalisiert,operationalisieren
blase weg,wegblasen
blies weg,wegblasen
weggeblasen,wegblasen
bläst weg,wegblasen
blas weg,wegblasen
bliese weg,wegblasen
bläst weg,wegblasen
blast weg,wegblasen
balle zusammen,zusammenballen
ballte zusammen,zusammenballen
zusammengeballt,zusammenballen
ballst zusammen,zusammenballen
ball zusammen,zusammenballen
ballte zusammen,zusammenballen
ballt zusammen,zusammenballen
ballt zusammen,zusammenballen
diffamiere,diffamieren
diffamierte,diffamieren
diffamiert,diffamieren
diffamierst,diffamieren
diffamier,diffamieren
diffamierte,diffamieren
diffamiert,diffamieren
diffamiert,diffamieren
leere,leeren
leerte,leeren
geleert,leeren
leerst,leeren
leere,leeren
leerte,leeren
leert,leeren
leert,leeren
wurste,wursten
wurstete,wursten
gewurstet,wursten
wurstest,wursten
wurste,wursten
wurstete,wursten
wurstet,wursten
wurstet,wursten
erfliege,erfliegen
erflog,erfliegen
erflogen,erfliegen
erfliegst,erfliegen
erflieg,erfliegen
erflöge,erfliegen
erfliegt,erfliegen
erfliegt,erfliegen
schraube,schrauben
schraubte,schrauben
geschraubt,schrauben
schraubst,schrauben
schraube,schrauben
schraubte,schrauben
schraubt,schrauben
schraubt,schrauben
zwecke,zwecken
zweckte,zwecken
gezweckt,zwecken
zweckst,zwecken
zweck,zwecken
zweckte,zwecken
zweckt,zwecken
zweckt,zwecken
erfreche,erfrechen
erfrechte,erfrechen
erfrecht,erfrechen
erfrechst,erfrechen
erfrech,erfrechen
erfrechte,erfrechen
erfrecht,erfrechen
erfrecht,erfrechen
komme zurecht,zurechtkommen
kam zurecht,zurechtkommen
zurechtgekommen,zurechtkommen
kommst zurecht,zurechtkommen
komme zurecht,zurechtkommen
käme zurecht,zurechtkommen
kommt zurecht,zurechtkommen
kommt zurecht,zurechtkommen
quetsche,quetschen
quetschte,quetschen
gequetscht,quetschen
quetschst,quetschen
quetsch,quetschen
quetschte,quetschen
quetscht,quetschen
quetscht,quetschen
ertränke,ertränken
ertränkte,ertränken
ertränkt,ertränken
ertränkst,ertränken
ertränke,ertränken
ertränkte,ertränken
ertränkt,ertränken
ertränkt,ertränken
veranschlage,veranschlagen
veranschlagte,veranschlagen
veranschlagt,veranschlagen
veranschlagst,veranschlagen
veranschlag,veranschlagen
veranschlagte,veranschlagen
veranschlagt,veranschlagen
veranschlagt,veranschlagen
segle,segeln
segelte,segeln
gesegelt,segeln
segelst,segeln
segle,segeln
segelte,segeln
segelt,segeln
segelt,segeln
texte an,antexten
textete an,antexten
angetextet,antexten
textest an,antexten
texte an,antexten
textete an,antexten
textet an,antexten
textet an,antexten
fasse an,anfassen
fasste an,anfassen
angefasst,anfassen
fasst an,anfassen
fasse an,anfassen
fasste an,anfassen
fasst an,anfassen
fasst an,anfassen
eile,eilen
eilte,eilen
geeilt,eilen
eilst,eilen
eile,eilen
eilte,eilen
eilt,eilen
eilt,eilen
ersteche,erstechen
erstach,erstechen
erstochen,erstechen
erstichst,erstechen
erstich,erstechen
erstäche,erstechen
ersticht,erstechen
erstecht,erstechen
gehe über,übergehen
ging über,übergehen
übergegangen,übergehen
gehst über,übergehen
geh über,übergehen
ginge über,übergehen
geht über,übergehen
geht über,übergehen
verderbe,verderben
verdarb,verderben
verdorben,verderben
verdirbst,verderben
verdirb,verderben
verdürbe,verderben
verdirbt,verderben
verderbt,verderben
elaboriere,elaborieren
elaborierte,elaborieren
elaboriert,elaborieren
elaborierst,elaborieren
elaborier,elaborieren
elaborierte,elaborieren
elaboriert,elaborieren
elaboriert,elaborieren
besaite,besaiten
besaitete,besaiten
besaitet,besaiten
besaitest,besaiten
besait,besaiten
besaitete,besaiten
besaitet,besaiten
besaitet,besaiten
hamburgere,hamburgern
hamburgerte,hamburgern
gehamburgert,hamburgern
hamburgerst,hamburgern
hamburger,hamburgern
hamburgerte,hamburgern
hamburgert,hamburgern
hamburgert,hamburgern
vibriere,vibrieren
vibrierte,vibrieren
vibriert,vibrieren
vibrierst,vibrieren
vibriere,vibrieren
vibrierte,vibrieren
vibriert,vibrieren
vibriert,vibrieren
erbelle,erbellen
erbellte,erbellen
erbellt,erbellen
erbellst,erbellen
erbell,erbellen
erbellte,erbellen
erbellt,erbellen
erbellt,erbellen
mache durch,durchmachen
machte durch,durchmachen
durchgemacht,durchmachen
machst durch,durchmachen
mach durch,durchmachen
machte durch,durchmachen
macht durch,durchmachen
macht durch,durchmachen
befehlige,befehligen
befehligte,befehligen
befehligt,befehligen
befehligst,befehligen
befehlig,befehligen
befehligte,befehligen
befehligt,befehligen
befehligt,befehligen
interpoliere,interpolieren
interpolierte,interpolieren
interpoliert,interpolieren
interpolierst,interpolieren
interpolier,interpolieren
interpolierte,interpolieren
interpoliert,interpolieren
interpoliert,interpolieren
entmanne,entmannen
entmannte,entmannen
entmannt,entmannen
entmannst,entmannen
entmann,entmannen
entmannte,entmannen
entmannt,entmannen
entmannt,entmannen
hebe an,anheben
hob an,anheben
angehoben,anheben
hebst an,anheben
heb an,anheben
höbe an,anheben
hebt an,anheben
hebt an,anheben
spiele auf,aufspielen
spielte auf,aufspielen
aufgespielt,aufspielen
spielst auf,aufspielen
spiele auf,aufspielen
spielte auf,aufspielen
spielt auf,aufspielen
spielt auf,aufspielen
betropfe,betropfen
betropfte,betropfen
betropft,betropfen
betropfst,betropfen
betropf,betropfen
betropfte,betropfen
betropft,betropfen
betropft,betropfen
abrogiere,abrogieren
abrogierte,abrogieren
abrogiert,abrogieren
abrogierst,abrogieren
abrogier,abrogieren
abrogierte,abrogieren
abrogiert,abrogieren
abrogiert,abrogieren
setze frei,freisetzen
setzte frei,freisetzen
freigesetzt,freisetzen
setzt frei,freisetzen
setz frei,freisetzen
setzte frei,freisetzen
setzt frei,freisetzen
setzt frei,freisetzen
kreise ein,einkreisen
kreiste ein,einkreisen
eingekreist,einkreisen
kreist ein,einkreisen
kreis ein,einkreisen
kreiste ein,einkreisen
kreist ein,einkreisen
kreist ein,einkreisen
äpfele,äpfeln
äpfelte,äpfeln
geäpfelt,äpfeln
äpfelst,äpfeln
äpfle,äpfeln
äpfelte,äpfeln
äpfelt,äpfeln
äpfelt,äpfeln
schneibe,schneiben
<small>(schneibte)</small>,schneiben
geschnieben,schneiben
schneibst,schneiben
schneibe,schneiben
<small>(schneibte)</small>,schneiben
schneibt,schneiben
schneibt,schneiben
bespotte,bespotten
bespottete,bespotten
bespottet,bespotten
bespottest,bespotten
bespott,bespotten
bespottete,bespotten
bespottet,bespotten
bespottet,bespotten
kringele,kringeln
kringelte,kringeln
gekringelt,kringeln
kringelst,kringeln
kringel,kringeln
kringelte,kringeln
kringelt,kringeln
kringelt,kringeln
stocke,stocken
stockte,stocken
gestockt,stocken
stockst,stocken
stock,stocken
stockte,stocken
stockt,stocken
stockt,stocken
pauke,pauken
paukte,pauken
gepaukt,pauken
paukst,pauken
pauk,pauken
paukte,pauken
paukt,pauken
paukt,pauken
verunstalte,verunstalten
verunstaltete,verunstalten
verunstaltet,verunstalten
verunstaltest,verunstalten
verunstalt,verunstalten
verunstaltete,verunstalten
verunstaltet,verunstalten
verunstaltet,verunstalten
opfere,opfern
opferte,opfern
geopfert,opfern
opferst,opfern
opfere,opfern
opferte,opfern
opfert,opfern
opfert,opfern
fange ab,abfangen
fing ab,abfangen
abgefangen,abfangen
fängst ab,abfangen
fange ab,abfangen
finge ab,abfangen
fängt ab,abfangen
fangt ab,abfangen
richte aus,ausrichten
richtete aus,ausrichten
ausgerichtet,ausrichten
richtest aus,ausrichten
richte aus,ausrichten
richtete aus,ausrichten
richtet aus,ausrichten
richtet aus,ausrichten
simplifiziere,simplifizieren
simplifizierte,simplifizieren
simplifiziert,simplifizieren
simplifizierst,simplifizieren
simplifiziere,simplifizieren
simplifizierte,simplifizieren
simplifiziert,simplifizieren
simplifiziert,simplifizieren
schürfe,schürfen
schürfte,schürfen
geschürft,schürfen
schürfst,schürfen
schürf,schürfen
schürfte,schürfen
schürft,schürfen
schürft,schürfen
vermische,vermischen
vermischte,vermischen
vermischt,vermischen
vermischst,vermischen
vermische,vermischen
vermischte,vermischen
vermischt,vermischen
vermischt,vermischen
erwünsche,erwünschen
erwünschte,erwünschen
erwünscht,erwünschen
erwünschst,erwünschen
erwünsch,erwünschen
erwünschte,erwünschen
erwünscht,erwünschen
erwünscht,erwünschen
spioniere hinterher,hinterherspionieren
spionierte hinterher,hinterherspionieren
hinterherspioniert,hinterherspionieren
spionierst hinterher,hinterherspionieren
spionier hinterher,hinterherspionieren
spionierte hinterher,hinterherspionieren
spioniert hinterher,hinterherspionieren
spioniert hinterher,hinterherspionieren
beleumde,beleumden
beleumdete,beleumden
beleumundet,beleumden
beleumdest,beleumden
beleumde,beleumden
beleumdete,beleumden
beleumdet,beleumden
beleumdet,beleumden
elektrifiziere,elektrifizieren
elektrifizierte,elektrifizieren
elektrifiziert,elektrifizieren
elektrifizierst,elektrifizieren
elektrifiziere,elektrifizieren
elektrifizierte,elektrifizieren
elektrifiziert,elektrifizieren
elektrifiziert,elektrifizieren
dödel herum,herumdödeln
dödelte herum,herumdödeln
herumgedödelt,herumdödeln
dödelst herum,herumdödeln
dödel herum,herumdödeln
dödelte herum,herumdödeln
dödelt herum,herumdödeln
dödelt herum,herumdödeln
ordne zu,zuordnen
ordnete zu,zuordnen
zugeordnet,zuordnen
ordnest zu,zuordnen
ordne zu,zuordnen
ordnete zu,zuordnen
ordnet zu,zuordnen
ordnet zu,zuordnen
verprasse,verprassen
verprasste,verprassen
verprasst,verprassen
verprasst,verprassen
verprass,verprassen
verprasste,verprassen
verprasst,verprassen
verprasst,verprassen
missglücke,missglücken
missglückte,missglücken
missglückt,missglücken
missglückst,missglücken
missglücke,missglücken
missglückte,missglücken
missglückt,missglücken
missglückt,missglücken
koordiniere,koordinieren
koordinierte,koordinieren
koordiniert,koordinieren
koordinierst,koordinieren
koordiniere,koordinieren
koordinierte,koordinieren
koordiniert,koordinieren
koordiniert,koordinieren
schreibe vor,vorschreiben
schrieb vor,vorschreiben
vorgeschrieben,vorschreiben
schreibst vor,vorschreiben
schreib vor,vorschreiben
schriebe vor,vorschreiben
schreibt vor,vorschreiben
schreibt vor,vorschreiben
triggere,triggern
triggerte,triggern
getriggert,triggern
triggerst,triggern
trigger,triggern
triggerte,triggern
triggert,triggern
triggert,triggern
assoziiere,assoziieren
assoziierte,assoziieren
assoziiert,assoziieren
assoziierst,assoziieren
assoziiere,assoziieren
assoziierte,assoziieren
assoziiert,assoziieren
assoziiert,assoziieren
krickel,krickeln
krickelte,krickeln
gekrickelt,krickeln
krickelst,krickeln
krickel,krickeln
krickelte,krickeln
krickelt,krickeln
krickelt,krickeln
rufe,rufen
rief,rufen
gerufen,rufen
rufst,rufen
rufe,rufen
riefe,rufen
ruft,rufen
ruft,rufen
räubere,räubern
räuberte,räubern
geräubert,räubern
räuberst,räubern
räuber,räubern
räuberte,räubern
räubert,räubern
räubert,räubern
konkurriere,konkurrieren
konkurrierte,konkurrieren
konkurriert,konkurrieren
konkurrierst,konkurrieren
konkurriere,konkurrieren
konkurrierte,konkurrieren
konkurriert,konkurrieren
konkurriert,konkurrieren
niete um,umnieten
nietete um,umnieten
umgenietet,umnieten
nietest um,umnieten
niet um,umnieten
nietete um,umnieten
nietet um,umnieten
nietet um,umnieten
lag nahe,naheliegen
nahegelegen,naheliegen
läge nahe,naheliegen
liegt nahe,naheliegen
lasse frei,frei lassen
ließ frei,frei lassen
frei gelassen,frei lassen
lässt frei,frei lassen
lasse frei,frei lassen
ließe frei,frei lassen
lässt frei,frei lassen
lässt frei,frei lassen
falliere,fallieren
fallierte,fallieren
falliert,fallieren
fallierst,fallieren
falliere,fallieren
fallierte,fallieren
falliert,fallieren
falliert,fallieren
behelfe,behelfen
behalf,behelfen
beholfen,behelfen
behilfst,behelfen
behilf,behelfen
behülfe,behelfen
behilft,behelfen
behelft,behelfen
coloriere,colorieren
colorierte,colorieren
coloriert,colorieren
colorierst,colorieren
coloriere,colorieren
colorierte,colorieren
coloriert,colorieren
coloriert,colorieren
schlabbere,schlabbern
schlabberte,schlabbern
geschlabbert,schlabbern
schlabberst,schlabbern
schlabber,schlabbern
schlabberte,schlabbern
schlabbert,schlabbern
schlabbert,schlabbern
beschirme,beschirmen
beschirmte,beschirmen
beschirmt,beschirmen
beschirmst,beschirmen
beschirm,beschirmen
beschirmte,beschirmen
beschirmt,beschirmen
beschirmt,beschirmen
zermürbe,zermürben
zermürbte,zermürben
zermürbt,zermürben
zermürbst,zermürben
zermürb,zermürben
zermürbte,zermürben
zermürbt,zermürben
zermürbt,zermürben
zahle zurück,zurückzahlen
zahlte zurück,zurückzahlen
zurückgezahlt,zurückzahlen
zahlst zurück,zurückzahlen
zahl zurück,zurückzahlen
zahlt zurück,zurückzahlen
zahlt zurück,zurückzahlen
zahlt zurück,zurückzahlen
diagnostiziere,diagnostizieren
diagnostizierte,diagnostizieren
diagnostiziert,diagnostizieren
diagnostizierst,diagnostizieren
diagnostiziere,diagnostizieren
diagnostizierte,diagnostizieren
diagnostiziert,diagnostizieren
diagnostiziert,diagnostizieren
nehme mit,mitnehmen
nahm mit,mitnehmen
mitgenommen,mitnehmen
nimmst mit,mitnehmen
nimm mit,mitnehmen
nähme mit,mitnehmen
nimmt mit,mitnehmen
nehmt mit,mitnehmen
bürde auf,aufbürden
bürdete auf,aufbürden
aufgebürdet,aufbürden
bürdest auf,aufbürden
bürd auf,aufbürden
bürdete auf,aufbürden
bürdet auf,aufbürden
bürdet auf,aufbürden
spreche,sprechen
sprach,sprechen
gesprochen,sprechen
sprichst,sprechen
sprich,sprechen
spräche,sprechen
spricht,sprechen
sprecht,sprechen
gebe ein,eingeben
gab ein,eingeben
eingegeben,eingeben
gibst ein,eingeben
gib ein,eingeben
gäbe ein,eingeben
gibt ein,eingeben
gebt ein,eingeben
beharre,beharren
beharrte,beharren
beharrt,beharren
beharrst,beharren
beharre,beharren
beharrte,beharren
beharrt,beharren
beharrt,beharren
bestrafe,bestrafen
bestrafte,bestrafen
bestraft,bestrafen
bestrafst,bestrafen
bestrafe,bestrafen
bestrafte,bestrafen
bestraft,bestrafen
bestraft,bestrafen
knacke,knacken
knackte,knacken
geknackt,knacken
knackst,knacken
knack,knacken
knackte,knacken
knackt,knacken
knackt,knacken
behalte ab,abbehalten
behielt ab,abbehalten
abbehalten,abbehalten
behältst ab,abbehalten
behalte ab,abbehalten
behielte ab,abbehalten
behält ab,abbehalten
behaltet ab,abbehalten
scheuche auf,aufscheuchen
scheuchte auf,aufscheuchen
aufgescheucht,aufscheuchen
scheuchst auf,aufscheuchen
scheuch auf,aufscheuchen
scheuchte auf,aufscheuchen
scheucht auf,aufscheuchen
scheucht auf,aufscheuchen
verschütte,verschütten
verschüttete,verschütten
verschüttet,verschütten
verschüttest,verschütten
verschütt,verschütten
verschüttete,verschütten
verschüttet,verschütten
verschüttet,verschütten
bevorschusse,bevorschussen
bevorschusste,bevorschussen
bevorschusst,bevorschussen
bevorschusst,bevorschussen
bevorschuss,bevorschussen
bevorschusste,bevorschussen
bevorschusst,bevorschussen
bevorschusst,bevorschussen
zocke ab,abzocken
zockte ab,abzocken
abgezockt,abzocken
zockst ab,abzocken
zocke ab,abzocken
zockte ab,abzocken
zockt ab,abzocken
zockt ab,abzocken
schauere,schauern
schauerte,schauern
geschauert,schauern
schauerst,schauern
schauer,schauern
schauerte,schauern
schauert,schauern
schauert,schauern
mahne ein,einmahnen
mahnte ein,einmahnen
eingemahnt,einmahnen
mahnst ein,einmahnen
mahne ein,einmahnen
mahnte ein,einmahnen
mahnt ein,einmahnen
mahnt ein,einmahnen
wälze,wälzen
wälzte,wälzen
gewälzt,wälzen
wälzt,wälzen
wälze,wälzen
wälzte,wälzen
wälzt,wälzen
wälzt,wälzen
strauchele,straucheln
strauchelte,straucheln
gestrauchelt,straucheln
strauchelst,straucheln
strauchle,straucheln
strauchelte,straucheln
strauchelt,straucheln
strauchelt,straucheln
veralte,veralten
veraltete,veralten
veraltet,veralten
veraltest,veralten
veralte,veralten
veraltete,veralten
veraltet,veralten
veraltet,veralten
etabliere,etablieren
etablierte,etablieren
etabliert,etablieren
etablierst,etablieren
etablier,etablieren
etablierte,etablieren
etabliert,etablieren
etabliert,etablieren
mutiere,mutieren
mutierte,mutieren
mutiert,mutieren
mutierst,mutieren
mutier,mutieren
mutierte,mutieren
mutiert,mutieren
mutiert,mutieren
dusele,duseln
duselte,duseln
geduselt,duseln
duselst,duseln
dusel,duseln
duselte,duseln
duselt,duseln
duselt,duseln
drifte ab,abdriften
driftete ab,abdriften
abgedriftet,abdriften
driftest ab,abdriften
drift ab,abdriften
driftete ab,abdriften
driftet ab,abdriften
driftet ab,abdriften
äugele,äugeln
äugelte,äugeln
geäugelt,äugeln
äugelst,äugeln
äugel,äugeln
äugelte,äugeln
äugelt,äugeln
äugelt,äugeln
beabsichtige,beabsichtigen
beabsichtigte,beabsichtigen
beabsichtigt,beabsichtigen
beabsichtigst,beabsichtigen
beabsichtige,beabsichtigen
beabsichtigte,beabsichtigen
beabsichtigt,beabsichtigen
beabsichtigt,beabsichtigen
hebe hoch,hochheben
hob hoch,hochheben
hochgehoben,hochheben
hebst hoch,hochheben
heb hoch,hochheben
höbe hoch,hochheben
hebt hoch,hochheben
hebt hoch,hochheben
veröffentliche,veröffentlichen
veröffentlichte,veröffentlichen
veröffentlicht,veröffentlichen
veröffentlichst,veröffentlichen
veröffentlich,veröffentlichen
veröffentlichte,veröffentlichen
veröffentlicht,veröffentlichen
veröffentlicht,veröffentlichen
entlocke,entlocken
entlockte,entlocken
entlockt,entlocken
entlockst,entlocken
entlock,entlocken
entlockte,entlocken
entlockt,entlocken
entlockt,entlocken
rädere,rädern
räderte,rädern
gerädert,rädern
räderst,rädern
räder,rädern
räderte,rädern
rädert,rädern
rädert,rädern
löte,löten
lötete,löten
gelötet,löten
lötest,löten
löte,löten
lötete,löten
lötet,löten
lötet,löten
schreibe klein,kleinschreiben
schrieb klein,kleinschreiben
kleingeschrieben,kleinschreiben
schreibst klein,kleinschreiben
schreib klein,kleinschreiben
schriebe klein,kleinschreiben
schreibt klein,kleinschreiben
schreibt klein,kleinschreiben
bedecke,bedecken
bedeckte,bedecken
bedeckt,bedecken
bedeckst,bedecken
bedecke,bedecken
bedeckte,bedecken
bedeckt,bedecken
bedeckt,bedecken
pumpere,pumpern
pumperte,pumpern
gepumpert,pumpern
pumperst,pumpern
pumper,pumpern
pumperte,pumpern
pumpert,pumpern
pumpert,pumpern
lebe zusammen,zusammenleben
lebte zusammen,zusammenleben
zusammengelebt,zusammenleben
lebst zusammen,zusammenleben
leb zusammen,zusammenleben
lebte zusammen,zusammenleben
lebt zusammen,zusammenleben
lebt zusammen,zusammenleben
trotze,trotzen
trotzte,trotzen
getrotzt,trotzen
trotzt,trotzen
trotze,trotzen
trotzte,trotzen
trotzt,trotzen
trotzt,trotzen
ecke an,anecken
eckte an,anecken
angeeckt,anecken
eckst an,anecken
ecke an,anecken
eckte an,anecken
eckt an,anecken
eckt an,anecken
sträube,sträuben
sträubte,sträuben
gesträubt,sträuben
sträubst,sträuben
sträub,sträuben
sträubte,sträuben
sträubt,sträuben
sträubt,sträuben
konspektiere,konspektieren
konspektierte,konspektieren
konspektiert,konspektieren
konspektierst,konspektieren
konspektier,konspektieren
konspektierte,konspektieren
konspektiert,konspektieren
konspektiert,konspektieren
erweiche,erweichen
erweichte,erweichen
erweicht,erweichen
erweichst,erweichen
erweich,erweichen
erweichte,erweichen
erweicht,erweichen
erweicht,erweichen
traktandiere,traktandieren
traktandierte,traktandieren
traktandiert,traktandieren
traktandierst,traktandieren
traktandier,traktandieren
traktandierte,traktandieren
traktandiert,traktandieren
traktandiert,traktandieren
bestifte,bestiften
bestiftete,bestiften
bestiftet,bestiften
bestiftest,bestiften
bestift,bestiften
bestiftete,bestiften
bestiftet,bestiften
bestiftet,bestiften
versuche,versuchen
versuchte,versuchen
versucht,versuchen
versuchst,versuchen
versuche,versuchen
versuchte,versuchen
versucht,versuchen
versucht,versuchen
kassibere,kassibern
kassiberte,kassibern
kassibert,kassibern
kassiberst,kassibern
kassibere,kassibern
kassiberte,kassibern
kassibert,kassibern
kassibert,kassibern
vergehe,vergehen
verging,vergehen
vergangen,vergehen
vergehst,vergehen
vergehe,vergehen
verginge,vergehen
vergeht,vergehen
vergeht,vergehen
merke,merken
merkte,merken
gemerkt,merken
merkst,merken
merke,merken
merkte,merken
merkt,merken
merkt,merken
knie hin,hinknien
kniete hin,hinknien
hingekniet,hinknien
kniest hin,hinknien
knie hin,hinknien
kniete hin,hinknien
kniet hin,hinknien
kniet hin,hinknien
gehe durch,durchgehen
ging durch,durchgehen
durchgegangen,durchgehen
gehst durch,durchgehen
geh durch,durchgehen
ginge durch,durchgehen
geht durch,durchgehen
geht durch,durchgehen
schnetzele,schnetzeln
schnetzelte,schnetzeln
geschnetzelt,schnetzeln
schnetzelst,schnetzeln
schnetzel,schnetzeln
schnetzelte,schnetzeln
schnetzelt,schnetzeln
schnetzelt,schnetzeln
bummle herum,herumbummeln
bummelte herum,herumbummeln
herumgebummelt,herumbummeln
bummelst herum,herumbummeln
bummel herum,herumbummeln
bummelte herum,herumbummeln
bummelt herum,herumbummeln
bummelt herum,herumbummeln
pinge an,anpingen
pingte an,anpingen
angepingt,anpingen
pingst an,anpingen
ping an,anpingen
pingte an,anpingen
pingt an,anpingen
pingt an,anpingen
klötere,klötern
klöterte,klötern
geklötert,klötern
klöterst,klötern
klöter,klötern
klöterte,klötern
klötert,klötern
klötert,klötern
erziele,erzielen
erzielte,erzielen
erzielt,erzielen
erzielst,erzielen
erziele,erzielen
erzielte,erzielen
erzielt,erzielen
erzielt,erzielen
rage,ragen
ragte,ragen
geragt,ragen
ragst,ragen
rag,ragen
ragte,ragen
ragt,ragen
ragt,ragen
versteigere,versteigern
versteigerte,versteigern
versteigert,versteigern
versteigerst,versteigern
versteigere,versteigern
versteigerte,versteigern
versteigert,versteigern
versteigert,versteigern
spachte,spachen
gespacht,spachen
spachte,spachen
spacht,spachen
flüstere,flüstern
flüsterte,flüstern
geflüstert,flüstern
flüsterst,flüstern
flüstere,flüstern
flüsterte,flüstern
flüstert,flüstern
flüstert,flüstern
zerschneide,zerschneiden
zerschnitt,zerschneiden
zerschnitten,zerschneiden
zerschneidest,zerschneiden
zerschneide,zerschneiden
zerschnitte,zerschneiden
zerschneidet,zerschneiden
zerschneidet,zerschneiden
klappere,klappern
klapperte,klappern
geklappert,klappern
klapperst,klappern
klappere,klappern
klapperte,klappern
klappert,klappern
klappert,klappern
erheirate,erheiraten
erheiratete,erheiraten
erheiratet,erheiraten
erheiratest,erheiraten
erheirat,erheiraten
erheiratete,erheiraten
erheiratet,erheiraten
erheiratet,erheiraten
rausche,rauschen
rauschte,rauschen
gerauscht,rauschen
rauschst,rauschen
rausche,rauschen
rauschte,rauschen
rauscht,rauschen
rauscht,rauschen
blade,bladen
bladete,bladen
gebladet,bladen
bladest,bladen
blade,bladen
bladete,bladen
bladet,bladen
bladet,bladen
rotte,rotten
rottete,rotten
gerottet,rotten
rottest,rotten
rotte,rotten
rottete,rotten
rottet,rotten
rottet,rotten
deputiere,deputieren
deputierte,deputieren
deputiert,deputieren
deputierst,deputieren
deputiere,deputieren
deputierte,deputieren
deputiert,deputieren
deputiert,deputieren
schiffe aus,ausschiffen
schiffte aus,ausschiffen
ausgeschifft,ausschiffen
schiffst aus,ausschiffen
schiffe aus,ausschiffen
schiffte aus,ausschiffen
schifft aus,ausschiffen
schifft aus,ausschiffen
erschmelze,erschmelzen
erschmolz,erschmelzen
erschmolzen,erschmelzen
erschmilzt,erschmelzen
erschmilz,erschmelzen
erschmölze,erschmelzen
erschmilzt,erschmelzen
erschmelzt,erschmelzen
bekrieche,bekriechen
bekroch,bekriechen
bekrochen,bekriechen
bekriechst,bekriechen
bekriech,bekriechen
bekröche,bekriechen
bekriecht,bekriechen
bekriecht,bekriechen
schlotze,schlotzen
schlotzte,schlotzen
geschlotzt,schlotzen
schlotzt,schlotzen
schlotze,schlotzen
schlotzte,schlotzen
schlotzt,schlotzen
schlotzt,schlotzen
erleide,erleiden
erlitt,erleiden
erlitten,erleiden
erleidest,erleiden
erleide,erleiden
erlitte,erleiden
erleidet,erleiden
erleidet,erleiden
liege danieder,daniederliegen
lag danieder,daniederliegen
daniedergelegen,daniederliegen
liegst danieder,daniederliegen
lieg danieder,daniederliegen
läge danieder,daniederliegen
liegt danieder,daniederliegen
liegt danieder,daniederliegen
stähle,stählen
stählte,stählen
gestählt,stählen
stählst,stählen
stähle,stählen
stählte,stählen
stählt,stählen
stählt,stählen
äußerle,äußerln
äußerlte,äußerln
geäußerlt,äußerln
äußerlst,äußerln
äußerl,äußerln
äußerlte,äußerln
äußerlt,äußerln
äußerlt,äußerln
begaffe,begaffen
begaffte,begaffen
begafft,begaffen
begaffst,begaffen
begaff,begaffen
begaffte,begaffen
begafft,begaffen
begafft,begaffen
massoliere,massolieren
massolierte,massolieren
massoliert,massolieren
massolierst,massolieren
massoliere,massolieren
massolierte,massolieren
massoliert,massolieren
massoliert,massolieren
schnabuliere,schnabulieren
schnabulierte,schnabulieren
schnabuliert,schnabulieren
schnabulierst,schnabulieren
schnabulier,schnabulieren
schnabulierte,schnabulieren
schnabuliert,schnabulieren
schnabuliert,schnabulieren
verpatze,verpatzen
verpatzte,verpatzen
verpatzt,verpatzen
verpatzt,verpatzen
verpatz,verpatzen
verpatzte,verpatzen
verpatzt,verpatzen
verpatzt,verpatzen
rege auf,aufregen
regte auf,aufregen
aufgeregt,aufregen
regst auf,aufregen
reg auf,aufregen
regte auf,aufregen
regt auf,aufregen
regt auf,aufregen
rückerstattet,rückerstatten
überbrücke,überbrücken
überbrückte,überbrücken
überbrückt,überbrücken
überbrückst,überbrücken
überbrück,überbrücken
überbrückte,überbrücken
überbrückt,überbrücken
überbrückt,überbrücken
kriege klein,kleinkriegen
kriegte klein,kleinkriegen
kleingekriegt,kleinkriegen
kriegst klein,kleinkriegen
krieg klein,kleinkriegen
kriegte klein,kleinkriegen
kriegt klein,kleinkriegen
kriegt klein,kleinkriegen
veranstalte,veranstalten
veranstaltete,veranstalten
veranstaltet,veranstalten
veranstaltest,veranstalten
veranstalt,veranstalten
veranstaltete,veranstalten
veranstaltet,veranstalten
veranstaltet,veranstalten
verschwitze,verschwitzen
verschwitzte,verschwitzen
verschwitzt,verschwitzen
verschwitzt,verschwitzen
verschwitze,verschwitzen
verschwitzte,verschwitzen
verschwitzt,verschwitzen
verschwitzt,verschwitzen
schnalle um,umschnallen
schnallte um,umschnallen
umgeschnallt,umschnallen
schnallst um,umschnallen
schnall um,umschnallen
schnallte um,umschnallen
schnallt um,umschnallen
schnallt um,umschnallen
greife,greifen
griff,greifen
gegriffen,greifen
greifst,greifen
greife,greifen
griffe,greifen
greift,greifen
greift,greifen
scharriere,scharrieren
scharrierte,scharrieren
scharriert,scharrieren
scharrierst,scharrieren
scharrier,scharrieren
scharrierte,scharrieren
scharriert,scharrieren
scharriert,scharrieren
nestle,nesteln
nestelte,nesteln
genestelt,nesteln
nestelst,nesteln
nestle,nesteln
nestelte,nesteln
nestelt,nesteln
nestelt,nesteln
strapaziere,strapazieren
strapazierte,strapazieren
strapaziert,strapazieren
strapazierst,strapazieren
strapaziere,strapazieren
strapazierte,strapazieren
strapaziert,strapazieren
strapaziert,strapazieren
klinge,klingen
klang,klingen
geklungen,klingen
klingst,klingen
klinge,klingen
klänge,klingen
klingt,klingen
klingt,klingen
update,updaten
updatete,updaten
upgedatet,updaten
updatest,updaten
update,updaten
updatete,updaten
updatet,updaten
updatet,updaten
erlebe mit,miterleben
erlebte mit,miterleben
miterlebt,miterleben
erlebst mit,miterleben
erleb mit,miterleben
erlebte mit,miterleben
erlebt mit,miterleben
erlebt mit,miterleben
konkateniere,konkatenieren
konkatenierte,konkatenieren
konkateniert,konkatenieren
konkatenierst,konkatenieren
konkatenier,konkatenieren
konkatenierte,konkatenieren
konkateniert,konkatenieren
konkateniert,konkatenieren
schriftstellere,schriftstellern
schriftstellerte,schriftstellern
geschriftstellert,schriftstellern
schriftstellerst,schriftstellern
schriftsteller,schriftstellern
schriftstellerte,schriftstellern
schriftstellert,schriftstellern
schriftstellert,schriftstellern
exhumiere,exhumieren
exhumierte,exhumieren
exhumiert,exhumieren
exhumierst,exhumieren
exhumiere,exhumieren
exhumierte,exhumieren
exhumiert,exhumieren
exhumiert,exhumieren
ordne ein,einordnen
ordnete ein,einordnen
eingeordnet,einordnen
ordnest ein,einordnen
ordne ein,einordnen
ordnete ein,einordnen
ordnet ein,einordnen
ordnet ein,einordnen
atze,atzen
atzte,atzen
geatzt,atzen
atzt,atzen
atz,atzen
atzte,atzen
atzt,atzen
atzt,atzen
erwirke,erwirken
erwirkte,erwirken
erwirkt,erwirken
erwirkst,erwirken
erwirk,erwirken
erwirkte,erwirken
erwirkt,erwirken
erwirkt,erwirken
beangabe,beangaben
beangabte,beangaben
beangabt,beangaben
beangabst,beangaben
beangab,beangaben
beangabte,beangaben
beangabt,beangaben
beangabt,beangaben
überfordere,überfordern
überforderte,überfordern
überfordert,überfordern
überforderst,überfordern
überfordere,überfordern
überforderte,überfordern
überfordert,überfordern
überfordert,überfordern
kichere,kichern
kicherte,kichern
gekichert,kichern
kicherst,kichern
kichere,kichern
kicherte,kichern
kichert,kichern
kichert,kichern
trete weg,wegtreten
trat weg,wegtreten
weggetreten,wegtreten
trittst weg,wegtreten
tritt weg,wegtreten
träte weg,wegtreten
tritt weg,wegtreten
tretet weg,wegtreten
atme ein,einatmen
atmete ein,einatmen
eingeatmet,einatmen
atmest ein,einatmen
atme ein,einatmen
atmete ein,einatmen
atmet ein,einatmen
atmet ein,einatmen
glotze,glotzen
glotzte,glotzen
geglotzt,glotzen
glotzt,glotzen
glotz,glotzen
glotzte,glotzen
glotzt,glotzen
glotzt,glotzen
entfalte,entfalten
entfaltete,entfalten
entfaltet,entfalten
entfaltest,entfalten
entfalt,entfalten
entfaltete,entfalten
entfaltet,entfalten
entfaltet,entfalten
klatsche,klatschen
klatschte,klatschen
geklatscht,klatschen
klatschst,klatschen
klatsch,klatschen
klatschte,klatschen
klatscht,klatschen
klatscht,klatschen
komme um,umkommen
kam um,umkommen
umgekommen,umkommen
kommst um,umkommen
komm um,umkommen
käme um,umkommen
kommt um,umkommen
kommt um,umkommen
erhungere,erhungern
erhungerte,erhungern
erhungert,erhungern
erhungerst,erhungern
erhunger,erhungern
erhungerte,erhungern
erhungert,erhungern
erhungert,erhungern
niete zusammen,zusammennieten
nietete zusammen,zusammennieten
zusammengenietet,zusammennieten
nietest zusammen,zusammennieten
niet zusammen,zusammennieten
nietete zusammen,zusammennieten
nietet zusammen,zusammennieten
nietet zusammen,zusammennieten
repliziere,replizieren
replizierte,replizieren
repliziert,replizieren
replizierst,replizieren
repliziere,replizieren
replizierte,replizieren
repliziert,replizieren
repliziert,replizieren
male,malen
malte,malen
gemalt,malen
malst,malen
male,malen
malte,malen
malt,malen
malt,malen
fühle wohl,wohlfühlen
fühlte wohl,wohlfühlen
wohlgefühlt,wohlfühlen
fühlst wohl,wohlfühlen
fühl wohl,wohlfühlen
fühlte wohl,wohlfühlen
fühlt wohl,wohlfühlen
fühlt wohl,wohlfühlen
missioniere,missionieren
missionierte,missionieren
missioniert,missionieren
missionierst,missionieren
missioniere,missionieren
missionierte,missionieren
missioniert,missionieren
missioniert,missionieren
lulle,lullen
lullte,lullen
gelullt,lullen
lullst,lullen
lull,lullen
lullte,lullen
lullt,lullen
lullt,lullen
jäte,jäten
jätete,jäten
gejätet,jäten
jätest,jäten
jäte,jäten
jätete,jäten
jätet,jäten
jätet,jäten
wasche rein,reinwaschen
wusch rein,reinwaschen
reingewaschen,reinwaschen
wäschst rein,reinwaschen
wasch rein,reinwaschen
wüsche rein,reinwaschen
wäscht rein,reinwaschen
wascht rein,reinwaschen
halte frei,freihalten
hielt frei,freihalten
freigehalten,freihalten
hältst frei,freihalten
halt frei,freihalten
hielte frei,freihalten
hält frei,freihalten
haltet frei,freihalten
zahle ein,einzahlen
zahlte ein,einzahlen
eingezahlt,einzahlen
zahlst ein,einzahlen
zahl ein,einzahlen
zahlte ein,einzahlen
zahlt ein,einzahlen
zahlt ein,einzahlen
spüle ab,abspülen
spülte ab,abspülen
abgespült,abspülen
spülst ab,abspülen
spüle ab,abspülen
spülte ab,abspülen
spült ab,abspülen
spült ab,abspülen
negiere,negieren
negierte,negieren
negiert,negieren
negierst,negieren
negiere,negieren
negierte,negieren
negiert,negieren
negiert,negieren
erstarke,erstarken
erstarkte,erstarken
erstarkt,erstarken
erstarkst,erstarken
erstark,erstarken
erstarkte,erstarken
erstarkt,erstarken
erstarkt,erstarken
rekrutiere,rekrutieren
rekrutierte,rekrutieren
rekrutiert,rekrutieren
rekrutierst,rekrutieren
rekrutiere,rekrutieren
rekrutierte,rekrutieren
rekrutiert,rekrutieren
rekrutiert,rekrutieren
schleckere,schleckern
schleckerte,schleckern
geschleckert,schleckern
schleckerst,schleckern
schlecker,schleckern
schleckerte,schleckern
schleckert,schleckern
schleckert,schleckern
jähre,jähren
jährte,jähren
gejährt,jähren
jährst,jähren
jähr,jähren
jährte,jähren
jährt,jähren
jährt,jähren
komponiere,komponieren
komponierte,komponieren
komponiert,komponieren
komponierst,komponieren
komponiere,komponieren
komponierte,komponieren
komponiert,komponieren
komponiert,komponieren
scheuere,scheuern
scheuerte,scheuern
gescheuert,scheuern
scheuerst,scheuern
scheuer,scheuern
scheuerte,scheuern
scheuert,scheuern
scheuert,scheuern
weite aus,ausweiten
weitete aus,ausweiten
ausgeweitet,ausweiten
weitest aus,ausweiten
weit aus,ausweiten
weitete aus,ausweiten
weitet aus,ausweiten
weitet aus,ausweiten
ging schief,schiefgehen
schiefgegangen,schiefgehen
ginge schief,schiefgehen
geht schief,schiefgehen
würze nach,nachwürzen
würzte nach,nachwürzen
nachgewürzt,nachwürzen
würzt nach,nachwürzen
würz nach,nachwürzen
würzte nach,nachwürzen
würzt nach,nachwürzen
würzt nach,nachwürzen
kröne,krönen
krönte,krönen
gekrönt,krönen
krönst,krönen
kröne,krönen
krönte,krönen
krönt,krönen
krönt,krönen
begrabbele,begrabbeln
begrabbelte,begrabbeln
begrabbelt,begrabbeln
begrabbelst,begrabbeln
begrabbel,begrabbeln
begrabbelte,begrabbeln
begrabbelt,begrabbeln
begrabbelt,begrabbeln
rate zu,zuraten
riet zu,zuraten
zugeraten,zuraten
rätst zu,zuraten
rate zu,zuraten
riete zu,zuraten
rät zu,zuraten
ratet zu,zuraten
verhindere,verhindern
verhinderte,verhindern
verhindert,verhindern
verhinderst,verhindern
verhindere,verhindern
verhinderte,verhindern
verhindert,verhindern
verhindert,verhindern
sehe vor,vorsehen
sah vor,vorsehen
vorgesehen,vorsehen
siehst vor,vorsehen
sieh vor,vorsehen
sähe vor,vorsehen
sieht vor,vorsehen
seht vor,vorsehen
setze auseinander,auseinandersetzen
setzte auseinander,auseinandersetzen
auseinandergesetzt,auseinandersetzen
setzt auseinander,auseinandersetzen
setz auseinander,auseinandersetzen
setzte auseinander,auseinandersetzen
setzt auseinander,auseinandersetzen
setzt auseinander,auseinandersetzen
beschranke,beschranken
beschrankte,beschranken
beschrankt,beschranken
beschrankst,beschranken
beschrank,beschranken
beschrankte,beschranken
beschrankt,beschranken
beschrankt,beschranken
schelle,schellen
schellte,schellen
geschellt,schellen
schellst,schellen
schell,schellen
schellte,schellen
schellt,schellen
schellt,schellen
hake ab,abhaken
hakte ab,abhaken
abgehakt,abhaken
hakst ab,abhaken
hak ab,abhaken
hakte ab,abhaken
hakt ab,abhaken
hakt ab,abhaken
hudere,hudern
huderte,hudern
gehudert,hudern
huderst,hudern
hudere,hudern
huderte,hudern
hudert,hudern
hudert,hudern
brainstorme,brainstormen
brainstormte,brainstormen
gebrainstormt,brainstormen
brainstormst,brainstormen
brainstorm,brainstormen
brainstormte,brainstormen
brainstormt,brainstormen
brainstormt,brainstormen
schmettere,schmettern
schmetterte,schmettern
geschmettert,schmettern
schmetterst,schmettern
schmetter,schmettern
schmetterte,schmettern
schmettert,schmettern
schmettert,schmettern
schöpfe,schöpfen
schöpfte,schöpfen
geschöpft,schöpfen
schöpfst,schöpfen
schöpfe,schöpfen
schöpfte,schöpfen
schöpft,schöpfen
schöpft,schöpfen
schlauche,schlauchen
schlauchte,schlauchen
geschlaucht,schlauchen
schlauchst,schlauchen
schlauche,schlauchen
schlauchte,schlauchen
schlaucht,schlauchen
schlaucht,schlauchen
ängstige,ängstigen
ängstigte,ängstigen
geängstigt,ängstigen
ängstigst,ängstigen
ängstige,ängstigen
ängstigte,ängstigen
ängstigt,ängstigen
ängstigt,ängstigen
hexe,hexen
hexte,hexen
gehext,hexen
hext,hexen
hex,hexen
hexte,hexen
hext,hexen
hext,hexen
balge ab,abbalgen
balgte ab,abbalgen
abgebalgt,abbalgen
balgst ab,abbalgen
balg ab,abbalgen
balgte ab,abbalgen
balgt ab,abbalgen
balgt ab,abbalgen
relativiere,relativieren
relativierte,relativieren
relativiert,relativieren
relativierst,relativieren
relativiere,relativieren
relativierte,relativieren
relativiert,relativieren
relativiert,relativieren
übersetze,übersetzen
übersetzte,übersetzen
übersetzt,übersetzen
übersetzt,übersetzen
übersetz,übersetzen
übersetzte,übersetzen
übersetzt,übersetzen
übersetzt,übersetzen
mahne,mahnen
mahnte,mahnen
gemahnt,mahnen
mahnst,mahnen
mahne,mahnen
mahnte,mahnen
mahnt,mahnen
mahnt,mahnen
wette,wetten
wettete,wetten
gewettet,wetten
wettest,wetten
wette,wetten
wettete,wetten
wettet,wetten
wettet,wetten
spiele mit,mitspielen
spielte mit,mitspielen
mitgespielt,mitspielen
spielst mit,mitspielen
spiel mit,mitspielen
spielte mit,mitspielen
spielt mit,mitspielen
spielt mit,mitspielen
bleibe bei,beibleiben
blieb bei,beibleiben
beigeblieben,beibleiben
bleibst bei,beibleiben
bleib bei,beibleiben
bliebe bei,beibleiben
bleibt bei,beibleiben
bleibt bei,beibleiben
bemängle,bemängeln
bemängelte,bemängeln
bemängelt,bemängeln
bemängelst,bemängeln
bemängle,bemängeln
bemängelte,bemängeln
bemängelt,bemängeln
bemängelt,bemängeln
lehne auf,auflehnen
lehnte auf,auflehnen
aufgelehnt,auflehnen
lehnst auf,auflehnen
lehn auf,auflehnen
lehnte auf,auflehnen
lehnt auf,auflehnen
lehnt auf,auflehnen
quadrätele,quadräteln
quadrätelte,quadräteln
quadrätelt,quadräteln
quadrätelst,quadräteln
quadrätle,quadräteln
quadrätelte,quadräteln
quadrätelt,quadräteln
quadrätelt,quadräteln
führe an,anführen
führte an,anführen
angeführt,anführen
führst an,anführen
führ an,anführen
führte an,anführen
führt an,anführen
führt an,anführen
silikonisiere,silikonisieren
silikonisierte,silikonisieren
silikonisiert,silikonisieren
silikonisierst,silikonisieren
silikonisier,silikonisieren
silikonisierte,silikonisieren
silikonisiert,silikonisieren
silikonisiert,silikonisieren
orientiere,orientieren
orientierte,orientieren
orientiert,orientieren
orientierst,orientieren
orientiere,orientieren
orientierte,orientieren
orientiert,orientieren
orientiert,orientieren
erkunde,erkunden
erkundete,erkunden
erkundet,erkunden
erkundest,erkunden
erkund,erkunden
erkundete,erkunden
erkundet,erkunden
erkundet,erkunden
verwöhne,verwöhnen
verwöhnte,verwöhnen
verwöhnt,verwöhnen
verwöhnst,verwöhnen
verwöhn,verwöhnen
verwöhnte,verwöhnen
verwöhnt,verwöhnen
verwöhnt,verwöhnen
checke,checken
checkte,checken
gecheckt,checken
checkst,checken
check,checken
checkte,checken
checkt,checken
checkt,checken
mobbe,mobben
mobbte,mobben
gemobbt,mobben
mobbst,mobben
mobb,mobben
mobbte,mobben
mobbt,mobben
mobbt,mobben
handele aus,aushandeln
handelte aus,aushandeln
ausgehandelt,aushandeln
handelst aus,aushandeln
handel aus,aushandeln
handelte aus,aushandeln
handelt aus,aushandeln
handelt aus,aushandeln
folge,folgen
folgte,folgen
gefolgt,folgen
folgst,folgen
folge,folgen
folgte,folgen
folgt,folgen
folgt,folgen
dringe,dringen
drang,dringen
gedrungen,dringen
dringst,dringen
dring,dringen
dränge,dringen
dringt,dringen
dringt,dringen
helfe ab,abhelfen
half ab,abhelfen
abgeholfen,abhelfen
hilfst ab,abhelfen
hilf ab,abhelfen
hülfe ab,abhelfen
hilft ab,abhelfen
helft ab,abhelfen
signalisiere,signalisieren
signalisierte,signalisieren
signalisiert,signalisieren
signalisierst,signalisieren
signalisiere,signalisieren
signalisierte,signalisieren
signalisiert,signalisieren
signalisiert,signalisieren
kartografiere,kartografieren
kartografierte,kartografieren
kartografiert,kartografieren
kartografierst,kartografieren
kartografiere,kartografieren
kartografierte,kartografieren
kartografiert,kartografieren
kartografiert,kartografieren
schliefe,schliefen
schloff,schliefen
geschloffen,schliefen
schliefst,schliefen
schliefe,schliefen
schlöffe,schliefen
schlieft,schliefen
schlieft,schliefen
stecke ab,abstecken
steckte ab,abstecken
abgesteckt,abstecken
steckst ab,abstecken
stecke ab,abstecken
steckte ab,abstecken
steckt ab,abstecken
steckt ab,abstecken
seihe,seihen
seihte,seihen
geseiht,seihen
seihst,seihen
seih,seihen
seihte,seihen
seiht,seihen
seiht,seihen
brauche auf,aufbrauchen
brauchte auf,aufbrauchen
aufgebraucht,aufbrauchen
brauchst auf,aufbrauchen
brauche auf,aufbrauchen
brauchte auf,aufbrauchen
braucht auf,aufbrauchen
braucht auf,aufbrauchen
schmücke,schmücken
schmückte,schmücken
geschmückt,schmücken
schmückst,schmücken
schmücke,schmücken
schmückte,schmücken
schmückt,schmücken
schmückt,schmücken
bestuhlgängele,bestuhlgängeln
bestuhlgängelte,bestuhlgängeln
bestuhlgängelt,bestuhlgängeln
bestuhlgängelst,bestuhlgängeln
bestuhlgängel,bestuhlgängeln
bestuhlgängelte,bestuhlgängeln
bestuhlgängelt,bestuhlgängeln
bestuhlgängelt,bestuhlgängeln
schufte,schuften
schuftete,schuften
geschuftet,schuften
schuftest,schuften
schufte,schuften
schuftete,schuften
schuftet,schuften
schuftet,schuften
entglase,entglasen
entglaste,entglasen
entglast,entglasen
entglast,entglasen
entglas,entglasen
entglaste,entglasen
entglast,entglasen
entglast,entglasen
suspendiere,suspendieren
suspendierte,suspendieren
suspendiert,suspendieren
suspendierst,suspendieren
suspendiere,suspendieren
suspendierte,suspendieren
suspendiert,suspendieren
suspendiert,suspendieren
entarte,entarten
entartete,entarten
entartet,entarten
entartest,entarten
entart,entarten
entartete,entarten
entartet,entarten
entartet,entarten
tangiere,tangieren
tangierte,tangieren
tangiert,tangieren
tangierst,tangieren
tangier,tangieren
tangierte,tangieren
tangiert,tangieren
tangiert,tangieren
verwerte,verwerten
verwertete,verwerten
verwertet,verwerten
verwertest,verwerten
verwert,verwerten
verwertete,verwerten
verwertet,verwerten
verwertet,verwerten
esse auf,aufessen
aß auf,aufessen
aufgegessen,aufessen
isst auf,aufessen
iss auf,aufessen
äße auf,aufessen
isst auf,aufessen
esst auf,aufessen
eiere an,aneiern
eierte an,aneiern
angeeiert,aneiern
eierst an,aneiern
eier an,aneiern
eierte an,aneiern
eiert an,aneiern
eiert an,aneiern
extrahiere,extrahieren
extrahierte,extrahieren
extrahiert,extrahieren
extrahierst,extrahieren
extrahiere,extrahieren
extrahierte,extrahieren
extrahiert,extrahieren
extrahiert,extrahieren
desinfiziere,desinfizieren
desinfizierte,desinfizieren
desinfiziert,desinfizieren
desinfizierst,desinfizieren
desinfizier,desinfizieren
desinfizierte,desinfizieren
desinfiziert,desinfizieren
desinfiziert,desinfizieren
werweisse,werweissen
werweisste,werweissen
gewerweisst,werweissen
werweisst,werweissen
werweisse,werweissen
werweisste,werweissen
werweisst,werweissen
werweisst,werweissen
bekoche,bekochen
bekochte,bekochen
bekocht,bekochen
bekochst,bekochen
bekoch,bekochen
bekochte,bekochen
bekocht,bekochen
bekocht,bekochen
leibe,leiben
leibte,leiben
leibst,leiben
leibte,leiben
leibt,leiben
medikamentiere,medikamentieren
medikamentierte,medikamentieren
medikamentiert,medikamentieren
medikamentierst,medikamentieren
medikamentiere,medikamentieren
medikamentierte,medikamentieren
medikamentiert,medikamentieren
medikamentiert,medikamentieren
säbel um,umsäbeln
säbelte um,umsäbeln
umgesäbelt,umsäbeln
säbelst um,umsäbeln
säbel um,umsäbeln
säbelte um,umsäbeln
säbelt um,umsäbeln
säbelt um,umsäbeln
sitze ein,einsitzen
saß ein,einsitzen
eingesessen,einsitzen
sitzt ein,einsitzen
sitze ein,einsitzen
säße ein,einsitzen
sitzt ein,einsitzen
sitzt ein,einsitzen
entgase,entgasen
entgaste,entgasen
entgast,entgasen
entgast,entgasen
entgas,entgasen
entgaste,entgasen
entgast,entgasen
entgast,entgasen
vergeude,vergeuden
vergeudete,vergeuden
vergeudet,vergeuden
vergeudest,vergeuden
vergeude,vergeuden
vergeudete,vergeuden
vergeudet,vergeuden
vergeudet,vergeuden
errudere,errudern
erruderte,errudern
errudert,errudern
erruderst,errudern
erruder,errudern
erruderte,errudern
errudert,errudern
errudert,errudern
führe zurück,zurückführen
führte zurück,zurückführen
zurückgeführt,zurückführen
führst zurück,zurückführen
führ zurück,zurückführen
führte zurück,zurückführen
führt zurück,zurückführen
führt zurück,zurückführen
stehle davon,davonstehlen
stahl davon,davonstehlen
davongestohlen,davonstehlen
stiehlst davon,davonstehlen
stiehl davon,davonstehlen
stähle davon,davonstehlen
stiehlt davon,davonstehlen
stehlt davon,davonstehlen
röchle aus,ausröcheln
röchelte aus,ausröcheln
ausgeröchelt,ausröcheln
röchelst aus,ausröcheln
röchel aus,ausröcheln
röchelte aus,ausröcheln
röchelt aus,ausröcheln
röchelt aus,ausröcheln
approbiere,approbieren
approbierte,approbieren
approbiert,approbieren
approbierst,approbieren
approbier,approbieren
approbierte,approbieren
approbiert,approbieren
approbiert,approbieren
beherrsche,beherrschen
beherrschte,beherrschen
beherrscht,beherrschen
beherrschst,beherrschen
beherrsche,beherrschen
beherrschte,beherrschen
beherrscht,beherrschen
beherrscht,beherrschen
koche weich,weichkochen
kochte weich,weichkochen
weichgekocht,weichkochen
kochst weich,weichkochen
koch weich,weichkochen
kochte weich,weichkochen
kocht weich,weichkochen
kocht weich,weichkochen
glühe,glühen
glühte,glühen
geglüht,glühen
glühst,glühen
glühe,glühen
glühte,glühen
glüht,glühen
glüht,glühen
verifiziere,verifizieren
verifizierte,verifizieren
verifiziert,verifizieren
verifizierst,verifizieren
verifiziere,verifizieren
verifizierte,verifizieren
verifiziert,verifizieren
verifiziert,verifizieren
brate an,anbraten
briet an,anbraten
angebraten,anbraten
brätst an,anbraten
brat an,anbraten
briete an,anbraten
brät an,anbraten
bratet an,anbraten
speie,speien
spie,speien
gespien,speien
speist,speien
speie,speien
spie,speien
speit,speien
speit,speien
nicke ein,einnicken
nickte ein,einnicken
eingenickt,einnicken
nickst ein,einnicken
nick ein,einnicken
nickte ein,einnicken
nickt ein,einnicken
nickt ein,einnicken
plündere,plündern
plünderte,plündern
geplündert,plündern
plünderst,plündern
plündre,plündern
plünderte,plündern
plündert,plündern
plündert,plündern
schmücke aus,ausschmücken
schmückte aus,ausschmücken
ausgeschmückt,ausschmücken
schmückst aus,ausschmücken
schmück aus,ausschmücken
schmückte aus,ausschmücken
schmückt aus,ausschmücken
schmückt aus,ausschmücken
quantele,quanteln
quantelte,quanteln
gequantelt,quanteln
quantelst,quanteln
quantle,quanteln
quantelte,quanteln
quantelt,quanteln
quantelt,quanteln
zische,zischen
zischte,zischen
gezischt,zischen
zischst,zischen
zische,zischen
zischte,zischen
zischt,zischen
zischt,zischen
kommissioniere,kommissionieren
kommissionierte,kommissionieren
kommissioniert,kommissionieren
kommissionierst,kommissionieren
kommissioniere,kommissionieren
kommissionierte,kommissionieren
kommissioniert,kommissionieren
kommissioniert,kommissionieren
pampere,pampern
pamperte,pampern
gepampert,pampern
pamperst,pampern
pampere,pampern
pamperte,pampern
pampert,pampern
pampert,pampern
ertappe,ertappen
ertappte,ertappen
ertappt,ertappen
ertappst,ertappen
ertapp,ertappen
ertappte,ertappen
ertappt,ertappen
ertappt,ertappen
zwirble auf,aufzwirbeln
zwirbelte auf,aufzwirbeln
aufgezwirbelt,aufzwirbeln
zwirbelst auf,aufzwirbeln
zwirble auf,aufzwirbeln
zwirbelte auf,aufzwirbeln
zwirbelt auf,aufzwirbeln
zwirbelt auf,aufzwirbeln
schachere ab,abschachern
schacherte ab,abschachern
abgeschachert,abschachern
schacherst ab,abschachern
schachere ab,abschachern
schacherte ab,abschachern
schachert ab,abschachern
schachert ab,abschachern
konzipiere,konzipieren
konzipierte,konzipieren
konzipiert,konzipieren
konzipierst,konzipieren
konzipier,konzipieren
konzipierte,konzipieren
konzipiert,konzipieren
konzipiert,konzipieren
deiche,deichen
deichte,deichen
gedeicht,deichen
deichst,deichen
deich,deichen
deichte,deichen
deicht,deichen
deicht,deichen
revolutioniere,revolutionieren
revolutionierte,revolutionieren
revolutioniert,revolutionieren
revolutionierst,revolutionieren
revolutionier,revolutionieren
revolutionierte,revolutionieren
revolutioniert,revolutionieren
revolutioniert,revolutionieren
subjektiviere,subjektivieren
subjektivierte,subjektivieren
subjektiviert,subjektivieren
subjektivierst,subjektivieren
subjektiviere,subjektivieren
subjektivierte,subjektivieren
subjektiviert,subjektivieren
subjektiviert,subjektivieren
wachse heran,heranwachsen
wuchs heran,heranwachsen
herangewachsen,heranwachsen
wächst heran,heranwachsen
wachse heran,heranwachsen
wüchse heran,heranwachsen
wächst heran,heranwachsen
wachst heran,heranwachsen
kauere,kauern
kauerte,kauern
gekauert,kauern
kauerst,kauern
kauere,kauern
kauerte,kauern
kauert,kauern
kauert,kauern
eise ab,abeisen
eiste ab,abeisen
abgeeist,abeisen
eist ab,abeisen
eis ab,abeisen
eiste ab,abeisen
eist ab,abeisen
eist ab,abeisen
blitzte auf,aufblitzen
aufgeblitzt,aufblitzen
blitzte auf,aufblitzen
blitzt auf,aufblitzen
werde zuteil,zuteilwerden
wurde zuteil,zuteilwerden
zuteilgeworden,zuteilwerden
wirst zuteil,zuteilwerden
werde zuteil,zuteilwerden
würde zuteil,zuteilwerden
wird zuteil,zuteilwerden
werdet zuteil,zuteilwerden
bestempele,bestempeln
bestempelte,bestempeln
bestempelt,bestempeln
bestempelst,bestempeln
bestempel,bestempeln
bestempelte,bestempeln
bestempelt,bestempeln
bestempelt,bestempeln
verkeime,verkeimen
verkeimte,verkeimen
verkeimt,verkeimen
verkeimst,verkeimen
verkeim,verkeimen
verkeimte,verkeimen
verkeimt,verkeimen
verkeimt,verkeimen
verfalle,verfallen
verfiel,verfallen
verfallen,verfallen
verfällst,verfallen
verfall,verfallen
verfiele,verfallen
verfällt,verfallen
verfallt,verfallen
resoniere,resonieren
resonierte,resonieren
resoniert,resonieren
resonierst,resonieren
resonier,resonieren
resonierte,resonieren
resoniert,resonieren
resoniert,resonieren
gäre,gären
gor,gären
gegoren,gären
gärst,gären
gäre,gären
göre,gären
gärt,gären
gärt,gären
anonymisiere,anonymisieren
anonymisierte,anonymisieren
anonymisiert,anonymisieren
anonymisierst,anonymisieren
anonymisier,anonymisieren
anonymisierte,anonymisieren
anonymisiert,anonymisieren
anonymisiert,anonymisieren
subsumiere,subsumieren
subsumierte,subsumieren
subsumiert,subsumieren
subsumierst,subsumieren
subsumiere,subsumieren
subsumierte,subsumieren
subsumiert,subsumieren
subsumiert,subsumieren
belabere,belabern
belaberte,belabern
belabert,belabern
belaberst,belabern
belabere,belabern
belaberte,belabern
belabert,belabern
belabert,belabern
überstürze,überstürzen
überstürzte,überstürzen
überstürzt,überstürzen
überstürzt,überstürzen
überstürze,überstürzen
überstürzte,überstürzen
überstürzt,überstürzen
überstürzt,überstürzen
kritzele,kritzeln
kritzelte,kritzeln
gekritzelt,kritzeln
kritzelst,kritzeln
kritzele,kritzeln
kritzelte,kritzeln
kritzelt,kritzeln
kritzelt,kritzeln
führe irre,irreführen
führte irre,irreführen
irregeführt,irreführen
führst irre,irreführen
führ irre,irreführen
führte irre,irreführen
führt irre,irreführen
führt irre,irreführen
bedeute,bedeuten
bedeutete,bedeuten
bedeutet,bedeuten
bedeutest,bedeuten
bedeute,bedeuten
bedeutete,bedeuten
bedeutet,bedeuten
bedeutet,bedeuten
verschlimmbessere,verschlimmbessern
verschlimmbesserte,verschlimmbessern
verschlimmbessert,verschlimmbessern
verschlimmbesserst,verschlimmbessern
verschlimmbessere,verschlimmbessern
verschlimmbesserte,verschlimmbessern
verschlimmbessert,verschlimmbessern
verschlimmbessert,verschlimmbessern
stoße dazu,dazustoßen
stieß dazu,dazustoßen
dazugestoßen,dazustoßen
stößt dazu,dazustoßen
stoß dazu,dazustoßen
stieße dazu,dazustoßen
stößt dazu,dazustoßen
stoßt dazu,dazustoßen
quetsche ab,abquetschen
quetschte ab,abquetschen
abgequetscht,abquetschen
quetschst ab,abquetschen
quetsch ab,abquetschen
quetschte ab,abquetschen
quetscht ab,abquetschen
quetscht ab,abquetschen
babysitte,babysitten
babysittete,babysitten
gebabysittet,babysitten
babysittest,babysitten
babysitte,babysitten
babysittete,babysitten
babysittet,babysitten
babysittet,babysitten
turtle,turteln
turtelte,turteln
geturtelt,turteln
turtelst,turteln
turtle,turteln
turtelte,turteln
turtelt,turteln
turtelt,turteln
konstituiere,konstituieren
konstituierte,konstituieren
konstituiert,konstituieren
konstituierst,konstituieren
konstituiere,konstituieren
konstituierte,konstituieren
konstituiert,konstituieren
konstituiert,konstituieren
sichere,sichern
sicherte,sichern
gesichert,sichern
sicherst,sichern
sichere,sichern
sicherte,sichern
sichert,sichern
sichert,sichern
rubble,rubbeln
rubbelte,rubbeln
gerubbelt,rubbeln
rubbelst,rubbeln
rubble,rubbeln
rubbelte,rubbeln
rubbelt,rubbeln
rubbelt,rubbeln
regiere,regieren
regierte,regieren
regiert,regieren
regierst,regieren
regiere,regieren
regierte,regieren
regiert,regieren
regiert,regieren
erschlafe,erschlafen
erschlief,erschlafen
erschlafen,erschlafen
erschläfst,erschlafen
erschlaf,erschlafen
erschliefe,erschlafen
erschläft,erschlafen
erschlaft,erschlafen
maledeie,maledeien
maledeite,maledeien
maledeit,maledeien
maledeist,maledeien
maledeie,maledeien
maledeite,maledeien
maledeit,maledeien
maledeit,maledeien
dekrementiere,dekrementieren
dekrementierte,dekrementieren
dekrementiert,dekrementieren
dekrementierst,dekrementieren
dekrementier,dekrementieren
dekrementierte,dekrementieren
dekrementiert,dekrementieren
dekrementiert,dekrementieren
wankele,wankeln
wankelte,wankeln
gewankelt,wankeln
wankelst,wankeln
wankele,wankeln
wankelte,wankeln
wankelt,wankeln
wankelt,wankeln
skizziere,skizzieren
skizzierte,skizzieren
skizziert,skizzieren
skizzierst,skizzieren
skizziere,skizzieren
skizzierte,skizzieren
skizziert,skizzieren
skizziert,skizzieren
halse,halsen
halste,halsen
gehalst,halsen
halst,halsen
halse,halsen
halste,halsen
halst,halsen
halst,halsen
zeige an,anzeigen
zeigte an,anzeigen
angezeigt,anzeigen
zeigst an,anzeigen
zeig an,anzeigen
zeigte an,anzeigen
zeigt an,anzeigen
zeigt an,anzeigen
lehre,lehren
lehrte,lehren
gelehrt,lehren
lehrst,lehren
lehre,lehren
lehrte,lehren
lehrt,lehren
lehrt,lehren
zähle mit,mitzählen
zählte mit,mitzählen
mitgezählt,mitzählen
zählst mit,mitzählen
zähl mit,mitzählen
zählte mit,mitzählen
zählt mit,mitzählen
zählt mit,mitzählen
ringe ab,abringen
rang ab,abringen
abgerungen,abringen
ringst ab,abringen
ring ab,abringen
ränge ab,abringen
ringt ab,abringen
ringt ab,abringen
beweise,beweisen
bewies,beweisen
bewiesen,beweisen
beweist,beweisen
beweise,beweisen
bewiese,beweisen
beweist,beweisen
beweist,beweisen
schlage ein,einschlagen
schlug ein,einschlagen
eingeschlagen,einschlagen
schlägst ein,einschlagen
schlag ein,einschlagen
schlüge ein,einschlagen
schlägt ein,einschlagen
schlagt ein,einschlagen
bespike,bespiken
bespikte,bespiken
bespikt,bespiken
bespikst,bespiken
bespik,bespiken
bespikte,bespiken
bespikt,bespiken
bespikt,bespiken
nehme herunter,herunternehmen
nahm herunter,herunternehmen
heruntergenommen,herunternehmen
nimmst herunter,herunternehmen
nimm herunter,herunternehmen
nähme herunter,herunternehmen
nimmt herunter,herunternehmen
nehmt herunter,herunternehmen
nöle,nölen
nölte,nölen
genölt,nölen
nölst,nölen
nöl,nölen
nölte,nölen
nölt,nölen
nölt,nölen
mache vor,vormachen
machte vor,vormachen
vorgemacht,vormachen
machst vor,vormachen
mach vor,vormachen
machte vor,vormachen
macht vor,vormachen
macht vor,vormachen
nassauere,nassauern
nassauerte,nassauern
genassauert,nassauern
nassauerst,nassauern
nassauer,nassauern
nassauerte,nassauern
nassauert,nassauern
nassauert,nassauern
regaliere,regalieren
regalierte,regalieren
regaliert,regalieren
regalierst,regalieren
regaliere,regalieren
regalierte,regalieren
regaliert,regalieren
regaliert,regalieren
bezwinge,bezwingen
bezwang,bezwingen
bezwungen,bezwingen
bezwingst,bezwingen
bezwinge,bezwingen
bezwänge,bezwingen
bezwingt,bezwingen
bezwingt,bezwingen
äuge,äugen
äugte,äugen
geäugt,äugen
äugst,äugen
äug,äugen
äugte,äugen
äugt,äugen
äugt,äugen
fertige,fertigen
fertigte,fertigen
gefertigt,fertigen
fertigst,fertigen
fertig,fertigen
fertigte,fertigen
fertigt,fertigen
fertigt,fertigen
erhelle,erhellen
erhellte,erhellen
erhellt,erhellen
erhellst,erhellen
erhell,erhellen
erhellte,erhellen
erhellt,erhellen
erhellt,erhellen
belege,belegen
belegte,belegen
belegt,belegen
belegst,belegen
belege,belegen
belegte,belegen
belegt,belegen
belegt,belegen
scheide aus,ausscheiden
schied aus,ausscheiden
ausgeschieden,ausscheiden
scheidest aus,ausscheiden
scheide aus,ausscheiden
schiede aus,ausscheiden
scheidet aus,ausscheiden
scheidet aus,ausscheiden
schlage los,losschlagen
schlug los,losschlagen
losgeschlagen,losschlagen
schlägst los,losschlagen
schlag los,losschlagen
schlüge los,losschlagen
schlägt los,losschlagen
schlagt los,losschlagen
betölpele,betölpeln
betölpelte,betölpeln
betölpelt,betölpeln
betölpelst,betölpeln
betölpel,betölpeln
betölpelte,betölpeln
betölpelt,betölpeln
betölpelt,betölpeln
biete auf,aufbieten
bot auf,aufbieten
aufgeboten,aufbieten
bietest auf,aufbieten
biet auf,aufbieten
böte auf,aufbieten
bietet auf,aufbieten
bietet auf,aufbieten
tobe,toben
tobte,toben
getobt,toben
tobst,toben
tob,toben
tobte,toben
tobt,toben
tobt,toben
fasele,faseln
faselte,faseln
gefaselt,faseln
faselst,faseln
fasel,faseln
faselte,faseln
faselt,faseln
faselt,faseln
bugsiere,bugsieren
bugsierte,bugsieren
bugsiert,bugsieren
bugsierst,bugsieren
bugsiere,bugsieren
bugsierte,bugsieren
bugsiert,bugsieren
bugsiert,bugsieren
schillere,schillern
schillerte,schillern
geschillert,schillern
schillerst,schillern
schillere,schillern
schillerte,schillern
schillert,schillern
schillert,schillern
verhätschele,verhätscheln
verhätschelte,verhätscheln
verhätschelt,verhätscheln
verhätschelst,verhätscheln
verhätschel,verhätscheln
verhätschelte,verhätscheln
verhätschelt,verhätscheln
verhätschelt,verhätscheln
knaube,knauben
knaubte,knauben
geknaubt,knauben
knaubst,knauben
knaube,knauben
knaubte,knauben
knaubt,knauben
knaubt,knauben
tausche aus,austauschen
tauschte aus,austauschen
ausgetauscht,austauschen
tauschst aus,austauschen
tausch aus,austauschen
tauschte aus,austauschen
tauscht aus,austauschen
tauscht aus,austauschen
ermahne,ermahnen
ermahnte,ermahnen
ermahnt,ermahnen
ermahnst,ermahnen
ermahn,ermahnen
ermahnte,ermahnen
ermahnt,ermahnen
ermahnt,ermahnen
verfuge,verfugen
verfugte,verfugen
verfugt,verfugen
verfugst,verfugen
verfug,verfugen
verfugte,verfugen
verfugt,verfugen
verfugt,verfugen
diesel ein,eindieseln
dieselte ein,eindieseln
eingedieselt,eindieseln
dieselst ein,eindieseln
diesel ein,eindieseln
dieselte ein,eindieseln
dieselt ein,eindieseln
dieselt ein,eindieseln
erschnuppere,erschnuppern
erschnupperte,erschnuppern
erschnuppert,erschnuppern
erschnupperst,erschnuppern
erschnupper,erschnuppern
erschnupperte,erschnuppern
erschnuppert,erschnuppern
erschnuppert,erschnuppern
sage aus,aussagen
sagte aus,aussagen
ausgesagt,aussagen
sagst aus,aussagen
sag aus,aussagen
sagte aus,aussagen
sagt aus,aussagen
sagt aus,aussagen
verabscheue,verabscheuen
verabscheute,verabscheuen
verabscheut,verabscheuen
verabscheust,verabscheuen
verabscheu,verabscheuen
verabscheute,verabscheuen
verabscheut,verabscheuen
verabscheut,verabscheuen
drossle,drosseln
drosselte,drosseln
gedrosselt,drosseln
drosselst,drosseln
drossle,drosseln
drosselte,drosseln
drosselt,drosseln
drosselt,drosseln
schludere,schludern
schluderte,schludern
geschludert,schludern
schluderst,schludern
schluder,schludern
schluderte,schludern
schludert,schludern
schludert,schludern
beschlabbere,beschlabbern
beschlabberte,beschlabbern
beschlabbert,beschlabbern
beschlabberst,beschlabbern
beschlabber,beschlabbern
beschlabberte,beschlabbern
beschlabbert,beschlabbern
beschlabbert,beschlabbern
bestimme mit,mitbestimmen
bestimmte mit,mitbestimmen
mitbestimmt,mitbestimmen
bestimmst mit,mitbestimmen
bestimm mit,mitbestimmen
bestimmte mit,mitbestimmen
bestimmt mit,mitbestimmen
bestimmt mit,mitbestimmen
ixe durch,durchixen
ixte durch,durchixen
durchgeixt,durchixen
ixt durch,durchixen
ixe durch,durchixen
ixte durch,durchixen
ixt durch,durchixen
ixt durch,durchixen
beackere,beackern
beackerte,beackern
beackert,beackern
beackerst,beackern
beackere,beackern
beackerte,beackern
beackert,beackern
beackert,beackern
exterminiere,exterminieren
exterminierte,exterminieren
exterminiert,exterminieren
exterminierst,exterminieren
exterminiere,exterminieren
exterminierte,exterminieren
exterminiert,exterminieren
exterminiert,exterminieren
lynche,lynchen
lynchte,lynchen
gelyncht,lynchen
lynchst,lynchen
lynche,lynchen
lynchte,lynchen
lyncht,lynchen
lyncht,lynchen
konsultiere,konsultieren
konsultierte,konsultieren
konsultiert,konsultieren
konsultierst,konsultieren
konsultiere,konsultieren
konsultierte,konsultieren
konsultiert,konsultieren
konsultiert,konsultieren
ülme,ülmen
ülmte,ülmen
geülmt,ülmen
ülmst,ülmen
ülme,ülmen
ülmte,ülmen
ülmt,ülmen
ülmt,ülmen
paraphiere,paraphieren
paraphierte,paraphieren
paraphiert,paraphieren
paraphierst,paraphieren
paraphiere,paraphieren
paraphierte,paraphieren
paraphiert,paraphieren
paraphiert,paraphieren
erkiese aus,auserkiesen
erkor aus,auserkiesen
auserkoren,auserkiesen
erkiest aus,auserkiesen
erkiese aus,auserkiesen
erköre aus,auserkiesen
erkiest aus,auserkiesen
erkiest aus,auserkiesen
verdufte,verduften
verduftete,verduften
verduftet,verduften
verduftest,verduften
verduft,verduften
verduftete,verduften
verduftet,verduften
verduftet,verduften
konfiguriere,konfigurieren
konfigurierte,konfigurieren
konfiguriert,konfigurieren
konfigurierst,konfigurieren
konfiguriere,konfigurieren
konfigurierte,konfigurieren
konfiguriert,konfigurieren
konfiguriert,konfigurieren
karte ab,abkarten
kartete ab,abkarten
abgekartet,abkarten
kartest ab,abkarten
kart ab,abkarten
kartete ab,abkarten
kartet ab,abkarten
kartet ab,abkarten
gipfele,gipfeln
gipfelte,gipfeln
gegipfelt,gipfeln
gipfelst,gipfeln
gipfele,gipfeln
gipfelte,gipfeln
gipfelt,gipfeln
gipfelt,gipfeln
schwante,schwanen
geschwant,schwanen
schwante,schwanen
schwant,schwanen
flöhe,flöhen
flöhte,flöhen
geflöht,flöhen
flöhst,flöhen
flöh,flöhen
flöhte,flöhen
flöht,flöhen
flöht,flöhen
bade,baden
badete,baden
gebadet,baden
badest,baden
bade,baden
badete,baden
badet,baden
badet,baden
resümiere,resümieren
resümierte,resümieren
resümiert,resümieren
resümierst,resümieren
resümiere,resümieren
resümierte,resümieren
resümiert,resümieren
resümiert,resümieren
rehabilitiere,rehabilitieren
rehabilitierte,rehabilitieren
rehabilitiert,rehabilitieren
rehabilitierst,rehabilitieren
rehabilitiere,rehabilitieren
rehabilitierte,rehabilitieren
rehabilitiert,rehabilitieren
rehabilitiert,rehabilitieren
chloroformiere,chloroformieren
chloroformierte,chloroformieren
chloroformiert,chloroformieren
chloroformierst,chloroformieren
chloroformier,chloroformieren
chloroformierte,chloroformieren
chloroformiert,chloroformieren
chloroformiert,chloroformieren
beringe,beringen
beringte,beringen
beringt,beringen
beringst,beringen
bering,beringen
beringte,beringen
beringt,beringen
beringt,beringen
hebe herauf,heraufheben
hob herauf,heraufheben
heraufgehoben,heraufheben
hebst herauf,heraufheben
heb herauf,heraufheben
höbe herauf,heraufheben
hebt herauf,heraufheben
hebt herauf,heraufheben
speichle ein,einspeicheln
speichelte ein,einspeicheln
eingespeichelt,einspeicheln
speichelst ein,einspeicheln
speichle ein,einspeicheln
speichelte ein,einspeicheln
speichelt ein,einspeicheln
speichelt ein,einspeicheln
weiche ab,abweichen
wich ab,abweichen
abgewichen,abweichen
weichst ab,abweichen
weich ab,abweichen
wiche ab,abweichen
weicht ab,abweichen
weicht ab,abweichen
schnippe,schnippen
schnippte,schnippen
geschnippt,schnippen
schnippst,schnippen
schnipp,schnippen
schnippte,schnippen
schnippt,schnippen
schnippt,schnippen
ventiliere,ventilieren
ventilierte,ventilieren
ventiliert,ventilieren
ventilierst,ventilieren
ventiliere,ventilieren
ventilierte,ventilieren
ventiliert,ventilieren
ventiliert,ventilieren
runde ab,abrunden
rundete ab,abrunden
abgerundet,abrunden
rundest ab,abrunden
runde ab,abrunden
rundete ab,abrunden
rundet ab,abrunden
rundet ab,abrunden
repetiere,repetieren
repetierte,repetieren
repetiert,repetieren
repetierst,repetieren
repetiere,repetieren
repetierte,repetieren
repetiert,repetieren
repetiert,repetieren
häufe an,anhäufen
häufte an,anhäufen
angehäuft,anhäufen
häufst an,anhäufen
häuf an,anhäufen
häufte an,anhäufen
häuft an,anhäufen
häuft an,anhäufen
wimmere,wimmern
wimmerte,wimmern
gewimmert,wimmern
wimmerst,wimmern
wimmere,wimmern
wimmerte,wimmern
wimmert,wimmern
wimmert,wimmern
nehme durch,durchnehmen
nahm durch,durchnehmen
durchgenommen,durchnehmen
nimmst durch,durchnehmen
nimm durch,durchnehmen
nähme durch,durchnehmen
nimmt durch,durchnehmen
nehmt durch,durchnehmen
fremdle,fremdeln
fremdelte,fremdeln
gefremdelt,fremdeln
fremdelst,fremdeln
fremdel,fremdeln
fremdelte,fremdeln
fremdelt,fremdeln
fremdelt,fremdeln
kalke,kalken
kalkte,kalken
gekalkt,kalken
kalkst,kalken
kalk,kalken
kalkte,kalken
kalkt,kalken
kalkt,kalken
befestige,befestigen
befestigte,befestigen
befestigt,befestigen
befestigst,befestigen
befestige,befestigen
befestigte,befestigen
befestigt,befestigen
befestigt,befestigen
dividiere,dividieren
dividierte,dividieren
dividiert,dividieren
dividierst,dividieren
dividiere,dividieren
dividierte,dividieren
dividiert,dividieren
dividiert,dividieren
schlucke,schlucken
schluckte,schlucken
geschluckt,schlucken
schluckst,schlucken
schlucke,schlucken
schluckte,schlucken
schluckt,schlucken
schluckt,schlucken
schmolle,schmollen
schmollte,schmollen
geschmollt,schmollen
schmollst,schmollen
schmolle,schmollen
schmollte,schmollen
schmollt,schmollen
schmollt,schmollen
lebe aus,ausleben
lebte aus,ausleben
ausgelebt,ausleben
lebst aus,ausleben
leb aus,ausleben
lebte aus,ausleben
lebt aus,ausleben
lebt aus,ausleben
feudele,feudeln
feudelte,feudeln
gefeudelt,feudeln
feudelst,feudeln
feudel,feudeln
feudelte,feudeln
feudelt,feudeln
feudelt,feudeln
stelle richtig,richtigstellen
stellte richtig,richtigstellen
richtiggestellt,richtigstellen
stellst richtig,richtigstellen
stell richtig,richtigstellen
stellte richtig,richtigstellen
stellt richtig,richtigstellen
stellt richtig,richtigstellen
halte feil,feilhalten
hielt feil,feilhalten
feilgehalten,feilhalten
hältst feil,feilhalten
halte feil,feilhalten
hielte feil,feilhalten
hält feil,feilhalten
haltet feil,feilhalten
fahre herunter,herunterfahren
fuhr herunter,herunterfahren
heruntergefahren,herunterfahren
fährst herunter,herunterfahren
fahr herunter,herunterfahren
führe herunter,herunterfahren
fährt herunter,herunterfahren
fahrt herunter,herunterfahren
unterlasse,unterlassen
unterließ,unterlassen
unterlassen,unterlassen
unterlässt,unterlassen
unterlass,unterlassen
unterließe,unterlassen
unterlässt,unterlassen
unterlasst,unterlassen
bringe bei,beibringen
brachte bei,beibringen
beigebracht,beibringen
bringst bei,beibringen
bring bei,beibringen
brächte bei,beibringen
bringt bei,beibringen
bringt bei,beibringen
wandere aus,auswandern
wanderte aus,auswandern
ausgewandert,auswandern
wanderst aus,auswandern
wander aus,auswandern
wanderte aus,auswandern
wandert aus,auswandern
wandert aus,auswandern
gehe fort,fortgehen
ging fort,fortgehen
fortgegangen,fortgehen
gehst fort,fortgehen
geh fort,fortgehen
ginge fort,fortgehen
geht fort,fortgehen
geht fort,fortgehen
nütze ab,abnützen
nützte ab,abnützen
abgenützt,abnützen
nützt ab,abnützen
nütze ab,abnützen
nützte ab,abnützen
nützt ab,abnützen
nützt ab,abnützen
tingiere,tingieren
tingierte,tingieren
tingiert,tingieren
tingierst,tingieren
tingiere,tingieren
tingierte,tingieren
tingiert,tingieren
tingiert,tingieren
sättige,sättigen
sättigte,sättigen
gesättigt,sättigen
sättigst,sättigen
sättige,sättigen
sättigte,sättigen
sättigt,sättigen
sättigt,sättigen
lege lahm,lahmlegen
legte lahm,lahmlegen
lahmgelegt,lahmlegen
legst lahm,lahmlegen
leg lahm,lahmlegen
legte lahm,lahmlegen
legt lahm,lahmlegen
legt lahm,lahmlegen
umreite,umreiten
umritt,umreiten
umritten,umreiten
umreitest,umreiten
umreit,umreiten
umritte,umreiten
umreitet,umreiten
umreitet,umreiten
kitte,kitten
kittete,kitten
gekittet,kitten
kittest,kitten
kitte,kitten
kittete,kitten
kittet,kitten
kittet,kitten
ablaktiere,ablaktieren
ablaktierte,ablaktieren
ablaktiert,ablaktieren
ablaktierst,ablaktieren
ablaktiere,ablaktieren
ablaktierte,ablaktieren
ablaktiert,ablaktieren
ablaktiert,ablaktieren
horte,horten
hortete,horten
gehortet,horten
hortest,horten
hort,horten
hortete,horten
hortet,horten
hortet,horten
nütze,nützen
nützte,nützen
genützt,nützen
nützt,nützen
nütze,nützen
nützte,nützen
nützt,nützen
nützt,nützen
gestalte um,umgestalten
gestaltete um,umgestalten
umgestaltet,umgestalten
gestaltest um,umgestalten
gestalt um,umgestalten
gestaltete um,umgestalten
gestaltet um,umgestalten
gestaltet um,umgestalten
ermuntere,ermuntern
ermunterte,ermuntern
ermuntert,ermuntern
ermunterst,ermuntern
ermuntere,ermuntern
ermunterte,ermuntern
ermuntert,ermuntern
ermuntert,ermuntern
gentrifiziere,gentrifizieren
gentrifizierte,gentrifizieren
gentrifiziert,gentrifizieren
gentrifizierst,gentrifizieren
gentrifizier,gentrifizieren
gentrifizierte,gentrifizieren
gentrifiziert,gentrifizieren
gentrifiziert,gentrifizieren
passe hinein,hineinpassen
passte hinein,hineinpassen
hineingepasst,hineinpassen
passt hinein,hineinpassen
pass hinein,hineinpassen
passte hinein,hineinpassen
passt hinein,hineinpassen
passt hinein,hineinpassen
pulverisiere,pulverisieren
pulverisierte,pulverisieren
pulverisiert,pulverisieren
pulverisierst,pulverisieren
pulverisier,pulverisieren
pulverisierte,pulverisieren
pulverisiert,pulverisieren
pulverisiert,pulverisieren
krage aus,auskragen
kragte aus,auskragen
ausgekragt,auskragen
kragst aus,auskragen
krag aus,auskragen
kragte aus,auskragen
kragt aus,auskragen
kragt aus,auskragen
schlurfe,schlurfen
schlurfte,schlurfen
geschlurft,schlurfen
schlurfst,schlurfen
schlurfe,schlurfen
schlurfte,schlurfen
schlurft,schlurfen
schlurft,schlurfen
dringe herein,hereindringen
drang herein,hereindringen
hereingedrungen,hereindringen
dringst herein,hereindringen
dring herein,hereindringen
dränge herein,hereindringen
dringt herein,hereindringen
dringt herein,hereindringen
puste aus,auspusten
pustete aus,auspusten
ausgepustet,auspusten
pustest aus,auspusten
puste aus,auspusten
pustete aus,auspusten
pustet aus,auspusten
pustet aus,auspusten
brause,brausen
brauste,brausen
gebraust,brausen
braust,brausen
brause,brausen
brauste,brausen
braust,brausen
braust,brausen
schließe ein,einschließen
schloss ein,einschließen
eingeschlossen,einschließen
schließt ein,einschließen
schließ ein,einschließen
schlösse ein,einschließen
schließt ein,einschließen
schließt ein,einschließen
rudimentiere,rudimentieren
rudimentierte,rudimentieren
rudimentiert,rudimentieren
rudimentierst,rudimentieren
rudimentiere,rudimentieren
rudimentierte,rudimentieren
rudimentiert,rudimentieren
rudimentiert,rudimentieren
krabble,krabbeln
krabbelte,krabbeln
gekrabbelt,krabbeln
krabbelst,krabbeln
krabble,krabbeln
krabbelte,krabbeln
krabbelt,krabbeln
krabbelt,krabbeln
hole runter,runterholen
holte runter,runterholen
runtergeholt,runterholen
holst runter,runterholen
hol runter,runterholen
holte runter,runterholen
holt runter,runterholen
holt runter,runterholen
rufe hervor,hervorrufen
rief hervor,hervorrufen
hervorgerufen,hervorrufen
rufst hervor,hervorrufen
ruf hervor,hervorrufen
riefe hervor,hervorrufen
ruft hervor,hervorrufen
ruft hervor,hervorrufen
erziehe an,anerziehen
erzog an,anerziehen
anerzogen,anerziehen
erziehst an,anerziehen
erzieh an,anerziehen
erzöge an,anerziehen
erzieht an,anerziehen
erzieht an,anerziehen
klamüsere auseinander,auseinanderklamüsern
klamüserte auseinander,auseinanderklamüsern
auseinanderklamüsert,auseinanderklamüsern
klamüserst auseinander,auseinanderklamüsern
klamüser auseinander,auseinanderklamüsern
klamüserte auseinander,auseinanderklamüsern
klamüsert auseinander,auseinanderklamüsern
klamüsert auseinander,auseinanderklamüsern
präferiere,präferieren
präferierte,präferieren
präferiert,präferieren
präferierst,präferieren
präferiere,präferieren
präferierte,präferieren
präferiert,präferieren
präferiert,präferieren
prämiere,prämieren
prämierte,prämieren
prämiert,prämieren
prämierst,prämieren
prämier,prämieren
prämierte,prämieren
prämiert,prämieren
prämiert,prämieren
schleiße,schleißen
schliss,schleißen
geschlissen,schleißen
schleißt,schleißen
schleiße,schleißen
schlisse,schleißen
schleißt,schleißen
schleißt,schleißen
glorifiziere,glorifizieren
glorifizierte,glorifizieren
glorifiziert,glorifizieren
glorifizierst,glorifizieren
glorifizier,glorifizieren
glorifizierte,glorifizieren
glorifiziert,glorifizieren
glorifiziert,glorifizieren
verlasse,verlassen
verließ,verlassen
verlassen,verlassen
verlässt,verlassen
verlasse,verlassen
verließe,verlassen
verlässt,verlassen
verlasst,verlassen
laufe herum,herumlaufen
lief herum,herumlaufen
herumgelaufen,herumlaufen
läufst herum,herumlaufen
lauf herum,herumlaufen
liefe herum,herumlaufen
läuft herum,herumlaufen
lauft herum,herumlaufen
emailliere,emaillieren
emaillierte,emaillieren
emailliert,emaillieren
emaillierst,emaillieren
emaillier,emaillieren
emaillierte,emaillieren
emailliert,emaillieren
emailliert,emaillieren
verleugne,verleugnen
verleugnete,verleugnen
verleugnet,verleugnen
verleugnest,verleugnen
verleugne,verleugnen
verleugnete,verleugnen
verleugnet,verleugnen
verleugnet,verleugnen
seihe ab,abseihen
seihte ab,abseihen
abgeseiht,abseihen
seihst ab,abseihen
seih ab,abseihen
seihte ab,abseihen
seiht ab,abseihen
seiht ab,abseihen
stehe auf,aufstehen
stand auf,aufstehen
aufgestanden,aufstehen
stehst auf,aufstehen
steh auf,aufstehen
stände auf,aufstehen
steht auf,aufstehen
steht auf,aufstehen
existiere,existieren
existierte,existieren
existiert,existieren
existierst,existieren
existiere,existieren
existierte,existieren
existiert,existieren
existiert,existieren
verallgemeinere,verallgemeinern
verallgemeinerte,verallgemeinern
verallgemeinert,verallgemeinern
verallgemeinerst,verallgemeinern
verallgemeinere,verallgemeinern
verallgemeinerte,verallgemeinern
verallgemeinert,verallgemeinern
verallgemeinert,verallgemeinern
heuere an,anheuern
heuerte an,anheuern
angeheuert,anheuern
heuerst an,anheuern
heuere an,anheuern
heuerte an,anheuern
heuert an,anheuern
heuert an,anheuern
taue auf,auftauen
taute auf,auftauen
aufgetaut,auftauen
taust auf,auftauen
tau auf,auftauen
taute auf,auftauen
taut auf,auftauen
taut auf,auftauen
bestrahle,bestrahlen
bestrahlte,bestrahlen
bestrahlt,bestrahlen
bestrahlst,bestrahlen
bestrahl,bestrahlen
bestrahlte,bestrahlen
bestrahlt,bestrahlen
bestrahlt,bestrahlen
korrespondiere,korrespondieren
korrespondierte,korrespondieren
korrespondiert,korrespondieren
korrespondierst,korrespondieren
korrespondiere,korrespondieren
korrespondierte,korrespondieren
korrespondiert,korrespondieren
korrespondiert,korrespondieren
weise auf,aufweisen
wies auf,aufweisen
aufgewiesen,aufweisen
weist auf,aufweisen
weise auf,aufweisen
wiese auf,aufweisen
weist auf,aufweisen
weist auf,aufweisen
shuttle,shuttlen
shuttlete,shuttlen
geshuttlet,shuttlen
shuttlest,shuttlen
shuttle,shuttlen
shuttlete,shuttlen
shuttlet,shuttlen
shuttlet,shuttlen
alme,almen
almte,almen
gealmt,almen
almst,almen
alm,almen
almte,almen
almt,almen
almt,almen
krame,kramen
kramte,kramen
gekramt,kramen
kramst,kramen
krame,kramen
kramte,kramen
kramt,kramen
kramt,kramen
beinhalte,beinhalten
beinhaltete,beinhalten
beinhaltet,beinhalten
beinhaltest,beinhalten
beinhalte,beinhalten
beinhaltete,beinhalten
beinhaltet,beinhalten
beinhaltet,beinhalten
mumpele,mumpeln
mumpelte,mumpeln
gemumpelt,mumpeln
mumpelst,mumpeln
mumpele,mumpeln
mumpelte,mumpeln
mumpelt,mumpeln
mumpelt,mumpeln
schaudere,schaudern
schauderte,schaudern
geschaudert,schaudern
schauderst,schaudern
schauder,schaudern
schauderte,schaudern
schaudert,schaudern
schaudert,schaudern
habe dabei,dabeihaben
hatte dabei,dabeihaben
dabeigehabt,dabeihaben
hast dabei,dabeihaben
hab dabei,dabeihaben
hätte dabei,dabeihaben
hat dabei,dabeihaben
habt dabei,dabeihaben
verschlechtere,verschlechtern
verschlechterte,verschlechtern
verschlechtert,verschlechtern
verschlechterst,verschlechtern
verschlechter,verschlechtern
verschlechterte,verschlechtern
verschlechtert,verschlechtern
verschlechtert,verschlechtern
bestruppe,bestruppen
bestruppte,bestruppen
bestruppt,bestruppen
bestruppst,bestruppen
bestrupp,bestruppen
bestruppte,bestruppen
bestruppt,bestruppen
bestruppt,bestruppen
exaltiere,exaltieren
exaltierte,exaltieren
exaltiert,exaltieren
exaltierst,exaltieren
exaltier,exaltieren
exaltierte,exaltieren
exaltiert,exaltieren
exaltiert,exaltieren
tue,tun
tat,tun
getan,tun
tust,tun
tue,tun
täte,tun
tut,tun
tut,tun
erfrage,erfragen
erfragte,erfragen
erfragt,erfragen
erfragst,erfragen
erfrag,erfragen
erfragte,erfragen
erfragt,erfragen
erfragt,erfragen
verbrauche,verbrauchen
verbrauchte,verbrauchen
verbraucht,verbrauchen
verbrauchst,verbrauchen
verbrauche,verbrauchen
verbrauchte,verbrauchen
verbraucht,verbrauchen
verbraucht,verbrauchen
schalle,schallen
schallte,schallen
geschallt,schallen
schallst,schallen
schalle,schallen
schallte,schallen
schallt,schallen
schallt,schallen
verschludere,verschludern
verschluderte,verschludern
verschludert,verschludern
verschluderst,verschludern
verschludere,verschludern
verschluderte,verschludern
verschludert,verschludern
verschludert,verschludern
monogrammiere,monogrammieren
monogrammierte,monogrammieren
monogrammiert,monogrammieren
monogrammierst,monogrammieren
monogrammiere,monogrammieren
monogrammierte,monogrammieren
monogrammiert,monogrammieren
monogrammiert,monogrammieren
brate ab,abbraten
briet ab,abbraten
abgebraten,abbraten
brätst ab,abbraten
brat ab,abbraten
briete ab,abbraten
brät ab,abbraten
bratet ab,abbraten
steige aus,aussteigen
stieg aus,aussteigen
ausgestiegen,aussteigen
steigst aus,aussteigen
steig aus,aussteigen
stiege aus,aussteigen
steigt aus,aussteigen
steigt aus,aussteigen
fixiere,fixieren
fixierte,fixieren
fixiert,fixieren
fixierst,fixieren
fixiere,fixieren
fixierte,fixieren
fixiert,fixieren
fixiert,fixieren
berühre,berühren
berührte,berühren
berührt,berühren
berührst,berühren
berühr,berühren
berührte,berühren
berührt,berühren
berührt,berühren
behindere,behindern
behinderte,behindern
behindert,behindern
behinderst,behindern
behindere,behindern
behinderte,behindern
behindert,behindern
behindert,behindern
zementiere aus,auszementieren
zementierte aus,auszementieren
auszementiert,auszementieren
zementierst aus,auszementieren
zementier aus,auszementieren
zementierte aus,auszementieren
zementiert aus,auszementieren
zementiert aus,auszementieren
kürze,kürzen
kürzte,kürzen
gekürzt,kürzen
kürzt,kürzen
kürze,kürzen
kürzte,kürzen
kürzt,kürzen
kürzt,kürzen
umgarne,umgarnen
umgarnte,umgarnen
umgarnt,umgarnen
umgarnst,umgarnen
umgarn,umgarnen
umgarnte,umgarnen
umgarnt,umgarnen
umgarnt,umgarnen
derschnaufe,derschnaufen
derschnaufte,derschnaufen
derschnauft,derschnaufen
derschnaufst,derschnaufen
derschnaufe,derschnaufen
derschnaufte,derschnaufen
derschnauft,derschnaufen
derschnauft,derschnaufen
degustiere,degustieren
degustierte,degustieren
degustiert,degustieren
degustierst,degustieren
degustier,degustieren
degustierte,degustieren
degustiert,degustieren
degustiert,degustieren
leite an,anleiten
leitete an,anleiten
angeleitet,anleiten
leitest an,anleiten
leit an,anleiten
leitete an,anleiten
leitet an,anleiten
leitet an,anleiten
konfabuliere,konfabulieren
konfabulierte,konfabulieren
konfabuliert,konfabulieren
konfabulierst,konfabulieren
konfabulier,konfabulieren
konfabulierte,konfabulieren
konfabuliert,konfabulieren
konfabuliert,konfabulieren
entflohe,entflohen
entflohte,entflohen
entfloht,entflohen
entflohst,entflohen
entfloh,entflohen
entflohte,entflohen
entfloht,entflohen
entfloht,entflohen
verneige,verneigen
verneigte,verneigen
verneigt,verneigen
verneigst,verneigen
verneig,verneigen
verneigte,verneigen
verneigt,verneigen
verneigt,verneigen
strawanze,strawanzen
strawanzte,strawanzen
strawanzt,strawanzen
strawanzt,strawanzen
strawanz,strawanzen
strawanzte,strawanzen
strawanzt,strawanzen
strawanzt,strawanzen
treidele,treideln
treidelte,treideln
getreidelt,treideln
treidelst,treideln
treidle,treideln
treidelte,treideln
treidelt,treideln
treidelt,treideln
betrinke,betrinken
betrank,betrinken
betrunken,betrinken
betrinkst,betrinken
betrink,betrinken
betränke,betrinken
betrinkt,betrinken
betrinkt,betrinken
erarbeite,erarbeiten
erarbeitete,erarbeiten
erarbeitet,erarbeiten
erarbeitest,erarbeiten
erarbeit,erarbeiten
erarbeitete,erarbeiten
erarbeitet,erarbeiten
erarbeitet,erarbeiten
vertrete,vertreten
vertrat,vertreten
vertreten,vertreten
vertrittst,vertreten
vertritt,vertreten
verträte,vertreten
vertritt,vertreten
vertretet,vertreten
verzweifle,verzweifeln
verzweifelte,verzweifeln
verzweifelt,verzweifeln
verzweifelst,verzweifeln
verzweifle,verzweifeln
verzweifelte,verzweifeln
verzweifelt,verzweifeln
verzweifelt,verzweifeln
zähle durch,durchzählen
zählte durch,durchzählen
durchgezählt,durchzählen
zählst durch,durchzählen
zähl durch,durchzählen
zählte durch,durchzählen
zählt durch,durchzählen
zählt durch,durchzählen
vomiere,vomieren
vomierte,vomieren
vomiert,vomieren
vomierst,vomieren
vomiere,vomieren
vomierte,vomieren
vomiert,vomieren
vomiert,vomieren
klettere,klettern
kletterte,klettern
geklettert,klettern
kletterst,klettern
kletter,klettern
kletterte,klettern
klettert,klettern
klettert,klettern
türme,türmen
türmte,türmen
getürmt,türmen
türmst,türmen
türm,türmen
türmte,türmen
türmt,türmen
türmt,türmen
unterpunkte,unterpunkten
unterpunktete,unterpunkten
unterpunktet,unterpunkten
unterpunktest,unterpunkten
unterpunkte,unterpunkten
unterpunktete,unterpunkten
unterpunktet,unterpunkten
unterpunktet,unterpunkten
verficke,verficken
verfickte,verficken
verfickt,verficken
verfickst,verficken
verficke,verficken
verfickte,verficken
verfickt,verficken
verfickt,verficken
stimuliere,stimulieren
stimulierte,stimulieren
stimuliert,stimulieren
stimulierst,stimulieren
stimulier,stimulieren
stimulierte,stimulieren
stimuliert,stimulieren
stimuliert,stimulieren
bombe,bomben
bombte,bomben
gebombt,bomben
bombst,bomben
bomb,bomben
bombte,bomben
bombt,bomben
bombt,bomben
fluche,fluchen
fluchte,fluchen
geflucht,fluchen
fluchst,fluchen
fluche,fluchen
fluchte,fluchen
flucht,fluchen
flucht,fluchen
hieve,hieven
hievte,hieven
gehievt,hieven
hievst,hieven
hiev,hieven
hievte,hieven
hievt,hieven
hievt,hieven
blogge,bloggen
bloggte,bloggen
gebloggt,bloggen
bloggst,bloggen
blogg,bloggen
bloggte,bloggen
bloggt,bloggen
bloggt,bloggen
posaune,posaunen
posaunte,posaunen
posaunt,posaunen
posaunst,posaunen
posaun,posaunen
posaunte,posaunen
posaunt,posaunen
posaunt,posaunen
falle um,umfallen
fiel um,umfallen
umgefallen,umfallen
fällst um,umfallen
fall um,umfallen
fiele um,umfallen
fällt um,umfallen
fallt um,umfallen
ziehe an,anziehen
zog an,anziehen
angezogen,anziehen
ziehst an,anziehen
zieh an,anziehen
zöge an,anziehen
zieht an,anziehen
zieht an,anziehen
beglücke,beglücken
beglückte,beglücken
beglückt,beglücken
beglückst,beglücken
beglück,beglücken
beglückte,beglücken
beglückt,beglücken
beglückt,beglücken
versteife,versteifen
versteifte,versteifen
versteift,versteifen
versteifst,versteifen
versteif,versteifen
versteifte,versteifen
versteift,versteifen
versteift,versteifen
schaue an,anschauen
schaute an,anschauen
angeschaut,anschauen
schaust an,anschauen
schau an,anschauen
schaute an,anschauen
schaut an,anschauen
schaut an,anschauen
wiehere,wiehern
wieherte,wiehern
gewiehert,wiehern
wieherst,wiehern
wiehere,wiehern
wieherte,wiehern
wiehert,wiehern
wiehert,wiehern
begnadige,begnadigen
begnadigte,begnadigen
begnadigt,begnadigen
begnadigst,begnadigen
begnadige,begnadigen
begnadigte,begnadigen
begnadigt,begnadigen
begnadigt,begnadigen
beurlaube,beurlauben
beurlaubte,beurlauben
beurlaubt,beurlauben
beurlaubst,beurlauben
beurlaub,beurlauben
beurlaubte,beurlauben
beurlaubt,beurlauben
beurlaubt,beurlauben
mercerisiere,mercerisieren
mercerisierte,mercerisieren
mercerisiert,mercerisieren
mercerisierst,mercerisieren
mercerisiere,mercerisieren
mercerisierte,mercerisieren
mercerisiert,mercerisieren
mercerisiert,mercerisieren
bin dafür,dafür sein
war dafür,dafür sein
dafür gewesen,dafür sein
bist dafür,dafür sein
sei dafür,dafür sein
wäre dafür,dafür sein
ist dafür,dafür sein
seid dafür,dafür sein
frömmele,frömmeln
frömmelte,frömmeln
gefrömmelt,frömmeln
frömmelst,frömmeln
frömmel,frömmeln
frömmelte,frömmeln
frömmelt,frömmeln
frömmelt,frömmeln
vernarbe,vernarben
vernarbte,vernarben
vernarbt,vernarben
vernarbst,vernarben
vernarbe,vernarben
vernarbte,vernarben
vernarbt,vernarben
vernarbt,vernarben
vergackeiere,vergackeiern
vergackeierte,vergackeiern
vergackeiert,vergackeiern
vergackeierst,vergackeiern
vergackeiere,vergackeiern
vergackeierte,vergackeiern
vergackeiert,vergackeiern
vergackeiert,vergackeiern
funze,funzen
funzte,funzen
gefunzt,funzen
funzt,funzen
funze,funzen
funzte,funzen
funzt,funzen
funzt,funzen
tratsche,tratschen
tratschte,tratschen
getratscht,tratschen
tratschst,tratschen
tratsche,tratschen
tratschte,tratschen
tratscht,tratschen
tratscht,tratschen
revanchiere,revanchieren
revanchierte,revanchieren
revanchiert,revanchieren
revanchierst,revanchieren
revanchier,revanchieren
revanchierte,revanchieren
revanchiert,revanchieren
revanchiert,revanchieren
fliehe,fliehen
floh,fliehen
geflohen,fliehen
fliehst,fliehen
fliehe,fliehen
flöhe,fliehen
flieht,fliehen
flieht,fliehen
protestiere,protestieren
protestierte,protestieren
protestiert,protestieren
protestierst,protestieren
protestiere,protestieren
protestierte,protestieren
protestiert,protestieren
protestiert,protestieren
überhöhe,überhöhen
überhöhte,überhöhen
überhöht,überhöhen
überhöhst,überhöhen
überhöh,überhöhen
überhöhte,überhöhen
überhöht,überhöhen
überhöht,überhöhen
heize,heizen
heizte,heizen
geheizt,heizen
heizt,heizen
heiz,heizen
heizte,heizen
heizt,heizen
heizt,heizen
werbe ein,einwerben
warb ein,einwerben
eingeworben,einwerben
wirbst ein,einwerben
wirb ein,einwerben
würbe ein,einwerben
wirbt ein,einwerben
werbt ein,einwerben
massiere,massieren
massierte,massieren
massiert,massieren
massierst,massieren
massiere,massieren
massierte,massieren
massiert,massieren
massiert,massieren
bringe unter,unterbringen
brachte unter,unterbringen
untergebracht,unterbringen
bringst unter,unterbringen
bring unter,unterbringen
brächte unter,unterbringen
bringt unter,unterbringen
bringt unter,unterbringen
ergrüne,ergrünen
ergrünte,ergrünen
ergrünt,ergrünen
ergrünst,ergrünen
ergrün,ergrünen
ergrünte,ergrünen
ergrünt,ergrünen
ergrünt,ergrünen
gikse,giksen
gikste,giksen
gegikst,giksen
gikst,giksen
giks,giksen
gikste,giksen
gikst,giksen
gikst,giksen
beschreibe,beschreiben
beschrieb,beschreiben
beschrieben,beschreiben
beschreibst,beschreiben
beschreibe,beschreiben
beschriebe,beschreiben
beschreibt,beschreiben
beschreibt,beschreiben
obliege,obliegen
oblag,obliegen
oblegen,obliegen
obliegst,obliegen
oblieg,obliegen
obläge,obliegen
obliegt,obliegen
obliegt,obliegen
prügele tot,totprügeln
prügelte tot,totprügeln
totgeprügelt,totprügeln
prügelst tot,totprügeln
prügele tot,totprügeln
prügelte tot,totprügeln
prügelt tot,totprügeln
prügelt tot,totprügeln
sperre aus,aussperren
sperrte aus,aussperren
ausgesperrt,aussperren
sperrst aus,aussperren
sperr aus,aussperren
sperrte aus,aussperren
sperrt aus,aussperren
sperrt aus,aussperren
kondensiere,kondensieren
kondensierte,kondensieren
kondensiert,kondensieren
kondensierst,kondensieren
kondensier,kondensieren
kondensierte,kondensieren
kondensiert,kondensieren
kondensiert,kondensieren
bleibe zurück,zurückbleiben
blieb zurück,zurückbleiben
zurückgeblieben,zurückbleiben
bleibst zurück,zurückbleiben
bleib zurück,zurückbleiben
bliebe zurück,zurückbleiben
bleibt zurück,zurückbleiben
bleibt zurück,zurückbleiben
trinke,trinken
trank,trinken
getrunken,trinken
trinkst,trinken
trink,trinken
tränke,trinken
trinkt,trinken
trinkt,trinken
betreibe,betreiben
betrieb,betreiben
betrieben,betreiben
betreibst,betreiben
betreibe,betreiben
betriebe,betreiben
betreibt,betreiben
betreibt,betreiben
demoliere,demolieren
demolierte,demolieren
demoliert,demolieren
demolierst,demolieren
demolier,demolieren
demolierte,demolieren
demoliert,demolieren
demoliert,demolieren
räume ein,einräumen
räumte ein,einräumen
eingeräumt,einräumen
räumst ein,einräumen
räum ein,einräumen
räumte ein,einräumen
räumt ein,einräumen
räumt ein,einräumen
hample,hampeln
hampelte,hampeln
gehampelt,hampeln
hampelst,hampeln
hample,hampeln
hampelte,hampeln
hampelt,hampeln
hampelt,hampeln
sehe zu,zusehen
sah zu,zusehen
zugesehen,zusehen
siehst zu,zusehen
sieh zu,zusehen
sähe zu,zusehen
sieht zu,zusehen
seht zu,zusehen
grabsche,grabschen
grabschte,grabschen
gegrabscht,grabschen
grabschst,grabschen
grabsch,grabschen
grabschte,grabschen
grabscht,grabschen
grabscht,grabschen
blake,blaken
blakte,blaken
geblakt,blaken
blakst,blaken
blake,blaken
blakte,blaken
blakt,blaken
blakt,blaken
changiere,changieren
changierte,changieren
changiert,changieren
changierst,changieren
changier,changieren
changierte,changieren
changiert,changieren
changiert,changieren
eile hinauf,hinaufeilen
eilte hinauf,hinaufeilen
hinaufgeeilt,hinaufeilen
eilst hinauf,hinaufeilen
eil hinauf,hinaufeilen
eilte hinauf,hinaufeilen
eilt hinauf,hinaufeilen
eilt hinauf,hinaufeilen
tanze,tanzen
tanzte,tanzen
getanzt,tanzen
tanzt,tanzen
tanze,tanzen
tanzte,tanzen
tanzt,tanzen
tanzt,tanzen
zäune ab,abzäunen
zäunte ab,abzäunen
abgezäunt,abzäunen
zäunst ab,abzäunen
zäune ab,abzäunen
zäunte ab,abzäunen
zäunt ab,abzäunen
zäunt ab,abzäunen
senne,sennen
sennte,sennen
gesennt,sennen
sennst,sennen
senn,sennen
sennte,sennen
sennt,sennen
sennt,sennen
richte auf,aufrichten
richtete auf,aufrichten
aufgerichtet,aufrichten
richtest auf,aufrichten
richte auf,aufrichten
richtete auf,aufrichten
richtet auf,aufrichten
richtet auf,aufrichten
halte vor,vorhalten
hielt vor,vorhalten
vorgehalten,vorhalten
hältst vor,vorhalten
halte vor,vorhalten
hielte vor,vorhalten
hält vor,vorhalten
haltet vor,vorhalten
charakterisiere,charakterisieren
charakterisierte,charakterisieren
charakterisiert,charakterisieren
charakterisierst,charakterisieren
charakterisiere,charakterisieren
charakterisierte,charakterisieren
charakterisiert,charakterisieren
charakterisiert,charakterisieren
beelende,beelenden
beelendete,beelenden
beelendet,beelenden
beelendest,beelenden
beelend,beelenden
beelendete,beelenden
beelendet,beelenden
beelendet,beelenden
kasche,kaschen
kaschte,kaschen
gekascht,kaschen
kaschst,kaschen
kasch,kaschen
kaschte,kaschen
kascht,kaschen
kascht,kaschen
mache schlecht,schlechtmachen
machte schlecht,schlechtmachen
schlechtgemacht,schlechtmachen
machst schlecht,schlechtmachen
mach schlecht,schlechtmachen
machte schlecht,schlechtmachen
macht schlecht,schlechtmachen
macht schlecht,schlechtmachen
tupfe ab,abtupfen
tupfte ab,abtupfen
abgetupft,abtupfen
tupfst ab,abtupfen
tupfe ab,abtupfen
tupfte ab,abtupfen
tupft ab,abtupfen
tupft ab,abtupfen
widerlege,widerlegen
widerlegte,widerlegen
widerlegt,widerlegen
widerlegst,widerlegen
widerlege,widerlegen
widerlegte,widerlegen
widerlegt,widerlegen
widerlegt,widerlegen
benebel,benebeln
benebelte,benebeln
benebelt,benebeln
benebelst,benebeln
benebel,benebeln
benebelte,benebeln
benebelt,benebeln
benebelt,benebeln
entlohne,entlohnen
entlohnte,entlohnen
entlohnt,entlohnen
entlohnst,entlohnen
entlohne,entlohnen
entlohnte,entlohnen
entlohnt,entlohnen
entlohnt,entlohnen
frage aus,ausfragen
fragte aus,ausfragen
ausgefragt,ausfragen
fragst aus,ausfragen
frag aus,ausfragen
fragte aus,ausfragen
fragt aus,ausfragen
fragt aus,ausfragen
hinterlaufe,hinterlaufen
hinterlief,hinterlaufen
hinterlaufen,hinterlaufen
hinterläufst,hinterlaufen
hinterlauf,hinterlaufen
hinterliefe,hinterlaufen
hinterläuft,hinterlaufen
hinterlauft,hinterlaufen
mime,mimen
mimte,mimen
gemimt,mimen
mimst,mimen
mim,mimen
mimte,mimen
mimt,mimen
mimt,mimen
plenke,plenken
plenkte,plenken
geplenkt,plenken
plenkst,plenken
plenke,plenken
plenkte,plenken
plenkt,plenken
plenkt,plenken
verwirke,verwirken
verwirkte,verwirken
verwirkt,verwirken
verwirkst,verwirken
verwirk,verwirken
verwirkte,verwirken
verwirkt,verwirken
verwirkt,verwirken
vermelde,vermelden
vermeldete,vermelden
vermeldet,vermelden
vermeldest,vermelden
vermeld,vermelden
vermeldete,vermelden
vermeldet,vermelden
vermeldet,vermelden
stehe ein,einstehen
stand ein,einstehen
eingestanden,einstehen
stehst ein,einstehen
stehe ein,einstehen
stünde ein,einstehen
steht ein,einstehen
steht ein,einstehen
fahre weiter,weiterfahren
fuhr weiter,weiterfahren
weitergefahren,weiterfahren
fährst weiter,weiterfahren
fahr weiter,weiterfahren
führe weiter,weiterfahren
fährt weiter,weiterfahren
fahrt weiter,weiterfahren
beschalle,beschallen
beschallte,beschallen
beschallt,beschallen
beschallst,beschallen
beschall,beschallen
beschallte,beschallen
beschallt,beschallen
beschallt,beschallen
beschupse,beschupsen
beschupste,beschupsen
beschupst,beschupsen
beschupst,beschupsen
beschups,beschupsen
beschupste,beschupsen
beschupst,beschupsen
beschupst,beschupsen
fummle herum,herumfummeln
fummelte herum,herumfummeln
herumgefummelt,herumfummeln
fummelst herum,herumfummeln
fummel herum,herumfummeln
fummelte herum,herumfummeln
fummelt herum,herumfummeln
fummelt herum,herumfummeln
lobpreise,lobpreisen
lobpries,lobpreisen
lobgepriesen,lobpreisen
lobpreist,lobpreisen
lobpreis,lobpreisen
lobpriese,lobpreisen
lobpreist,lobpreisen
lobpreist,lobpreisen
versteinere,versteinern
versteinerte,versteinern
versteinert,versteinern
versteinerst,versteinern
versteinere,versteinern
versteinerte,versteinern
versteinert,versteinern
versteinert,versteinern
zeihe,zeihen
zieh,zeihen
geziehen,zeihen
zeihst,zeihen
zeihe,zeihen
ziehe,zeihen
zeiht,zeihen
zeiht,zeihen
verankere,verankern
verankerte,verankern
verankert,verankern
verankerst,verankern
verankere,verankern
verankerte,verankern
verankert,verankern
verankert,verankern
ziehe vorbei,vorbeiziehen
zog vorbei,vorbeiziehen
vorbeigezogen,vorbeiziehen
ziehst vorbei,vorbeiziehen
zieh vorbei,vorbeiziehen
zöge vorbei,vorbeiziehen
zieht vorbei,vorbeiziehen
zieht vorbei,vorbeiziehen
hacke,hacken
hackte,hacken
gehackt,hacken
hackst,hacken
hack,hacken
hackte,hacken
hackt,hacken
hackt,hacken
vergrößere,vergrößern
vergrößerte,vergrößern
vergrößert,vergrößern
vergrößerst,vergrößern
vergrößere,vergrößern
vergrößerte,vergrößern
vergrößert,vergrößern
vergrößert,vergrößern
standardisiere,standardisieren
standardisierte,standardisieren
standardisiert,standardisieren
standardisierst,standardisieren
standardisier,standardisieren
standardisierte,standardisieren
standardisiert,standardisieren
standardisiert,standardisieren
führe zusammen,zusammenführen
führte zusammen,zusammenführen
zusammengeführt,zusammenführen
führst zusammen,zusammenführen
führ zusammen,zusammenführen
führte zusammen,zusammenführen
führt zusammen,zusammenführen
führt zusammen,zusammenführen
schände,schänden
schändete,schänden
geschändet,schänden
schändest,schänden
schände,schänden
schändete,schänden
schändet,schänden
schändet,schänden
bausche,bauschen
bauschte,bauschen
gebauscht,bauschen
bauschst,bauschen
bausch,bauschen
bauschte,bauschen
bauscht,bauschen
bauscht,bauschen
nehme fest,festnehmen
nahm fest,festnehmen
festgenommen,festnehmen
nimmst fest,festnehmen
nimm fest,festnehmen
nähme fest,festnehmen
nimmt fest,festnehmen
nehmt fest,festnehmen
komplettiere,komplettieren
komplettierte,komplettieren
komplettiert,komplettieren
komplettierst,komplettieren
komplettier,komplettieren
komplettierte,komplettieren
komplettiert,komplettieren
komplettiert,komplettieren
qualifiziere,qualifizieren
qualifizierte,qualifizieren
qualifiziert,qualifizieren
qualifizierst,qualifizieren
qualifizier,qualifizieren
qualifizierte,qualifizieren
qualifiziert,qualifizieren
qualifiziert,qualifizieren
tropfe,tropfen
tropfte,tropfen
getropft,tropfen
tropfst,tropfen
tropfe,tropfen
tropfte,tropfen
tropft,tropfen
tropft,tropfen
verquirle,verquirlen
verquirlte,verquirlen
verquirlt,verquirlen
verquirlst,verquirlen
verquirl,verquirlen
verquirlte,verquirlen
verquirlt,verquirlen
verquirlt,verquirlen
kriege ein,einkriegen
kriegte ein,einkriegen
eingekriegt,einkriegen
kriegst ein,einkriegen
krieg ein,einkriegen
kriegte ein,einkriegen
kriegt ein,einkriegen
kriegt ein,einkriegen
safte,saften
saftete,saften
gesaftet,saften
saftest,saften
safte,saften
saftete,saften
saftet,saften
saftet,saften
hechle,hecheln
hechelte,hecheln
gehechelt,hecheln
hechelst,hecheln
hechele,hecheln
hechelte,hecheln
hechelt,hecheln
hechelt,hecheln
beregne,beregnen
beregnete,beregnen
beregnet,beregnen
beregnest,beregnen
beregne,beregnen
beregnete,beregnen
beregnet,beregnen
beregnet,beregnen
defäkiere,defäkieren
defäkierte,defäkieren
defäkiert,defäkieren
defäkierst,defäkieren
defäkier,defäkieren
defäkierte,defäkieren
defäkiert,defäkieren
defäkiert,defäkieren
entstamme,entstammen
entstammte,entstammen
entstammt,entstammen
entstammst,entstammen
entstamme,entstammen
entstammte,entstammen
entstammt,entstammen
entstammt,entstammen
segelgeflogen,segelfliegen
persuadiere,persuadieren
persuadierte,persuadieren
persuadiert,persuadieren
persuadierst,persuadieren
persuadiere,persuadieren
persuadierte,persuadieren
persuadiert,persuadieren
persuadiert,persuadieren
gurre,gurren
gurrte,gurren
gegurrt,gurren
gurrst,gurren
gurre,gurren
gurrte,gurren
gurrt,gurren
gurrt,gurren
setze hin,hinsetzen
setzte hin,hinsetzen
hingesetzt,hinsetzen
setzt hin,hinsetzen
setz hin,hinsetzen
setzte hin,hinsetzen
setzt hin,hinsetzen
setzt hin,hinsetzen
exorzisiere,exorzisieren
exorzisierte,exorzisieren
exorzisiert,exorzisieren
exorzisierst,exorzisieren
exorzisier,exorzisieren
exorzisierte,exorzisieren
exorzisiert,exorzisieren
exorzisiert,exorzisieren
marache,marachen
marachte,marachen
maracht,marachen
marachst,marachen
marache,marachen
marachte,marachen
maracht,marachen
maracht,marachen
rüste aus,ausrüsten
rüstete aus,ausrüsten
ausgerüstet,ausrüsten
rüstest aus,ausrüsten
rüste aus,ausrüsten
rüstete aus,ausrüsten
rüstet aus,ausrüsten
rüstet aus,ausrüsten
liste auf,auflisten
listete auf,auflisten
aufgelistet,auflisten
listest auf,auflisten
list auf,auflisten
listete auf,auflisten
listet auf,auflisten
listet auf,auflisten
freunde an,anfreunden
freundete an,anfreunden
angefreundet,anfreunden
freundest an,anfreunden
freunde an,anfreunden
freundete an,anfreunden
freundet an,anfreunden
freundet an,anfreunden
voipe,voipen
voipte,voipen
gevoipt,voipen
voipst,voipen
voip,voipen
voipte,voipen
voipt,voipen
voipt,voipen
botsche,botschen
botschte,botschen
gebotscht,botschen
botschst,botschen
botsche,botschen
botschte,botschen
botscht,botschen
botscht,botschen
alloziere,allozieren
allozierte,allozieren
alloziert,allozieren
allozierst,allozieren
allozier,allozieren
allozierte,allozieren
alloziert,allozieren
alloziert,allozieren
widme,widmen
widmete,widmen
gewidmet,widmen
widmest,widmen
widme,widmen
widmete,widmen
widmet,widmen
widmet,widmen
übermittle,übermitteln
übermittelte,übermitteln
übermittelt,übermitteln
übermittelst,übermitteln
übermittle,übermitteln
übermittelte,übermitteln
übermittelt,übermitteln
übermittelt,übermitteln
kalbe,kalben
kalbte,kalben
gekalbt,kalben
kalbst,kalben
kalbe,kalben
kalbte,kalben
kalbt,kalben
kalbt,kalben
rechtgeschrieben,rechtschreiben
sudere,sudern
suderte,sudern
gesudert,sudern
suderst,sudern
suder,sudern
suderte,sudern
sudert,sudern
sudert,sudern
verteile,verteilen
verteilte,verteilen
verteilt,verteilen
verteilst,verteilen
verteile,verteilen
verteilte,verteilen
verteilt,verteilen
verteilt,verteilen
verhelfe,verhelfen
verhalf,verhelfen
verholfen,verhelfen
verhilfst,verhelfen
verhilf,verhelfen
verhälfe,verhelfen
verhilft,verhelfen
verhelft,verhelfen
gehe zu,zugehen
ging zu,zugehen
zugegangen,zugehen
gehst zu,zugehen
geh zu,zugehen
ginge zu,zugehen
geht zu,zugehen
geht zu,zugehen
trockne ab,abtrocknen
trocknete ab,abtrocknen
abgetrocknet,abtrocknen
trocknest ab,abtrocknen
trockne ab,abtrocknen
trocknete ab,abtrocknen
trocknet ab,abtrocknen
trocknet ab,abtrocknen
amalgamiere,amalgamieren
amalgamierte,amalgamieren
amalgamiert,amalgamieren
amalgamierst,amalgamieren
amalgamiere,amalgamieren
amalgamierte,amalgamieren
amalgamiert,amalgamieren
amalgamiert,amalgamieren
kullere,kullern
kullerte,kullern
gekullert,kullern
kullerst,kullern
kullere,kullern
kullerte,kullern
kullert,kullern
kullert,kullern
radiziere,radizieren
radizierte,radizieren
radiziert,radizieren
radizierst,radizieren
radizier,radizieren
radizierte,radizieren
radiziert,radizieren
radiziert,radizieren
brauche ab,abbrauchen
brauchte ab,abbrauchen
abgebraucht,abbrauchen
brauchst ab,abbrauchen
brauch ab,abbrauchen
brauchte ab,abbrauchen
braucht ab,abbrauchen
braucht ab,abbrauchen
jongliere,jonglieren
jonglierte,jonglieren
jongliert,jonglieren
jonglierst,jonglieren
jongliere,jonglieren
jonglierte,jonglieren
jongliert,jonglieren
jongliert,jonglieren
setze fest,festsetzen
setzte fest,festsetzen
festgesetzt,festsetzen
setzt fest,festsetzen
setz fest,festsetzen
setzte fest,festsetzen
setzt fest,festsetzen
setzt fest,festsetzen
berufe ab,abberufen
berief ab,abberufen
abberufen,abberufen
berufst ab,abberufen
beruf ab,abberufen
beriefe ab,abberufen
beruft ab,abberufen
beruft ab,abberufen
werke,werken
werkte,werken
gewerkt,werken
werkst,werken
werk,werken
werkte,werken
werkt,werken
werkt,werken
poste,posten
postete,posten
gepostet,posten
postest,posten
poste,posten
postete,posten
postet,posten
postet,posten
tendiere,tendieren
tendierte,tendieren
tendiert,tendieren
tendierst,tendieren
tendiere,tendieren
tendierte,tendieren
tendiert,tendieren
tendiert,tendieren
ledere,ledern
lederte,ledern
geledert,ledern
lederst,ledern
ledere,ledern
lederte,ledern
ledert,ledern
ledert,ledern
erraffe,erraffen
erraffte,erraffen
errafft,erraffen
erraffst,erraffen
erraff,erraffen
erraffte,erraffen
errafft,erraffen
errafft,erraffen
dränge,drängen
drängte,drängen
gedrängt,drängen
drängst,drängen
dränge,drängen
drängte,drängen
drängt,drängen
drängt,drängen
entströmte,entströmen
entströmt,entströmen
entströmte,entströmen
entströmt,entströmen
diene,dienen
diente,dienen
gedient,dienen
dienst,dienen
diene,dienen
diente,dienen
dient,dienen
dient,dienen
kicke,kicken
kickte,kicken
gekickt,kicken
kickst,kicken
kick,kicken
kickte,kicken
kickt,kicken
kickt,kicken
prasse,prassen
prasste,prassen
geprasst,prassen
prasst,prassen
prass,prassen
prasste,prassen
prasst,prassen
prasst,prassen
desertiere,desertieren
desertierte,desertieren
desertiert,desertieren
desertierst,desertieren
desertiere,desertieren
desertierte,desertieren
desertiert,desertieren
desertiert,desertieren
initiiere,initiieren
initiierte,initiieren
initiiert,initiieren
initiierst,initiieren
initiiere,initiieren
initiierte,initiieren
initiiert,initiieren
initiiert,initiieren
entchlore,entchloren
entchlorte,entchloren
entchlort,entchloren
entchlorst,entchloren
entchlor,entchloren
entchlorte,entchloren
entchlort,entchloren
entchlort,entchloren
entäste,entästen
entästete,entästen
entästet,entästen
entästest,entästen
entäst,entästen
entästete,entästen
entästet,entästen
entästet,entästen
festfrage,festfragen
festfragte,festfragen
gefestfragt,festfragen
festfragst,festfragen
festfrag,festfragen
festfragte,festfragen
festfragt,festfragen
festfragt,festfragen
klage,klagen
klagte,klagen
geklagt,klagen
klagst,klagen
klag,klagen
klagte,klagen
klagt,klagen
klagt,klagen
forme ab,abformen
formte ab,abformen
abgeformt,abformen
formst ab,abformen
form ab,abformen
formte ab,abformen
formt ab,abformen
formt ab,abformen
tunke,tunken
tunkte,tunken
getunkt,tunken
tunkst,tunken
tunk,tunken
tunkte,tunken
tunkt,tunken
tunkt,tunken
melde zurück,zurückmelden
meldete zurück,zurückmelden
zurückgemeldet,zurückmelden
meldest zurück,zurückmelden
meld zurück,zurückmelden
meldete zurück,zurückmelden
meldet zurück,zurückmelden
meldet zurück,zurückmelden
projiziere,projizieren
projizierte,projizieren
projiziert,projizieren
projizierst,projizieren
projiziere,projizieren
projizierte,projizieren
projiziert,projizieren
projiziert,projizieren
pause ab,abpausen
pauste ab,abpausen
abgepaust,abpausen
paust ab,abpausen
pause ab,abpausen
pauste ab,abpausen
paust ab,abpausen
paust ab,abpausen
strafe,strafen
strafte,strafen
gestraft,strafen
strafst,strafen
strafe,strafen
strafte,strafen
straft,strafen
straft,strafen
siede,sieden
sott,sieden
gesotten,sieden
siedest,sieden
sied,sieden
sötte,sieden
siedet,sieden
siedet,sieden
trimme,trimmen
trimmte,trimmen
getrimmt,trimmen
trimmst,trimmen
trimme,trimmen
trimmte,trimmen
trimmt,trimmen
trimmt,trimmen
zerschnippele,zerschnippeln
zerschnippelte,zerschnippeln
zerschnippelt,zerschnippeln
zerschnippelst,zerschnippeln
zerschnippel,zerschnippeln
zerschnippelte,zerschnippeln
zerschnippelt,zerschnippeln
zerschnippelt,zerschnippeln
befuge,befugen
befugte,befugen
befugt,befugen
befugst,befugen
befug,befugen
befugte,befugen
befugt,befugen
befugt,befugen
gehe auseinander,auseinandergehen
ging auseinander,auseinandergehen
auseinandergegangen,auseinandergehen
gehst auseinander,auseinandergehen
geh auseinander,auseinandergehen
ginge auseinander,auseinandergehen
geht auseinander,auseinandergehen
geht auseinander,auseinandergehen
abaissiere,abaissieren
abaissierte,abaissieren
abaissiert,abaissieren
abaissierst,abaissieren
abaissiere,abaissieren
abaissierte,abaissieren
abaissiert,abaissieren
abaissiert,abaissieren
encouragiere,encouragieren
encouragierte,encouragieren
encouragiert,encouragieren
encouragierst,encouragieren
encouragier,encouragieren
encouragierte,encouragieren
encouragiert,encouragieren
encouragiert,encouragieren
verzocke,verzocken
verzockte,verzocken
verzockt,verzocken
verzockst,verzocken
verzocke,verzocken
verzockte,verzocken
verzockt,verzocken
verzockt,verzocken
exhaliere,exhalieren
exhalierte,exhalieren
exhaliert,exhalieren
exhalierst,exhalieren
exhalier,exhalieren
exhalierte,exhalieren
exhaliert,exhalieren
exhaliert,exhalieren
dauere fort,fortdauern
dauerte fort,fortdauern
fortgedauert,fortdauern
dauerst fort,fortdauern
dauere fort,fortdauern
dauerte fort,fortdauern
dauert fort,fortdauern
dauert fort,fortdauern
entflechte,entflechten
entflocht,entflechten
entflochten,entflechten
entflichtst,entflechten
entflicht,entflechten
entflöchte,entflechten
entflicht,entflechten
entflechtet,entflechten
flambiere,flambieren
flambierte,flambieren
flambiert,flambieren
flambierst,flambieren
flambier,flambieren
flambierte,flambieren
flambiert,flambieren
flambiert,flambieren
unterzeichne,unterzeichnen
unterzeichnete,unterzeichnen
unterzeichnet,unterzeichnen
unterzeichnest,unterzeichnen
unterzeichne,unterzeichnen
unterzeichnete,unterzeichnen
unterzeichnet,unterzeichnen
unterzeichnet,unterzeichnen
creme ein,eincremen
cremte ein,eincremen
eingecremt,eincremen
cremst ein,eincremen
crem ein,eincremen
cremte ein,eincremen
cremt ein,eincremen
cremt ein,eincremen
pachte,pachten
pachtete,pachten
gepachtet,pachten
pachtest,pachten
pachte,pachten
pachtete,pachten
pachtet,pachten
pachtet,pachten
juble unter,unterjubeln
jubelte unter,unterjubeln
untergejubelt,unterjubeln
jubelst unter,unterjubeln
juble unter,unterjubeln
jubelte unter,unterjubeln
jubelt unter,unterjubeln
jubelt unter,unterjubeln
vertröste,vertrösten
vertröstete,vertrösten
vertröstet,vertrösten
vertröstest,vertrösten
vertröst,vertrösten
vertröstete,vertrösten
vertröstet,vertrösten
vertröstet,vertrösten
geiere,geiern
geierte,geiern
gegeiert,geiern
geierst,geiern
geier,geiern
geierte,geiern
geiert,geiern
geiert,geiern
rezitiere,rezitieren
rezitierte,rezitieren
rezitiert,rezitieren
rezitierst,rezitieren
rezitier,rezitieren
rezitierte,rezitieren
rezitiert,rezitieren
rezitiert,rezitieren
fahre,fahren
fuhr,fahren
gefahren,fahren
fährst,fahren
fahr,fahren
führe,fahren
fährt,fahren
fahrt,fahren
halte fest,festhalten
hielt fest,festhalten
festgehalten,festhalten
hältst fest,festhalten
halte fest,festhalten
hielte fest,festhalten
hält fest,festhalten
haltet fest,festhalten
derbätze,derbätzen
derbätzte,derbätzen
derbätzt,derbätzen
derbätzt,derbätzen
derbätze,derbätzen
derbätzte,derbätzen
derbätzt,derbätzen
derbätzt,derbätzen
summe,summen
summte,summen
gesummt,summen
summst,summen
summe,summen
summte,summen
summt,summen
summt,summen
benehme,benehmen
benahm,benehmen
benommen,benehmen
benimmst,benehmen
benimm,benehmen
benähme,benehmen
benimmt,benehmen
benehmt,benehmen
lache aus,auslachen
lachte aus,auslachen
ausgelacht,auslachen
lachst aus,auslachen
lach aus,auslachen
lachte aus,auslachen
lacht aus,auslachen
lacht aus,auslachen
spachtel,spachteln
spachtelte,spachteln
gespachtelt,spachteln
spachtelst,spachteln
spachtel,spachteln
spachtelte,spachteln
spachtelt,spachteln
spachtelt,spachteln
japse,japsen
japste,japsen
gejapst,japsen
japst,japsen
japs,japsen
japste,japsen
japst,japsen
japst,japsen
vaporisiere,vaporisieren
vaporisierte,vaporisieren
vaporisiert,vaporisieren
vaporisierst,vaporisieren
vaporisiere,vaporisieren
vaporisierte,vaporisieren
vaporisiert,vaporisieren
vaporisiert,vaporisieren
grenze aus,ausgrenzen
grenzte aus,ausgrenzen
ausgegrenzt,ausgrenzen
grenzt aus,ausgrenzen
grenze aus,ausgrenzen
grenzte aus,ausgrenzen
grenzt aus,ausgrenzen
grenzt aus,ausgrenzen
verfumfeie,verfumfeien
verfumfeite,verfumfeien
verfumfeit,verfumfeien
verfumfeist,verfumfeien
verfumfeie,verfumfeien
verfumfeite,verfumfeien
verfumfeit,verfumfeien
verfumfeit,verfumfeien
bemeistere,bemeistern
bemeisterte,bemeistern
bemeistert,bemeistern
bemeisterst,bemeistern
bemeister,bemeistern
bemeisterte,bemeistern
bemeistert,bemeistern
bemeistert,bemeistern
rüste,rüsten
rüstete,rüsten
gerüstet,rüsten
rüstest,rüsten
rüste,rüsten
rüstete,rüsten
rüstet,rüsten
rüstet,rüsten
quabbele,quabbeln
quabbelte,quabbeln
gequabbelt,quabbeln
quabbelst,quabbeln
quabbele,quabbeln
quabbelte,quabbeln
quabbelt,quabbeln
quabbelt,quabbeln
egge,eggen
eggte,eggen
geeggt,eggen
eggst,eggen
egg,eggen
eggte,eggen
eggt,eggen
eggt,eggen
gewähre,gewähren
gewährte,gewähren
gewährt,gewähren
gewährst,gewähren
gewähre,gewähren
gewährte,gewähren
gewährt,gewähren
gewährt,gewähren
verwende,verwenden
verwendete,verwenden
verwendet,verwenden
verwendest,verwenden
verwende,verwenden
verwendete,verwenden
verwendet,verwenden
verwendet,verwenden
kacke,kacken
kackte,kacken
gekackt,kacken
kackst,kacken
kack,kacken
kackte,kacken
kackt,kacken
kackt,kacken
zerspalte,zerspalten
zerspaltete,zerspalten
zerspaltet,zerspalten
zerspaltest,zerspalten
zerspalt,zerspalten
zerspaltete,zerspalten
zerspaltet,zerspalten
zerspaltet,zerspalten
ionisiere,ionisieren
ionisierte,ionisieren
ionisiert,ionisieren
ionisierst,ionisieren
ionisier,ionisieren
ionisierte,ionisieren
ionisiert,ionisieren
ionisiert,ionisieren
schnacke,schnacken
schnackte,schnacken
geschnackt,schnacken
schnackst,schnacken
schnack,schnacken
schnackte,schnacken
schnackt,schnacken
schnackt,schnacken
fitte,fitten
fittete,fitten
gefittet,fitten
fittest,fitten
fitte,fitten
fittete,fitten
fittet,fitten
fittet,fitten
falle,fallen
fiel,fallen
gefallen,fallen
fällst,fallen
falle,fallen
fiele,fallen
fällt,fallen
fallt,fallen
lasse vor,vorlassen
ließ vor,vorlassen
vorgelassen,vorlassen
lässt vor,vorlassen
lass vor,vorlassen
ließe vor,vorlassen
lässt vor,vorlassen
lasst vor,vorlassen
erkälte,erkälten
erkältete,erkälten
erkältet,erkälten
erkältest,erkälten
erkälte,erkälten
erkältete,erkälten
erkältet,erkälten
erkältet,erkälten
entsage,entsagen
entsagte,entsagen
entsagt,entsagen
entsagst,entsagen
entsag,entsagen
entsagte,entsagen
entsagt,entsagen
entsagt,entsagen
mute an,anmuten
mutete an,anmuten
angemutet,anmuten
mutest an,anmuten
mute an,anmuten
mutete an,anmuten
mutet an,anmuten
mutet an,anmuten
werfe weg,wegwerfen
warf weg,wegwerfen
weggeworfen,wegwerfen
wirfst weg,wegwerfen
wirf weg,wegwerfen
würfe weg,wegwerfen
wirft weg,wegwerfen
werft weg,wegwerfen
polke,polken
polkte,polken
gepolkt,polken
polkst,polken
polk,polken
polkte,polken
polkt,polken
polkt,polken
verweise,verweisen
verwies,verweisen
verwiesen,verweisen
verweist,verweisen
verweise,verweisen
verwiese,verweisen
verweist,verweisen
verweist,verweisen
komme hin,hinkommen
kam hin,hinkommen
hingekommen,hinkommen
kommst hin,hinkommen
komm hin,hinkommen
käme hin,hinkommen
kommt hin,hinkommen
kommt hin,hinkommen
gehe einig,einiggehen
ging einig,einiggehen
einiggegangen,einiggehen
gehst einig,einiggehen
geh einig,einiggehen
ginge einig,einiggehen
geht einig,einiggehen
geht einig,einiggehen
beschwöre herauf,heraufbeschwören
beschwor herauf,heraufbeschwören
heraufbeschworen,heraufbeschwören
beschwörst herauf,heraufbeschwören
beschwöre herauf,heraufbeschwören
beschwöre herauf,heraufbeschwören
beschwört herauf,heraufbeschwören
beschwört herauf,heraufbeschwören
schöne,schönen
schönte,schönen
geschönt,schönen
schönst,schönen
schöne,schönen
schönte,schönen
schönt,schönen
schönt,schönen
zeige herum,herumzeigen
zeigte herum,herumzeigen
herumgezeigt,herumzeigen
zeigst herum,herumzeigen
zeig herum,herumzeigen
zeigte herum,herumzeigen
zeigt herum,herumzeigen
zeigt herum,herumzeigen
strecke aus,ausstrecken
streckte aus,ausstrecken
ausgestreckt,ausstrecken
streckst aus,ausstrecken
streck aus,ausstrecken
streckte aus,ausstrecken
streckt aus,ausstrecken
streckt aus,ausstrecken
bestöhne,bestöhnen
bestöhnte,bestöhnen
bestöhnt,bestöhnen
bestöhnst,bestöhnen
bestöhn,bestöhnen
bestöhnte,bestöhnen
bestöhnt,bestöhnen
bestöhnt,bestöhnen
mantsche,mantschen
mantschte,mantschen
gemantscht,mantschen
mantschst,mantschen
mantsch,mantschen
mantschte,mantschen
mantscht,mantschen
mantscht,mantschen
rühme,rühmen
rühmte,rühmen
gerühmt,rühmen
rühmst,rühmen
rühm,rühmen
rühmte,rühmen
rühmt,rühmen
rühmt,rühmen
erdichte,erdichten
erdichtete,erdichten
erdichtet,erdichten
erdichtest,erdichten
erdicht,erdichten
erdichtete,erdichten
erdichtet,erdichten
erdichtet,erdichten
irrlichtere,irrlichtern
irrlichterte,irrlichtern
geirrlichtert,irrlichtern
irrlichterst,irrlichtern
irrlichtere,irrlichtern
irrlichterte,irrlichtern
irrlichtert,irrlichtern
irrlichtert,irrlichtern
genese,genesen
genas,genesen
genesen,genesen
genest,genesen
genese,genesen
genäse,genesen
genest,genesen
genest,genesen
statuiere,statuieren
statuierte,statuieren
statuiert,statuieren
statuierst,statuieren
statuiere,statuieren
statuierte,statuieren
statuiert,statuieren
statuiert,statuieren
höre satt,satthören
hörte satt,satthören
sattgehört,satthören
hörst satt,satthören
hör satt,satthören
hörte satt,satthören
hört satt,satthören
hört satt,satthören
insinuiere,insinuieren
insinuierte,insinuieren
insinuiert,insinuieren
insinuierst,insinuieren
insinuiere,insinuieren
insinuierte,insinuieren
insinuiert,insinuieren
insinuiert,insinuieren
belebe,beleben
belebte,beleben
belebt,beleben
belebst,beleben
belebe,beleben
belebte,beleben
belebt,beleben
belebt,beleben
tauche,tauchen
tauchte,tauchen
getaucht,tauchen
tauchst,tauchen
tauche,tauchen
tauchte,tauchen
taucht,tauchen
taucht,tauchen
reflektiere,reflektieren
reflektierte,reflektieren
reflektiert,reflektieren
reflektierst,reflektieren
reflektiere,reflektieren
reflektierte,reflektieren
reflektiert,reflektieren
reflektiert,reflektieren
nächtige,nächtigen
nächtigte,nächtigen
genächtigt,nächtigen
nächtigst,nächtigen
nächtige,nächtigen
nächtigte,nächtigen
nächtigt,nächtigen
nächtigt,nächtigen
knospte,knospen
geknospt,knospen
knospte,knospen
knospt,knospen
entspanne,entspannen
entspannte,entspannen
entspannt,entspannen
entspannst,entspannen
entspann,entspannen
entspannte,entspannen
entspannt,entspannen
entspannt,entspannen
tauche auf,auftauchen
tauchte auf,auftauchen
aufgetaucht,auftauchen
tauchst auf,auftauchen
tauche auf,auftauchen
tauchte auf,auftauchen
taucht auf,auftauchen
taucht auf,auftauchen
zerschmettere,zerschmettern
zerschmetterte,zerschmettern
zerschmettert,zerschmettern
zerschmetterst,zerschmettern
zerschmettere,zerschmettern
zerschmetterte,zerschmettern
zerschmettert,zerschmettern
zerschmettert,zerschmettern
dramatisiere,dramatisieren
dramatisierte,dramatisieren
dramatisiert,dramatisieren
dramatisierst,dramatisieren
dramatisiere,dramatisieren
dramatisierte,dramatisieren
dramatisiert,dramatisieren
dramatisiert,dramatisieren
knicke,knicken
knickte,knicken
geknickt,knicken
knickst,knicken
knick,knicken
knickte,knicken
knickt,knicken
knickt,knicken
guillochiere,guillochieren
guillochierte,guillochieren
guillochiert,guillochieren
guillochierst,guillochieren
guillochier,guillochieren
guillochierte,guillochieren
guillochiert,guillochieren
guillochiert,guillochieren
begaunere,begaunern
begaunerte,begaunern
begaunert,begaunern
begaunerst,begaunern
begauner,begaunern
begaunerte,begaunern
begaunert,begaunern
begaunert,begaunern
tucker,tuckern
tuckerte,tuckern
getuckert,tuckern
tuckerst,tuckern
tucker,tuckern
tuckerte,tuckern
tuckert,tuckern
tuckert,tuckern
dispergiere,dispergieren
dispergierte,dispergieren
dispergiert,dispergieren
dispergierst,dispergieren
dispergiere,dispergieren
dispergierte,dispergieren
dispergiert,dispergieren
dispergiert,dispergieren
lautiere,lautieren
lautierte,lautieren
lautiert,lautieren
lautierst,lautieren
lautier,lautieren
lautierte,lautieren
lautiert,lautieren
lautiert,lautieren
kränze,kränzen
kränzte,kränzen
gekränzt,kränzen
kränzt,kränzen
kränz,kränzen
kränzte,kränzen
kränzt,kränzen
kränzt,kränzen
referiere,referieren
referierte,referieren
referiert,referieren
referierst,referieren
referiere,referieren
referierte,referieren
referiert,referieren
referiert,referieren
liste,listen
listete,listen
gelistet,listen
listest,listen
list,listen
listete,listen
listet,listen
listet,listen
entleihe,entleihen
entlieh,entleihen
entliehen,entleihen
entleihst,entleihen
entleih,entleihen
entliehe,entleihen
entleiht,entleihen
entleiht,entleihen
enttäusche,enttäuschen
enttäuschte,enttäuschen
enttäuscht,enttäuschen
enttäuschst,enttäuschen
enttäusche,enttäuschen
enttäuschte,enttäuschen
enttäuscht,enttäuschen
enttäuscht,enttäuschen
enteise,enteisen
enteiste,enteisen
enteist,enteisen
enteist,enteisen
enteis,enteisen
enteiste,enteisen
enteist,enteisen
enteist,enteisen
füßle,füßeln
füßelte,füßeln
gefüßelt,füßeln
füßelst,füßeln
füßle,füßeln
füßelte,füßeln
füßelt,füßeln
füßelt,füßeln
bleibe fort,fortbleiben
blieb fort,fortbleiben
fortgeblieben,fortbleiben
bleibst fort,fortbleiben
bleib fort,fortbleiben
bliebe fort,fortbleiben
bleibt fort,fortbleiben
bleibt fort,fortbleiben
illere,illern
illerte,illern
geillert,illern
illerst,illern
iller,illern
illerte,illern
illert,illern
illert,illern
ergieße,ergießen
ergoss,ergießen
ergossen,ergießen
ergießt,ergießen
ergieß,ergießen
ergösse,ergießen
ergießt,ergießen
ergießt,ergießen
raffiniere,raffinieren
raffinierte,raffinieren
raffiniert,raffinieren
raffinierst,raffinieren
raffinier,raffinieren
raffinierte,raffinieren
raffiniert,raffinieren
raffiniert,raffinieren
ergattere,ergattern
ergatterte,ergattern
ergattert,ergattern
ergatterst,ergattern
ergattere,ergattern
ergatterte,ergattern
ergattert,ergattern
ergattert,ergattern
kaufe ab,abkaufen
kaufte ab,abkaufen
abgekauft,abkaufen
kaufst ab,abkaufen
kauf ab,abkaufen
kaufte ab,abkaufen
kauft ab,abkaufen
kauft ab,abkaufen
dränge ab,abdrängen
drängte ab,abdrängen
abgedrängt,abdrängen
drängst ab,abdrängen
dränge ab,abdrängen
drängte ab,abdrängen
drängt ab,abdrängen
drängt ab,abdrängen
kapitalisiere,kapitalisieren
kapitalisierte,kapitalisieren
kapitalisiert,kapitalisieren
kapitalisierst,kapitalisieren
kapitalisiere,kapitalisieren
kapitalisierte,kapitalisieren
kapitalisiert,kapitalisieren
kapitalisiert,kapitalisieren
fange,fangen
fing,fangen
gefangen,fangen
fängst,fangen
fang,fangen
finge,fangen
fängt,fangen
fangt,fangen
verlängere,verlängern
verlängerte,verlängern
verlängert,verlängern
verlängerst,verlängern
verlängere,verlängern
verlängerte,verlängern
verlängert,verlängern
verlängert,verlängern
breche ab,abbrechen
brach ab,abbrechen
abgebrochen,abbrechen
brichst ab,abbrechen
brich ab,abbrechen
bräche ab,abbrechen
bricht ab,abbrechen
brecht ab,abbrechen
traumatisiere,traumatisieren
traumatisierte,traumatisieren
traumatisiert,traumatisieren
traumatisierst,traumatisieren
traumatisiere,traumatisieren
traumatisierte,traumatisieren
traumatisiert,traumatisieren
traumatisiert,traumatisieren
entlüfte,entlüften
entlüftete,entlüften
entlüftet,entlüften
entlüftest,entlüften
entlüft,entlüften
entlüftete,entlüften
entlüftet,entlüften
entlüftet,entlüften
schachte,schachten
schachtete,schachten
geschachtet,schachten
schachtest,schachten
schacht,schachten
schachtete,schachten
schachtet,schachten
schachtet,schachten
verschule,verschulen
verschulte,verschulen
verschult,verschulen
verschulst,verschulen
verschul,verschulen
verschulte,verschulen
verschult,verschulen
verschult,verschulen
schweibe,schweiben
<small>(schweibte)</small>,schweiben
geschweibt,schweiben
schweibst,schweiben
schweibe,schweiben
<small>(schweibte)</small>,schweiben
schweibt,schweiben
schweibt,schweiben
laufe über,überlaufen
lief über,überlaufen
übergelaufen,überlaufen
läufst über,überlaufen
lauf über,überlaufen
liefe über,überlaufen
läuft über,überlaufen
lauft über,überlaufen
gaukle,gaukeln
gaukelte,gaukeln
gegaukelt,gaukeln
gaukelst,gaukeln
gaukel,gaukeln
gaukelte,gaukeln
gaukelt,gaukeln
gaukelt,gaukeln
werfe aus,auswerfen
warf aus,auswerfen
ausgeworfen,auswerfen
wirfst aus,auswerfen
wirf aus,auswerfen
würfe aus,auswerfen
wirft aus,auswerfen
werft aus,auswerfen
entgelte,entgelten
entgalt,entgelten
entgolten,entgelten
entgiltst,entgelten
entgilt,entgelten
entgälte,entgelten
entgilt,entgelten
entgeltet,entgelten
torkle,torkeln
torkelte,torkeln
getorkelt,torkeln
torkelst,torkeln
torkle,torkeln
torkelte,torkeln
torkelt,torkeln
torkelt,torkeln
erbrülle,erbrüllen
erbrüllte,erbrüllen
erbrüllt,erbrüllen
erbrüllst,erbrüllen
erbrüll,erbrüllen
erbrüllte,erbrüllen
erbrüllt,erbrüllen
erbrüllt,erbrüllen
fahre vorüber,vorüberfahren
fuhr vorüber,vorüberfahren
vorübergefahren,vorüberfahren
fährst vorüber,vorüberfahren
fahr vorüber,vorüberfahren
führe vorüber,vorüberfahren
fährt vorüber,vorüberfahren
fahrt vorüber,vorüberfahren
entkleide,entkleiden
entkleidete,entkleiden
entkleidet,entkleiden
entkleidest,entkleiden
entkleid,entkleiden
entkleidete,entkleiden
entkleidet,entkleiden
entkleidet,entkleiden
hibbele,hibbeln
hibbelte,hibbeln
gehibbelt,hibbeln
hibbelst,hibbeln
hibbel,hibbeln
hibbelte,hibbeln
hibbelt,hibbeln
hibbelt,hibbeln
schalte aus,ausschalten
schaltete aus,ausschalten
ausgeschaltet,ausschalten
schaltest aus,ausschalten
schalt aus,ausschalten
schaltete aus,ausschalten
schaltet aus,ausschalten
schaltet aus,ausschalten
schassiere,schassieren
schassierte,schassieren
schassiert,schassieren
schassierst,schassieren
schassier,schassieren
schassierte,schassieren
schassiert,schassieren
schassiert,schassieren
gefriere,gefrieren
gefror,gefrieren
gefroren,gefrieren
gefrierst,gefrieren
gefrier,gefrieren
gefröre,gefrieren
gefriert,gefrieren
gefriert,gefrieren
schleife durch,durchschleifen
schleifte durch,durchschleifen
durchgeschleift,durchschleifen
schleifst durch,durchschleifen
schleif durch,durchschleifen
schleifte durch,durchschleifen
schleift durch,durchschleifen
schleift durch,durchschleifen
klaviere,klavieren
klavierte,klavieren
klaviert,klavieren
klavierst,klavieren
klavier,klavieren
klavierte,klavieren
klaviert,klavieren
klaviert,klavieren
verkaufe,verkaufen
verkaufte,verkaufen
verkauft,verkaufen
verkaufst,verkaufen
verkauf,verkaufen
verkaufte,verkaufen
verkauft,verkaufen
verkauft,verkaufen
bringe nach,nachbringen
brachte nach,nachbringen
nachgebracht,nachbringen
bringst nach,nachbringen
bring nach,nachbringen
brächte nach,nachbringen
bringt nach,nachbringen
bringt nach,nachbringen
überrage,überragen
überragte,überragen
überragt,überragen
überragst,überragen
überrag,überragen
überragte,überragen
überragt,überragen
überragt,überragen
adoriere,adorieren
adorierte,adorieren
adoriert,adorieren
adorierst,adorieren
adorier,adorieren
adorierte,adorieren
adoriert,adorieren
adoriert,adorieren
erarme,erarmen
erarmte,erarmen
erarmt,erarmen
erarmst,erarmen
erarm,erarmen
erarmte,erarmen
erarmt,erarmen
erarmt,erarmen
präsentiere,präsentieren
präsentierte,präsentieren
präsentiert,präsentieren
präsentierst,präsentieren
präsentiere,präsentieren
präsentierte,präsentieren
präsentiert,präsentieren
präsentiert,präsentieren
urasse,urassen
urasste,urassen
geurasst,urassen
urasst,urassen
urass,urassen
urasste,urassen
urasst,urassen
urasst,urassen
befrage,befragen
befragte,befragen
befragt,befragen
befragst,befragen
befrag,befragen
befragte,befragen
befragt,befragen
befragt,befragen
inszeniere,inszenieren
inszenierte,inszenieren
inszeniert,inszenieren
inszenierst,inszenieren
inszeniere,inszenieren
inszenierte,inszenieren
inszeniert,inszenieren
inszeniert,inszenieren
zerfleische,zerfleischen
zerfleischte,zerfleischen
zerfleischt,zerfleischen
zerfleischst,zerfleischen
zerfleisch,zerfleischen
zerfleischte,zerfleischen
zerfleischt,zerfleischen
zerfleischt,zerfleischen
chatte,chatten
chattete,chatten
gechattet,chatten
chattest,chatten
chatte,chatten
chattete,chatten
chattet,chatten
chattet,chatten
gestikuliere,gestikulieren
gestikulierte,gestikulieren
gestikuliert,gestikulieren
gestikulierst,gestikulieren
gestikulier,gestikulieren
gestikulierte,gestikulieren
gestikuliert,gestikulieren
gestikuliert,gestikulieren
röchle,röcheln
röchelte,röcheln
geröchelt,röcheln
röchelst,röcheln
röchle,röcheln
röchelte,röcheln
röchelt,röcheln
röchelt,röcheln
ersteigere,ersteigern
ersteigerte,ersteigern
ersteigert,ersteigern
ersteigerst,ersteigern
ersteiger,ersteigern
ersteigerte,ersteigern
ersteigert,ersteigern
ersteigert,ersteigern
arbeite,arbeiten
arbeitete,arbeiten
gearbeitet,arbeiten
arbeitest,arbeiten
arbeite,arbeiten
arbeitete,arbeiten
arbeitet,arbeiten
arbeitet,arbeiten
strulle,strullen
strullte,strullen
gestrullt,strullen
strullst,strullen
strull,strullen
strullte,strullen
strullt,strullen
strullt,strullen
speibe an,anspeiben
angespieben,anspeiben
speibst an,anspeiben
speib an,anspeiben
speibt an,anspeiben
speibt an,anspeiben
züchte,züchten
züchtete,züchten
gezüchtet,züchten
züchtest,züchten
züchte,züchten
züchtete,züchten
züchtet,züchten
züchtet,züchten
portiere,portieren
portierte,portieren
portiert,portieren
portierst,portieren
portiere,portieren
portierte,portieren
portiert,portieren
portiert,portieren
lasche,laschen
laschte,laschen
gelascht,laschen
laschst,laschen
lasche,laschen
laschte,laschen
lascht,laschen
lascht,laschen
schneidere,schneidern
schneiderte,schneidern
geschneidert,schneidern
schneiderst,schneidern
schneider,schneidern
schneiderte,schneidern
schneidert,schneidern
schneidert,schneidern
schicke,schicken
schickte,schicken
geschickt,schicken
schickst,schicken
schick,schicken
schickte,schicken
schickt,schicken
schickt,schicken
lösche ab,ablöschen
löschte ab,ablöschen
abgelöscht,ablöschen
löschst ab,ablöschen
lösch ab,ablöschen
löschte ab,ablöschen
löscht ab,ablöschen
löscht ab,ablöschen
manipuliere,manipulieren
manipulierte,manipulieren
manipuliert,manipulieren
manipulierst,manipulieren
manipuliere,manipulieren
manipulierte,manipulieren
manipuliert,manipulieren
manipuliert,manipulieren
beliefere,beliefern
belieferte,beliefern
beliefert,beliefern
belieferst,beliefern
beliefere,beliefern
belieferte,beliefern
beliefert,beliefern
beliefert,beliefern
verknote,verknoten
verknotete,verknoten
verknotet,verknoten
verknotest,verknoten
verknote,verknoten
verknotete,verknoten
verknotet,verknoten
verknotet,verknoten
verzeichne,verzeichnen
verzeichnete,verzeichnen
verzeichnet,verzeichnen
verzeichnest,verzeichnen
verzeichne,verzeichnen
verzeichnete,verzeichnen
verzeichnet,verzeichnen
verzeichnet,verzeichnen
mache kalt,kaltmachen
machte kalt,kaltmachen
kaltgemacht,kaltmachen
machst kalt,kaltmachen
mach kalt,kaltmachen
machte kalt,kaltmachen
macht kalt,kaltmachen
macht kalt,kaltmachen
laufe weg,weglaufen
lief weg,weglaufen
weggelaufen,weglaufen
läufst weg,weglaufen
lauf weg,weglaufen
liefe weg,weglaufen
läuft weg,weglaufen
lauft weg,weglaufen
schore,schoren
schorte,schoren
geschort,schoren
schorst,schoren
schore,schoren
schorte,schoren
schort,schoren
schort,schoren
medisiere,medisieren
medisierte,medisieren
medisiert,medisieren
medisierst,medisieren
medisier,medisieren
medisierte,medisieren
medisiert,medisieren
medisiert,medisieren
schirme,schirmen
schirmte,schirmen
geschirmt,schirmen
schirmst,schirmen
schirm,schirmen
schirmte,schirmen
schirmt,schirmen
schirmt,schirmen
zerhacke,zerhacken
zerhackte,zerhacken
zerhackt,zerhacken
zerhackst,zerhacken
zerhack,zerhacken
zerhackte,zerhacken
zerhackt,zerhacken
zerhackt,zerhacken
behacke,behacken
behackte,behacken
behackt,behacken
behackst,behacken
behack,behacken
behackte,behacken
behackt,behacken
behackt,behacken
hecke,hecken
heckte,hecken
geheckt,hecken
heckst,hecken
heck,hecken
heckte,hecken
heckt,hecken
heckt,hecken
stemme,stemmen
stemmte,stemmen
gestemmt,stemmen
stemmst,stemmen
stemm,stemmen
stemmte,stemmen
stemmt,stemmen
stemmt,stemmen
besäusele,besäuseln
besäuselte,besäuseln
besäuselt,besäuseln
besäuselst,besäuseln
besäusel,besäuseln
besäuselte,besäuseln
besäuselt,besäuseln
besäuselt,besäuseln
weihe,weihen
weihte,weihen
geweiht,weihen
weihst,weihen
weihe,weihen
weihte,weihen
weiht,weihen
weiht,weihen
läute an,anläuten
läutete an,anläuten
angeläutet,anläuten
läutest an,anläuten
läute an,anläuten
läutete an,anläuten
läutet an,anläuten
läutet an,anläuten
verblute,verbluten
verblutete,verbluten
verblutet,verbluten
verblutest,verbluten
verblut,verbluten
verblutete,verbluten
verblutet,verbluten
verblutet,verbluten
aale,aalen
aalte,aalen
geaalt,aalen
aalst,aalen
aal,aalen
aalte,aalen
aalt,aalen
aalt,aalen
kalmiere,kalmieren
kalmierte,kalmieren
kalmiert,kalmieren
kalmierst,kalmieren
kalmiere,kalmieren
kalmierte,kalmieren
kalmiert,kalmieren
kalmiert,kalmieren
supponiere,supponieren
supponierte,supponieren
supponiert,supponieren
supponierst,supponieren
supponier,supponieren
supponierte,supponieren
supponiert,supponieren
supponiert,supponieren
kündige,kündigen
kündigte,kündigen
gekündigt,kündigen
kündigst,kündigen
kündig,kündigen
kündigte,kündigen
kündigt,kündigen
kündigt,kündigen
frachte,frachten
frachtete,frachten
gefrachtet,frachten
frachtest,frachten
fracht,frachten
frachtete,frachten
frachtet,frachten
frachtet,frachten
tüddel,tüddeln
tüddelte,tüddeln
getüddelt,tüddeln
tüddelst,tüddeln
tüddel,tüddeln
tüddelte,tüddeln
tüddelt,tüddeln
tüddelt,tüddeln
bilde aus,ausbilden
bildete aus,ausbilden
ausgebildet,ausbilden
bildest aus,ausbilden
bild aus,ausbilden
bildete aus,ausbilden
bildet aus,ausbilden
bildet aus,ausbilden
walte,walten
waltete,walten
gewaltet,walten
waltest,walten
walte,walten
waltete,walten
waltet,walten
waltet,walten
–,fluten
–,fluten
geflutet,fluten
–,fluten
–,fluten
–,fluten
flutet,fluten
–,fluten
verwerte wieder,wiederverwerten
verwertete wieder,wiederverwerten
wiederverwertet,wiederverwerten
verwertest wieder,wiederverwerten
verwert wieder,wiederverwerten
verwertete wieder,wiederverwerten
verwertet wieder,wiederverwerten
verwertet wieder,wiederverwerten
brumme auf,aufbrummen
brummte auf,aufbrummen
aufgebrummt,aufbrummen
brummst auf,aufbrummen
brumm auf,aufbrummen
brummte auf,aufbrummen
brummt auf,aufbrummen
brummt auf,aufbrummen
weise aus,ausweisen
wies aus,ausweisen
ausgewiesen,ausweisen
weist aus,ausweisen
weis aus,ausweisen
wiese aus,ausweisen
weist aus,ausweisen
weist aus,ausweisen
beschummele,beschummeln
beschummelte,beschummeln
beschummelt,beschummeln
beschummelst,beschummeln
beschummel,beschummeln
beschummelte,beschummeln
beschummelt,beschummeln
beschummelt,beschummeln
lese durch,durchlesen
las durch,durchlesen
durchgelesen,durchlesen
liest durch,durchlesen
lies durch,durchlesen
läse durch,durchlesen
liest durch,durchlesen
lest durch,durchlesen
engagiere,engagieren
engagierte,engagieren
engagiert,engagieren
engagierst,engagieren
engagiere,engagieren
engagierte,engagieren
engagiert,engagieren
engagiert,engagieren
ergrabe,ergraben
ergrub,ergraben
ergraben,ergraben
ergräbst,ergraben
ergrab,ergraben
ergrübe,ergraben
ergräbt,ergraben
ergrabt,ergraben
beschütze,beschützen
beschützte,beschützen
beschützt,beschützen
beschützt,beschützen
beschütze,beschützen
beschützte,beschützen
beschützt,beschützen
beschützt,beschützen
rodle,rodeln
rodelte,rodeln
gerodelt,rodeln
rodelst,rodeln
rodle,rodeln
rodelte,rodeln
rodelt,rodeln
rodelt,rodeln
boote,booten
bootete,booten
gebootet,booten
bootest,booten
boot,booten
bootete,booten
bootet,booten
bootet,booten
vergase,vergasen
vergaste,vergasen
vergast,vergasen
vergast,vergasen
vergase,vergasen
vergaste,vergasen
vergast,vergasen
vergast,vergasen
geriere,gerieren
gerierte,gerieren
geriert,gerieren
gerierst,gerieren
gerier,gerieren
gerierte,gerieren
geriert,gerieren
geriert,gerieren
blende,blenden
blendete,blenden
geblendet,blenden
blendest,blenden
blende,blenden
blendete,blenden
blendet,blenden
blendet,blenden
zerkreuze,zerkreuzen
zerkreuzte,zerkreuzen
zerkreuzt,zerkreuzen
zerkreuzt,zerkreuzen
zerkreuze,zerkreuzen
zerkreuzte,zerkreuzen
zerkreuzt,zerkreuzen
zerkreuzt,zerkreuzen
verwüste,verwüsten
verwüstete,verwüsten
verwüstet,verwüsten
verwüstest,verwüsten
verwüste,verwüsten
verwüstete,verwüsten
verwüstet,verwüsten
verwüstet,verwüsten
nutze aus,ausnutzen
nutzte aus,ausnutzen
ausgenutzt,ausnutzen
nutzt aus,ausnutzen
nutz aus,ausnutzen
nutzte aus,ausnutzen
nutzt aus,ausnutzen
nutzt aus,ausnutzen
balkanisiere,balkanisieren
balkanisierte,balkanisieren
balkanisiert,balkanisieren
balkanisierst,balkanisieren
balkanisiere,balkanisieren
balkanisierte,balkanisieren
balkanisiert,balkanisieren
balkanisiert,balkanisieren
lasse ran,ranlassen
ließ ran,ranlassen
rangelassen,ranlassen
lässt ran,ranlassen
lasse ran,ranlassen
ließe ran,ranlassen
lässt ran,ranlassen
lasst ran,ranlassen
sporne,spornen
spornte,spornen
gespornt,spornen
spornst,spornen
sporn,spornen
spornte,spornen
spornt,spornen
spornt,spornen
erschaffe,erschaffen
erschuf,erschaffen
erschaffen,erschaffen
erschaffst,erschaffen
erschaff,erschaffen
erschüfe,erschaffen
erschafft,erschaffen
erschafft,erschaffen
probe,proben
probte,proben
geprobt,proben
probst,proben
probe,proben
probte,proben
probt,proben
probt,proben
schlenze,schlenzen
schlenzte,schlenzen
geschlenzt,schlenzen
schlenzt,schlenzen
schlenz,schlenzen
schlenzte,schlenzen
schlenzt,schlenzen
schlenzt,schlenzen
fiste,fisten
fistete,fisten
gefistet,fisten
fistest,fisten
fiste,fisten
fistete,fisten
fistet,fisten
fistet,fisten
ändere um,umändern
änderte um,umändern
umgeändert,umändern
änderst um,umändern
änder um,umändern
änderte um,umändern
ändert um,umändern
ändert um,umändern
betrübe,betrüben
betrübte,betrüben
betrübt,betrüben
betrübst,betrüben
betrübe,betrüben
betrübte,betrüben
betrübt,betrüben
betrübt,betrüben
versiegle,versiegeln
versiegelte,versiegeln
versiegelt,versiegeln
versiegelst,versiegeln
versiegle,versiegeln
versiegelte,versiegeln
versiegelt,versiegeln
versiegelt,versiegeln
verpflichte,verpflichten
verpflichtete,verpflichten
verpflichtet,verpflichten
verpflichtest,verpflichten
verpflichte,verpflichten
verpflichtete,verpflichten
verpflichtet,verpflichten
verpflichtet,verpflichten
oktroyiere auf,aufoktroyieren
oktroyierte auf,aufoktroyieren
aufoktroyiert,aufoktroyieren
oktroyierst auf,aufoktroyieren
oktroyier auf,aufoktroyieren
oktroyierte auf,aufoktroyieren
oktroyiert auf,aufoktroyieren
oktroyiert auf,aufoktroyieren
antichambriere,antichambrieren
antichambrierte,antichambrieren
antichambriert,antichambrieren
antichambrierst,antichambrieren
antichambriere,antichambrieren
antichambrierte,antichambrieren
antichambriert,antichambrieren
antichambriert,antichambrieren
inhibiere,inhibieren
inhibierte,inhibieren
inhibiert,inhibieren
inhibierst,inhibieren
inhibier,inhibieren
inhibierte,inhibieren
inhibiert,inhibieren
inhibiert,inhibieren
stehe da,dastehen
stand da,dastehen
dagestanden,dastehen
stehst da,dastehen
steh da,dastehen
stünde da,dastehen
steht da,dastehen
steht da,dastehen
führe ab,abführen
führte ab,abführen
abgeführt,abführen
führst ab,abführen
führ ab,abführen
führte ab,abführen
führt ab,abführen
führt ab,abführen
begrüße,begrüßen
begrüßte,begrüßen
begrüßt,begrüßen
begrüßt,begrüßen
begrüße,begrüßen
begrüßte,begrüßen
begrüßt,begrüßen
begrüßt,begrüßen
häute ab,abhäuten
häutete ab,abhäuten
abgehäutet,abhäuten
häutest ab,abhäuten
häute ab,abhäuten
häutete ab,abhäuten
häutet ab,abhäuten
häutet ab,abhäuten
entkolonisiere,entkolonisieren
entkolonisierte,entkolonisieren
entkolonisiert,entkolonisieren
entkolonisierst,entkolonisieren
entkolonisier,entkolonisieren
entkolonisierte,entkolonisieren
entkolonisiert,entkolonisieren
entkolonisiert,entkolonisieren
lunsche,lunschen
lunschte,lunschen
gelunscht,lunschen
lunschst,lunschen
lunsch,lunschen
lunschte,lunschen
lunscht,lunschen
lunscht,lunschen
verbasele,verbaseln
verbaselte,verbaseln
verbaselt,verbaseln
verbaselst,verbaseln
verbasele,verbaseln
verbaselte,verbaseln
verbaselt,verbaseln
verbaselt,verbaseln
jauchze,jauchzen
jauchzte,jauchzen
gejauchzt,jauchzen
jauchzt,jauchzen
jauchze,jauchzen
jauchzte,jauchzen
jauchzt,jauchzen
jauchzt,jauchzen
beschnarche,beschnarchen
beschnarchte,beschnarchen
beschnarcht,beschnarchen
beschnarchst,beschnarchen
beschnarch,beschnarchen
beschnarchte,beschnarchen
beschnarcht,beschnarchen
beschnarcht,beschnarchen
heize durch,durchheizen
heizte durch,durchheizen
durchgeheizt,durchheizen
heizt durch,durchheizen
heize durch,durchheizen
heizte durch,durchheizen
heizt durch,durchheizen
heizt durch,durchheizen
nummere,nummern
nummerte,nummern
genummert,nummern
nummerst,nummern
nummer,nummern
nummerte,nummern
nummert,nummern
nummert,nummern
sonnenbade,sonnenbaden
sonnenbadete,sonnenbaden
sonnengebadet,sonnenbaden
sonnenbadest,sonnenbaden
sonnenbade,sonnenbaden
sonnenbadete,sonnenbaden
sonnenbadet,sonnenbaden
sonnenbadet,sonnenbaden
schließe zu,zuschließen
schloss zu,zuschließen
zugeschlossen,zuschließen
schließt zu,zuschließen
schließ zu,zuschließen
schlösse zu,zuschließen
schließt zu,zuschließen
schließt zu,zuschließen
vermöble,vermöbeln
vermöbelte,vermöbeln
vermöbelt,vermöbeln
vermöbelst,vermöbeln
vermöble,vermöbeln
vermöbelte,vermöbeln
vermöbelt,vermöbeln
vermöbelt,vermöbeln
decke auf,aufdecken
deckte auf,aufdecken
aufgedeckt,aufdecken
deckst auf,aufdecken
deck auf,aufdecken
deckte auf,aufdecken
deckt auf,aufdecken
deckt auf,aufdecken
mansche,manschen
manschte,manschen
gemanscht,manschen
manschst,manschen
mansch,manschen
manschte,manschen
manscht,manschen
manscht,manschen
saturiere,saturieren
saturierte,saturieren
saturiert,saturieren
saturierst,saturieren
saturiere,saturieren
saturierte,saturieren
saturiert,saturieren
saturiert,saturieren
lärme,lärmen
lärmte,lärmen
gelärmt,lärmen
lärmst,lärmen
lärme,lärmen
lärmte,lärmen
lärmt,lärmen
lärmt,lärmen
ächze ab,abächzen
ächzte ab,abächzen
abgeächzt,abächzen
ächzt ab,abächzen
ächz ab,abächzen
ächzte ab,abächzen
ächzt ab,abächzen
ächzt ab,abächzen
bekreuzige,bekreuzigen
bekreuzigte,bekreuzigen
bekreuzigt,bekreuzigen
bekreuzigst,bekreuzigen
bekreuzig,bekreuzigen
bekreuzigte,bekreuzigen
bekreuzigt,bekreuzigen
bekreuzigt,bekreuzigen
konversiere,konversieren
konversierte,konversieren
konversiert,konversieren
konversierst,konversieren
konversier,konversieren
konversierte,konversieren
konversiert,konversieren
konversiert,konversieren
presche,preschen
preschte,preschen
geprescht,preschen
preschst,preschen
presch,preschen
preschte,preschen
prescht,preschen
prescht,preschen
inhaftiere,inhaftieren
inhaftierte,inhaftieren
inhaftiert,inhaftieren
inhaftierst,inhaftieren
inhaftiere,inhaftieren
inhaftierte,inhaftieren
inhaftiert,inhaftieren
inhaftiert,inhaftieren
beine aus,ausbeinen
beinte aus,ausbeinen
ausgebeint,ausbeinen
beinst aus,ausbeinen
beine aus,ausbeinen
beinte aus,ausbeinen
beint aus,ausbeinen
beint aus,ausbeinen
wurstele,wursteln
wurstelte,wursteln
gewurstelt,wursteln
wurstelst,wursteln
wurstel,wursteln
wurstelte,wursteln
wurstelt,wursteln
wurstelt,wursteln
beeinflusse,beeinflussen
beeinflusste,beeinflussen
beeinflusst,beeinflussen
beeinflusst,beeinflussen
beeinflusse,beeinflussen
beeinflusste,beeinflussen
beeinflusst,beeinflussen
beeinflusst,beeinflussen
sehe aus,aussehen
sah aus,aussehen
ausgesehen,aussehen
siehst aus,aussehen
sieh aus,aussehen
sähe aus,aussehen
sieht aus,aussehen
seht aus,aussehen
pinkle,pinkeln
pinkelte,pinkeln
gepinkelt,pinkeln
pinkelst,pinkeln
pinkele,pinkeln
pinkelte,pinkeln
pinkelt,pinkeln
pinkelt,pinkeln
trompete hinaus,hinaustrompeten
trompetete hinaus,hinaustrompeten
hinaustrompetet,hinaustrompeten
trompetest hinaus,hinaustrompeten
trompete hinaus,hinaustrompeten
trompetete hinaus,hinaustrompeten
trompetet hinaus,hinaustrompeten
trompetet hinaus,hinaustrompeten
schreibe fest,festschreiben
schrieb fest,festschreiben
festgeschrieben,festschreiben
schreibst fest,festschreiben
schreib fest,festschreiben
schriebe fest,festschreiben
schreibt fest,festschreiben
schreibt fest,festschreiben
viertele,vierteln
viertelte,vierteln
geviertelt,vierteln
viertelst,vierteln
viertel,vierteln
viertelte,vierteln
viertelt,vierteln
viertelt,vierteln
welle,wellen
wellte,wellen
gewellt,wellen
wellst,wellen
well,wellen
wellte,wellen
wellt,wellen
wellt,wellen
rollerblade,rollerbladen
rollerbladete,rollerbladen
rollergebladet,rollerbladen
rollerbladest,rollerbladen
rollerblade,rollerbladen
rollerbladete,rollerbladen
rollerbladet,rollerbladen
rollerbladet,rollerbladen
bewirtschafte,bewirtschaften
bewirtschaftete,bewirtschaften
bewirtschaftet,bewirtschaften
bewirtschaftest,bewirtschaften
bewirtschaft,bewirtschaften
bewirtschaftete,bewirtschaften
bewirtschaftet,bewirtschaften
bewirtschaftet,bewirtschaften
überwältige,überwältigen
überwältigte,überwältigen
überwältigt,überwältigen
überwältigst,überwältigen
überwältige,überwältigen
überwältigte,überwältigen
überwältigt,überwältigen
überwältigt,überwältigen
finde wieder,wiederfinden
fand wieder,wiederfinden
wiedergefunden,wiederfinden
findest wieder,wiederfinden
finde wieder,wiederfinden
fände wieder,wiederfinden
findet wieder,wiederfinden
findet wieder,wiederfinden
hungere aus,aushungern
hungerte aus,aushungern
ausgehungert,aushungern
hungerst aus,aushungern
hungere aus,aushungern
hungerte aus,aushungern
hungert aus,aushungern
hungert aus,aushungern
ejakuliere,ejakulieren
ejakulierte,ejakulieren
ejakuliert,ejakulieren
ejakulierst,ejakulieren
ejakuliere,ejakulieren
ejakulierte,ejakulieren
ejakuliert,ejakulieren
ejakuliert,ejakulieren
konstruiere,konstruieren
konstruierte,konstruieren
konstruiert,konstruieren
konstruierst,konstruieren
konstruiere,konstruieren
konstruierte,konstruieren
konstruiert,konstruieren
konstruiert,konstruieren
enttabuisiere,enttabuisieren
enttabuisierte,enttabuisieren
enttabuisiert,enttabuisieren
enttabuisierst,enttabuisieren
enttabuisiere,enttabuisieren
enttabuisierte,enttabuisieren
enttabuisiert,enttabuisieren
enttabuisiert,enttabuisieren
fliege weiter,weiterfliegen
flog weiter,weiterfliegen
weitergeflogen,weiterfliegen
fliegst weiter,weiterfliegen
flieg weiter,weiterfliegen
flöge weiter,weiterfliegen
fliegt weiter,weiterfliegen
fliegt weiter,weiterfliegen
lamme,lammen
lammte,lammen
gelammt,lammen
lammst,lammen
lamme,lammen
lammte,lammen
lammt,lammen
lammt,lammen
bleibe stehen,stehen bleiben
blieb stehen,stehen bleiben
stehen geblieben,stehen bleiben
bleibst stehen,stehen bleiben
bleib stehen,stehen bleiben
bliebe stehen,stehen bleiben
bleibt stehen,stehen bleiben
bliebt stehen,stehen bleiben
parkiere,parkieren
parkierte,parkieren
parkiert,parkieren
parkierst,parkieren
parkiere,parkieren
parkierte,parkieren
parkiert,parkieren
parkiert,parkieren
grassiere,grassieren
grassierte,grassieren
grassiert,grassieren
grassierst,grassieren
grassiere,grassieren
grassierte,grassieren
grassiert,grassieren
grassiert,grassieren
berufe,berufen
berief,berufen
berufen,berufen
berufst,berufen
beruf,berufen
beriefe,berufen
beruft,berufen
beruft,berufen
kleistere,kleistern
kleisterte,kleistern
gekleistert,kleistern
kleisterst,kleistern
kleister,kleistern
kleisterte,kleistern
kleistert,kleistern
kleistert,kleistern
schulde,schulden
schuldete,schulden
geschuldet,schulden
schuldest,schulden
schuld,schulden
schuldete,schulden
schuldet,schulden
schuldet,schulden
verhungere,verhungern
verhungerte,verhungern
verhungert,verhungern
verhungerst,verhungern
verhungere,verhungern
verhungerte,verhungern
verhungert,verhungern
verhungert,verhungern
xerokopiere,xerokopieren
xerokopierte,xerokopieren
xerokopiert,xerokopieren
xerokopierst,xerokopieren
xerokopier,xerokopieren
xerokopierte,xerokopieren
xerokopiert,xerokopieren
xerokopiert,xerokopieren
entwende,entwenden
entwendete,entwenden
entwendet,entwenden
entwendest,entwenden
entwende,entwenden
entwendete,entwenden
entwendet,entwenden
entwendet,entwenden
hofiere,hofieren
hofierte,hofieren
hofiert,hofieren
hofierst,hofieren
hofiere,hofieren
hofierte,hofieren
hofiert,hofieren
hofiert,hofieren
erkenne wieder,wiedererkennen
erkannte wieder,wiedererkennen
wiedererkannt,wiedererkennen
erkennst wieder,wiedererkennen
erkenn wieder,wiedererkennen
erkennte wieder,wiedererkennen
erkennt wieder,wiedererkennen
erkennt wieder,wiedererkennen
atme auf,aufatmen
atmete auf,aufatmen
aufgeatmet,aufatmen
atmest auf,aufatmen
atme auf,aufatmen
atmete auf,aufatmen
atmet auf,aufatmen
atmet auf,aufatmen
importiere,importieren
importierte,importieren
importiert,importieren
importierst,importieren
importiere,importieren
importierte,importieren
importiert,importieren
importiert,importieren
alimentiere,alimentieren
alimentierte,alimentieren
alimentiert,alimentieren
alimentierst,alimentieren
alimentiere,alimentieren
alimentierte,alimentieren
alimentiert,alimentieren
alimentiert,alimentieren
spüle fort,fortspülen
spülte fort,fortspülen
fortgespült,fortspülen
spülst fort,fortspülen
spül fort,fortspülen
spülte fort,fortspülen
spült fort,fortspülen
spült fort,fortspülen
bestreue,bestreuen
bestreute,bestreuen
bestreut,bestreuen
bestreust,bestreuen
bestreue,bestreuen
bestreute,bestreuen
bestreut,bestreuen
bestreut,bestreuen
brezele auf,aufbrezeln
brezelte auf,aufbrezeln
aufgebrezelt,aufbrezeln
brezelst auf,aufbrezeln
brezele auf,aufbrezeln
brezelte auf,aufbrezeln
brezelt auf,aufbrezeln
brezelt auf,aufbrezeln
fotografiere,fotografieren
fotografierte,fotografieren
fotografiert,fotografieren
fotografierst,fotografieren
fotografiere,fotografieren
fotografierte,fotografieren
fotografiert,fotografieren
fotografiert,fotografieren
beschmiere,beschmieren
beschmierte,beschmieren
beschmiert,beschmieren
beschmierst,beschmieren
beschmier,beschmieren
beschmierte,beschmieren
beschmiert,beschmieren
beschmiert,beschmieren
graue aus,ausgrauen
graute aus,ausgrauen
ausgegraut,ausgrauen
graust aus,ausgrauen
grau aus,ausgrauen
graute aus,ausgrauen
graut aus,ausgrauen
graut aus,ausgrauen
bestrohe,bestrohen
bestrohte,bestrohen
bestroht,bestrohen
bestrohst,bestrohen
bestroh,bestrohen
bestrohte,bestrohen
bestroht,bestrohen
bestroht,bestrohen
nibble ab,abnibbeln
nibbelte ab,abnibbeln
abgenibbelt,abnibbeln
nibbelst ab,abnibbeln
nibble ab,abnibbeln
nibbelte ab,abnibbeln
nibbelt ab,abnibbeln
nibbelt ab,abnibbeln
erleichtere,erleichtern
erleichterte,erleichtern
erleichtert,erleichtern
erleichterst,erleichtern
erleichtere,erleichtern
erleichterte,erleichtern
erleichtert,erleichtern
erleichtert,erleichtern
laufe durch,durchlaufen
lief durch,durchlaufen
durchgelaufen,durchlaufen
läufst durch,durchlaufen
lauf durch,durchlaufen
liefe durch,durchlaufen
läuft durch,durchlaufen
lauft durch,durchlaufen
verleihe,verleihen
verlieh,verleihen
verliehen,verleihen
verleihst,verleihen
verleih,verleihen
verliehe,verleihen
verleiht,verleihen
verleiht,verleihen
prahle,prahlen
prahlte,prahlen
geprahlt,prahlen
prahlst,prahlen
prahl,prahlen
prahlte,prahlen
prahlt,prahlen
prahlt,prahlen
aase,aasen
aaste,aasen
geaast,aasen
aast,aasen
aase,aasen
aaste,aasen
aast,aasen
aast,aasen
zirpe,zirpen
zirpte,zirpen
gezirpt,zirpen
zirpst,zirpen
zirp,zirpen
zirpte,zirpen
zirpt,zirpen
zirpt,zirpen
tänzel,tänzeln
tänzelte,tänzeln
getänzelt,tänzeln
tänzelst,tänzeln
tänzel,tänzeln
tänzelte,tänzeln
tänzelt,tänzeln
tänzelt,tänzeln
zahle heim,heimzahlen
zahlte heim,heimzahlen
heimgezahlt,heimzahlen
zahlst heim,heimzahlen
zahl heim,heimzahlen
zahlte heim,heimzahlen
zahlt heim,heimzahlen
zahlt heim,heimzahlen
verstatte,verstatten
verstattete,verstatten
verstattet,verstatten
verstattest,verstatten
verstatte,verstatten
verstattete,verstatten
verstattet,verstatten
verstattet,verstatten
schuppe,schuppen
schuppte,schuppen
geschuppt,schuppen
schuppst,schuppen
schupp,schuppen
schuppte,schuppen
schuppt,schuppen
schuppt,schuppen
trompete,trompeten
trompetete,trompeten
trompetet,trompeten
trompetest,trompeten
trompet,trompeten
trompetete,trompeten
trompetet,trompeten
trompetet,trompeten
pule,pulen
pulte,pulen
gepult,pulen
pulst,pulen
pul,pulen
pulte,pulen
pult,pulen
pult,pulen
pfuzge,pfuzgen
pfuzgte,pfuzgen
pfuzget,pfuzgen
pfuzgest,pfuzgen
pfuzge,pfuzgen
pfuzgte,pfuzgen
pfuzget,pfuzgen
pfuzget,pfuzgen
staple auf,aufstapeln
stapelte auf,aufstapeln
aufgestapelt,aufstapeln
stapelst auf,aufstapeln
stapele auf,aufstapeln
stapelte auf,aufstapeln
stapelt auf,aufstapeln
stapelt auf,aufstapeln
airbrushe,airbrushen
airbrushte,airbrushen
geairbrusht,airbrushen
airbrushst,airbrushen
airbrush,airbrushen
airbrushte,airbrushen
airbrusht,airbrushen
airbrusht,airbrushen
patrouilliere,patrouillieren
patrouillierte,patrouillieren
patrouilliert,patrouillieren
patrouillierst,patrouillieren
patrouilliere,patrouillieren
patrouillierte,patrouillieren
patrouilliert,patrouillieren
patrouilliert,patrouillieren
bestürme,bestürmen
bestürmte,bestürmen
bestürmt,bestürmen
bestürmst,bestürmen
bestürm,bestürmen
bestürmte,bestürmen
bestürmt,bestürmen
bestürmt,bestürmen
pönalisiere,pönalisieren
pönalisierte,pönalisieren
pönalisiert,pönalisieren
pönalisierst,pönalisieren
pönalisiere,pönalisieren
pönalisierte,pönalisieren
pönalisiert,pönalisieren
pönalisiert,pönalisieren
muss,müssen
musste,müssen
gemusst,müssen
musst,müssen
müsste,müssen
muss,müssen
konterkariere,konterkarieren
konterkarierte,konterkarieren
konterkariert,konterkarieren
konterkarierst,konterkarieren
konterkariere,konterkarieren
konterkarierte,konterkarieren
konterkariert,konterkarieren
konterkariert,konterkarieren
bringe draus,drausbringen
brachte draus,drausbringen
drausgebracht,drausbringen
bringst draus,drausbringen
bring draus,drausbringen
brächte draus,drausbringen
bringt draus,drausbringen
bringt draus,drausbringen
unterscheide,unterscheiden
unterschied,unterscheiden
unterschieden,unterscheiden
unterscheidest,unterscheiden
unterscheide,unterscheiden
unterschiede,unterscheiden
unterscheidet,unterscheiden
unterscheidet,unterscheiden
schlappere,schlappern
schlapperte,schlappern
geschlappert,schlappern
schlapperst,schlappern
schlapper,schlappern
schlapperte,schlappern
schlappert,schlappern
schlappert,schlappern
nutznieße,nutznießen
nutznießte,nutznießen
genutznießt,nutznießen
nutznießt,nutznießen
nutznieß,nutznießen
nutznießte,nutznießen
nutznießt,nutznießen
nutznießt,nutznießen
pelle ab,abpellen
pellte ab,abpellen
abgepellt,abpellen
pellst ab,abpellen
pelle ab,abpellen
pellte ab,abpellen
pellt ab,abpellen
pellt ab,abpellen
überkreuze,überkreuzen
überkreuzte,überkreuzen
überkreuzt,überkreuzen
überkreuzt,überkreuzen
überkreuz,überkreuzen
überkreuzte,überkreuzen
überkreuzt,überkreuzen
überkreuzt,überkreuzen
johle,johlen
johlte,johlen
gejohlt,johlen
johlst,johlen
johl,johlen
johlte,johlen
johlt,johlen
johlt,johlen
kellere ein,einkellern
kellerte ein,einkellern
eingekellert,einkellern
kellerst ein,einkellern
keller ein,einkellern
kellerte ein,einkellern
kellert ein,einkellern
kellert ein,einkellern
bügle aus,ausbügeln
bügelte aus,ausbügeln
ausgebügelt,ausbügeln
bügelst aus,ausbügeln
bügle aus,ausbügeln
bügelte aus,ausbügeln
bügelt aus,ausbügeln
bügelt aus,ausbügeln
schikaniere,schikanieren
schikanierte,schikanieren
schikaniert,schikanieren
schikanierst,schikanieren
schikanier,schikanieren
schikanierte,schikanieren
schikaniert,schikanieren
schikaniert,schikanieren
mache aus,ausmachen
machte aus,ausmachen
ausgemacht,ausmachen
machst aus,ausmachen
mach aus,ausmachen
machte aus,ausmachen
macht aus,ausmachen
macht aus,ausmachen
dezentralisiere,dezentralisieren
dezentralisierte,dezentralisieren
dezentralisiert,dezentralisieren
dezentralisierst,dezentralisieren
dezentralisier,dezentralisieren
dezentralisierte,dezentralisieren
dezentralisiert,dezentralisieren
dezentralisiert,dezentralisieren
vollstrecke,vollstrecken
vollstreckte,vollstrecken
vollstreckt,vollstrecken
vollstreckst,vollstrecken
vollstreck,vollstrecken
vollstreckte,vollstrecken
vollstreckt,vollstrecken
vollstreckt,vollstrecken
verhole,verholen
verholte,verholen
verholt,verholen
verholst,verholen
verhole,verholen
verholte,verholen
verholt,verholen
verholt,verholen
bin zugange,zugange sein
war zugange,zugange sein
zugange gewesen,zugange sein
bist zugange,zugange sein
sei zugange,zugange sein
wäre zugange,zugange sein
ist zugange,zugange sein
seid zugange,zugange sein
spinne,spinnen
spann,spinnen
gesponnen,spinnen
spinnst,spinnen
spinn,spinnen
spönne,spinnen
spinnt,spinnen
spinnt,spinnen
prostituiere,prostituieren
prostituierte,prostituieren
prostituiert,prostituieren
prostituierst,prostituieren
prostituier,prostituieren
prostituierte,prostituieren
prostituiert,prostituieren
prostituiert,prostituieren
mache weiter,weitermachen
machte weiter,weitermachen
weitergemacht,weitermachen
machst  weiter,weitermachen
mach weiter,weitermachen
machte weiter,weitermachen
macht weiter,weitermachen
macht weiter,weitermachen
schnurre,schnurren
schnurrte,schnurren
geschnurrt,schnurren
schnurrst,schnurren
schnurre,schnurren
schnurrte,schnurren
schnurrt,schnurren
schnurrt,schnurren
würge ab,abwürgen
würgte ab,abwürgen
abgewürgt,abwürgen
würgst ab,abwürgen
würge ab,abwürgen
würgte ab,abwürgen
würgt ab,abwürgen
würgt ab,abwürgen
schätze ein,einschätzen
schätzte ein,einschätzen
eingeschätzt,einschätzen
schätzt ein,einschätzen
schätz ein,einschätzen
schätzte ein,einschätzen
schätzt ein,einschätzen
schätzt ein,einschätzen
äschere ein,einäschern
äscherte ein,einäschern
eingeäschert,einäschern
äscherst ein,einäschern
äschere ein,einäschern
äscherte ein,einäschern
äschert ein,einäschern
äschert ein,einäschern
injiziere,injizieren
injizierte,injizieren
injiziert,injizieren
injizierst,injizieren
injizier,injizieren
injizierte,injizieren
injiziert,injizieren
injiziert,injizieren
schmiere,schmieren
schmierte,schmieren
geschmiert,schmieren
schmierst,schmieren
schmiere,schmieren
schmierte,schmieren
schmiert,schmieren
schmiert,schmieren
kompromittiere,kompromittieren
kompromittierte,kompromittieren
kompromittiert,kompromittieren
kompromittierst,kompromittieren
kompromittier,kompromittieren
kompromittierte,kompromittieren
kompromittiert,kompromittieren
kompromittiert,kompromittieren
befriede,befrieden
befriedete,befrieden
befriedet,befrieden
befriedest,befrieden
befriede,befrieden
befriedete,befrieden
befriedet,befrieden
befriedet,befrieden
quere,queren
querte,queren
gequert,queren
querst,queren
quer,queren
querte,queren
quert,queren
quert,queren
falle herab,herabfallen
fiel herab,herabfallen
herabgefallen,herabfallen
fällst herab,herabfallen
fall herab,herabfallen
fiele herab,herabfallen
fällt herab,herabfallen
fallt herab,herabfallen
derkimme,derkemmen
<small>(derkam)</small>,derkemmen
derkemmen,derkemmen
derkimmst,derkemmen
derkimm,derkemmen
<small>(derkäme)</small>,derkemmen
derkimmt,derkemmen
derkimmt,derkemmen
suche auf,aufsuchen
suchte auf,aufsuchen
aufgesucht,aufsuchen
suchst auf,aufsuchen
such auf,aufsuchen
suchte auf,aufsuchen
sucht auf,aufsuchen
sucht auf,aufsuchen
beschädige,beschädigen
beschädigte,beschädigen
beschädigt,beschädigen
beschädigst,beschädigen
beschädige,beschädigen
beschädigte,beschädigen
beschädigt,beschädigen
beschädigt,beschädigen
analysiere,analysieren
analysierte,analysieren
analysiert,analysieren
analysierst,analysieren
analysiere,analysieren
analysierte,analysieren
analysiert,analysieren
analysiert,analysieren
trage nach,nachtragen
trug nach,nachtragen
nachgetragen,nachtragen
trägst nach,nachtragen
trag nach,nachtragen
trüge nach,nachtragen
trägt nach,nachtragen
tragt nach,nachtragen
gehe unter,untergehen
ging unter,untergehen
untergegangen,untergehen
gehst unter,untergehen
geh unter,untergehen
ginge unter,untergehen
geht unter,untergehen
geht unter,untergehen
etioliere,etiolieren
etiolierte,etiolieren
etioliert,etiolieren
etiolierst,etiolieren
etioliere,etiolieren
etiolierte,etiolieren
etioliert,etiolieren
etioliert,etiolieren
bocke auf,aufbocken
bockte auf,aufbocken
aufgebockt,aufbocken
bockst auf,aufbocken
bock auf,aufbocken
bockte auf,aufbocken
bockt auf,aufbocken
bockt auf,aufbocken
karessiere,karessieren
karessierte,karessieren
karessiert,karessieren
karessierst,karessieren
karessiere,karessieren
karessierte,karessieren
karessiert,karessieren
karessiert,karessieren
demokratisiere,demokratisieren
demokratisierte,demokratisieren
demokratisiert,demokratisieren
demokratisierst,demokratisieren
demokratisier,demokratisieren
demokratisierte,demokratisieren
demokratisiert,demokratisieren
demokratisiert,demokratisieren
patrouilliere ab,abpatrouillieren
patrouillierte ab,abpatrouillieren
abpatrouilliert,abpatrouillieren
patrouillierst ab,abpatrouillieren
patrouillier ab,abpatrouillieren
patrouillierte ab,abpatrouillieren
patrouilliert ab,abpatrouillieren
patrouilliert ab,abpatrouillieren
friere aus,ausfrieren
fror aus,ausfrieren
ausgefroren,ausfrieren
frierst aus,ausfrieren
frier aus,ausfrieren
fröre aus,ausfrieren
friert aus,ausfrieren
friert aus,ausfrieren
suizidiere,suizidieren
suizidierte,suizidieren
suizidiert,suizidieren
suizidierst,suizidieren
suizidier,suizidieren
suizidierte,suizidieren
suizidiert,suizidieren
suizidiert,suizidieren
dorre,dorren
dorrte,dorren
gedorrt,dorren
dorrst,dorren
dorre,dorren
dorrte,dorren
dorrt,dorren
dorrt,dorren
retourniere,retournieren
retournierte,retournieren
retourniert,retournieren
retournierst,retournieren
retourniere,retournieren
retournierte,retournieren
retourniert,retournieren
retourniert,retournieren
trete zurück,zurücktreten
trat zurück,zurücktreten
zurückgetreten,zurücktreten
trittst zurück,zurücktreten
tritt zurück,zurücktreten
träte zurück,zurücktreten
tritt zurück,zurücktreten
tretet zurück,zurücktreten
bescheide,bescheiden
beschied,bescheiden
beschieden,bescheiden
bescheidest,bescheiden
bescheid,bescheiden
beschiede,bescheiden
bescheidet,bescheiden
bescheidet,bescheiden
erwärme,erwärmen
erwärmte,erwärmen
erwärmt,erwärmen
erwärmst,erwärmen
erwärm,erwärmen
erwärmte,erwärmen
erwärmt,erwärmen
erwärmt,erwärmen
dunkle ab,abdunkeln
dunkelte ab,abdunkeln
abgedunkelt,abdunkeln
dunkelst ab,abdunkeln
dunkle ab,abdunkeln
dunkelte ab,abdunkeln
dunkelt ab,abdunkeln
dunkelt ab,abdunkeln
moniere,monieren
monierte,monieren
moniert,monieren
monierst,monieren
moniere,monieren
monierte,monieren
moniert,monieren
moniert,monieren
outsource,outsourcen
outsourcte,outsourcen
outgesourct,outsourcen
outsourct,outsourcen
outsource,outsourcen
outsourcte,outsourcen
outsourct,outsourcen
outsourct,outsourcen
gebiete,gebieten
gebot,gebieten
geboten,gebieten
gebietest,gebieten
gebiet,gebieten
geböte,gebieten
gebietet,gebieten
gebietet,gebieten
krülle,krüllen
krüllte,krüllen
gekrüllt,krüllen
krüllst,krüllen
krülle,krüllen
krüllte,krüllen
krüllt,krüllen
krüllt,krüllen
haube auf,aufhauben
haubte auf,aufhauben
aufgehaubt,aufhauben
haubst auf,aufhauben
haube auf,aufhauben
haubte auf,aufhauben
haubt auf,aufhauben
haubt auf,aufhauben
stehe zu,zustehen
stand zu,zustehen
zugestanden,zustehen
stehst zu,zustehen
stehe zu,zustehen
stünde zu,zustehen
steht zu,zustehen
steht zu,zustehen
krüppele ab,abkrüppeln
krüppelte ab,abkrüppeln
abgekrüppelt,abkrüppeln
krüppelst ab,abkrüppeln
krüppele ab,abkrüppeln
krüppelte ab,abkrüppeln
krüppelt ab,abkrüppeln
krüppelt ab,abkrüppeln
äufne,äufnen
äufnete,äufnen
geäufnet,äufnen
äufnest,äufnen
äufne,äufnen
äufnete,äufnen
äufnet,äufnen
äufnet,äufnen
bleibe aus,ausbleiben
blieb aus,ausbleiben
ausgeblieben,ausbleiben
bleibst aus,ausbleiben
bleib aus,ausbleiben
bliebe aus,ausbleiben
bleibt aus,ausbleiben
bleibt aus,ausbleiben
entrüste,entrüsten
entrüstete,entrüsten
entrüstet,entrüsten
entrüstest,entrüsten
entrüst,entrüsten
entrüstete,entrüsten
entrüstet,entrüsten
entrüstet,entrüsten
reiße,reißen
riss,reißen
gerissen,reißen
reißt,reißen
reiße,reißen
risse,reißen
reißt,reißen
reißt,reißen
beantworte,beantworten
beantwortete,beantworten
beantwortet,beantworten
beantwortest,beantworten
beantworte,beantworten
beantwortete,beantworten
beantwortet,beantworten
beantwortet,beantworten
versage,versagen
versagte,versagen
versagt,versagen
versagst,versagen
versage,versagen
versagte,versagen
versagt,versagen
versagt,versagen
läppere,läppern
läpperte,läppern
geläppert,läppern
läpperst,läppern
läppere,läppern
läpperte,läppern
läppert,läppern
läppert,läppern
bewohne,bewohnen
bewohnte,bewohnen
bewohnt,bewohnen
bewohnst,bewohnen
bewohne,bewohnen
bewohnte,bewohnen
bewohnt,bewohnen
bewohnt,bewohnen
raue auf,aufrauen
raute auf,aufrauen
aufgeraut,aufrauen
raust auf,aufrauen
rau auf,aufrauen
raute auf,aufrauen
raut auf,aufrauen
raut auf,aufrauen
kille,killen
killte,killen
gekillt,killen
killst,killen
kille,killen
killte,killen
killt,killen
killt,killen
doppelklicke,doppelklicken
doppelklickte,doppelklicken
doppelgeklickt,doppelklicken
doppelklickst,doppelklicken
doppelklicke,doppelklicken
doppelklickte,doppelklicken
doppelklickt,doppelklicken
doppelklickt,doppelklicken
kante,kanten
kantete,kanten
gekantet,kanten
kantest,kanten
kant,kanten
kantete,kanten
kantet,kanten
kantet,kanten
repariere,reparieren
reparierte,reparieren
repariert,reparieren
reparierst,reparieren
repariere,reparieren
reparierte,reparieren
repariert,reparieren
repariert,reparieren
gehöre an,angehören
gehörte an,angehören
angehört,angehören
gehörst an,angehören
gehör an,angehören
gehörte an,angehören
gehört an,angehören
gehört an,angehören
blitze,blitzen
blitzte,blitzen
geblitzt,blitzen
blitzt,blitzen
blitze,blitzen
blitzte,blitzen
blitzt,blitzen
blitzt,blitzen
beiße ab,abbeißen
biss ab,abbeißen
abgebissen,abbeißen
beißt ab,abbeißen
beiß ab,abbeißen
bisse ab,abbeißen
beißt ab,abbeißen
beißt ab,abbeißen
suppe,suppen
suppte,suppen
gesuppt,suppen
suppst,suppen
supp,suppen
suppte,suppen
suppt,suppen
suppt,suppen
elizitiere,elizitieren
elizitierte,elizitieren
elizitiert,elizitieren
elizitierst,elizitieren
elizitiere,elizitieren
elizitierte,elizitieren
elizitiert,elizitieren
elizitiert,elizitieren
schabe,schaben
schabte,schaben
geschabt,schaben
schabst,schaben
schabe,schaben
schabte,schaben
schabt,schaben
schabt,schaben
toaste,toasten
toastete,toasten
getoastet,toasten
toastest,toasten
toast,toasten
toastete,toasten
toastet,toasten
toastet,toasten
gurke,gurken
gurkte,gurken
gegurkt,gurken
gurkst,gurken
gurk,gurken
gurkte,gurken
gurkt,gurken
gurkt,gurken
sulze,sulzen
sulzte,sulzen
gesulzt,sulzen
sulzt,sulzen
sulz,sulzen
sulzte,sulzen
sulzt,sulzen
sulzt,sulzen
mache mit,mitmachen
machte mit,mitmachen
mitgemacht,mitmachen
machst mit,mitmachen
mach mit,mitmachen
machte mit,mitmachen
macht mit,mitmachen
macht mit,mitmachen
arrondiere,arrondieren
arrondierte,arrondieren
arrondiert,arrondieren
arrondierst,arrondieren
arrondiere,arrondieren
arrondierte,arrondieren
arrondiert,arrondieren
arrondiert,arrondieren
eräuge,eräugen
eräugte,eräugen
eräugt,eräugen
eräugst,eräugen
eräug,eräugen
eräugte,eräugen
eräugt,eräugen
eräugt,eräugen
segne ab,absegnen
segnete ab,absegnen
abgesegnet,absegnen
segnest ab,absegnen
segne ab,absegnen
segnete ab,absegnen
segnet ab,absegnen
segnet ab,absegnen
schrumpele,schrumpeln
schrumpelte,schrumpeln
geschrumpelt,schrumpeln
schrumpelst,schrumpeln
schrumpel,schrumpeln
schrumpelte,schrumpeln
schrumpelt,schrumpeln
schrumpelt,schrumpeln
kränkle,kränkeln
kränkelte,kränkeln
gekränkelt,kränkeln
kränkelst,kränkeln
kränkle,kränkeln
kränkelte,kränkeln
kränkelt,kränkeln
kränkelt,kränkeln
bespucke,bespucken
bespuckte,bespucken
bespuckt,bespucken
bespuckst,bespucken
bespuck,bespucken
bespuckte,bespucken
bespuckt,bespucken
bespuckt,bespucken
stehle,stehlen
stahl,stehlen
gestohlen,stehlen
stiehlst,stehlen
stiehl,stehlen
stähle,stehlen
stiehlt,stehlen
stehlt,stehlen
schmeiße,schmeißen
schmiss,schmeißen
geschmissen,schmeißen
schmeißt,schmeißen
schmeiß,schmeißen
schmisse,schmeißen
schmeißt,schmeißen
schmeißt,schmeißen
dränge zurück,zurückdrängen
drängte zurück,zurückdrängen
zurückgedrängt,zurückdrängen
drängst zurück,zurückdrängen
dräng zurück,zurückdrängen
drängte zurück,zurückdrängen
drängt zurück,zurückdrängen
drängt zurück,zurückdrängen
erwarte,erwarten
erwartete,erwarten
erwartet,erwarten
erwartest,erwarten
erwarte,erwarten
erwartete,erwarten
erwartet,erwarten
erwartet,erwarten
entlarve,entlarven
entlarvte,entlarven
entlarvt,entlarven
entlarvst,entlarven
entlarv,entlarven
entlarvte,entlarven
entlarvt,entlarven
entlarvt,entlarven
verschüre,verschüren
verschürte,verschüren
verschürt,verschüren
verschürst,verschüren
verschür,verschüren
verschürte,verschüren
verschürt,verschüren
verschürt,verschüren
lächle,lächeln
lächelte,lächeln
gelächelt,lächeln
lächelst,lächeln
lächle,lächeln
lächelte,lächeln
lächelt,lächeln
lächelt,lächeln
skandiere,skandieren
skandierte,skandieren
skandiert,skandieren
skandierst,skandieren
skandiere,skandieren
skandierte,skandieren
skandiert,skandieren
skandiert,skandieren
stuke,stuken
stukte,stuken
gestukt,stuken
stukst,stuken
stuk,stuken
stukte,stuken
stukt,stuken
stukt,stuken
disloziere,dislozieren
dislozierte,dislozieren
disloziert,dislozieren
dislozierst,dislozieren
disloziere,dislozieren
dislozierte,dislozieren
disloziert,dislozieren
disloziert,dislozieren
kaspere,kaspern
kasperte,kaspern
gekaspert,kaspern
kasperst,kaspern
kaspere,kaspern
kasperte,kaspern
kaspert,kaspern
kaspert,kaspern
durchdenke,durchdenken
durchdachte,durchdenken
durchdacht,durchdenken
durchdenkst,durchdenken
durchdenke,durchdenken
durchdächte,durchdenken
durchdenkt,durchdenken
durchdenkt,durchdenken
weise nach,nachweisen
wies nach,nachweisen
nachgewiesen,nachweisen
weist nach,nachweisen
weise nach,nachweisen
wiese nach,nachweisen
weist nach,nachweisen
weist nach,nachweisen
sichte,sichten
sichtete,sichten
gesichtet,sichten
sichtest,sichten
sichte,sichten
sichtete,sichten
sichtet,sichten
sichtet,sichten
lüge um,umlügen
log um,umlügen
umgelogen,umlügen
lügst um,umlügen
lüge um,umlügen
löge um,umlügen
lügt um,umlügen
lügt um,umlügen
dienstverpflichtet,dienstverpflichten
räche,rächen
rächte,rächen
gerächt,rächen
rächst,rächen
räche,rächen
rächte,rächen
rächt,rächen
rächt,rächen
schreddere,schreddern
schredderte,schreddern
geschreddert,schreddern
schredderst,schreddern
schredder,schreddern
schredderte,schreddern
schreddert,schreddern
schreddert,schreddern
finde an,anfinden
fand an,anfinden
angefunden,anfinden
findest an,anfinden
finde an,anfinden
fände an,anfinden
findet an,anfinden
findet an,anfinden
begehre auf,aufbegehren
begehrte auf,aufbegehren
aufbegehrt,aufbegehren
begehrst auf,aufbegehren
begehr auf,aufbegehren
begehrte auf,aufbegehren
begehrt auf,aufbegehren
begehrt auf,aufbegehren
demontiere,demontieren
demontierte,demontieren
demontiert,demontieren
demontierst,demontieren
demontiere,demontieren
demontierte,demontieren
demontiert,demontieren
demontiert,demontieren
gebe bekannt,bekannt geben
gab bekannt,bekannt geben
bekannt gegeben,bekannt geben
gibst bekannt,bekannt geben
gib bekannt,bekannt geben
gäbe bekannt,bekannt geben
gibt bekannt,bekannt geben
gebt bekannt,bekannt geben
kündige ab,abkündigen
kündigte ab,abkündigen
abgekündigt,abkündigen
kündigst ab,abkündigen
kündige ab,abkündigen
kündigte ab,abkündigen
kündigt ab,abkündigen
kündigt ab,abkündigen
reibe ab,abreiben
rieb ab,abreiben
abgerieben,abreiben
reibst ab,abreiben
reib ab,abreiben
riebe ab,abreiben
reibt ab,abreiben
reibt ab,abreiben
kiebitze,kiebitzen
kiebitzte,kiebitzen
gekiebitzt,kiebitzen
kiebitzt,kiebitzen
kiebitz,kiebitzen
kiebitzte,kiebitzen
kiebitzt,kiebitzen
kiebitzt,kiebitzen
rücke vor,vorrücken
rückte vor,vorrücken
vorgerückt,vorrücken
rückst vor,vorrücken
rück vor,vorrücken
rückte vor,vorrücken
rückt vor,vorrücken
rückt vor,vorrücken
speichel,speicheln
speichelte,speicheln
gespeichelt,speicheln
speichelst,speicheln
speichel,speicheln
speichelte,speicheln
speichelt,speicheln
speichelt,speicheln
periodisiere,periodisieren
periodisierte,periodisieren
periodisiert,periodisieren
periodisierst,periodisieren
periodisier,periodisieren
periodisierte,periodisieren
periodisiert,periodisieren
periodisiert,periodisieren
ersinge,ersingen
ersang,ersingen
ersungen,ersingen
ersingst,ersingen
ersing,ersingen
ersänge,ersingen
ersingt,ersingen
ersingt,ersingen
verende,verenden
verendete,verenden
verendet,verenden
verendest,verenden
verende,verenden
verendete,verenden
verendet,verenden
verendet,verenden
versöhnte,versöhnen
versöhnte,versöhnen
versöhnt,versöhnen
versöhnst,versöhnen
versöhne,versöhnen
versöhnte,versöhnen
versöhnt,versöhnen
versöhnt,versöhnen
reute,reuen
gereut,reuen
reute,reuen
reut,reuen
seiche,seichen
seichte,seichen
geseicht,seichen
seichst,seichen
seich,seichen
seichte,seichen
seicht,seichen
seicht,seichen
pflastere,pflastern
pflasterte,pflastern
gepflastert,pflastern
pflasterst,pflastern
pflastere,pflastern
pflasterte,pflastern
pflastert,pflastern
pflastert,pflastern
hefte,heften
heftete,heften
geheftet,heften
heftest,heften
hefte,heften
heftete,heften
heftet,heften
heftet,heften
nehme teil,teilnehmen
nahm teil,teilnehmen
teilgenommen,teilnehmen
nimmst teil,teilnehmen
nimm teil,teilnehmen
nähme teil,teilnehmen
nimmt teil,teilnehmen
nehmt teil,teilnehmen
folge aufeinander,aufeinanderfolgen
folgte aufeinander,aufeinanderfolgen
aufeinandergefolgt,aufeinanderfolgen
folgst aufeinander,aufeinanderfolgen
folg aufeinander,aufeinanderfolgen
folgte aufeinander,aufeinanderfolgen
folgt aufeinander,aufeinanderfolgen
folgt aufeinander,aufeinanderfolgen
degeneriere,degenerieren
degenerierte,degenerieren
degeneriert,degenerieren
degenerierst,degenerieren
degenerier,degenerieren
degenerierte,degenerieren
degeneriert,degenerieren
degeneriert,degenerieren
erflehe,erflehen
erflehte,erflehen
erfleht,erflehen
erflehst,erflehen
erfleh,erflehen
erflehte,erflehen
erfleht,erflehen
erfleht,erflehen
minimisiere,minimisieren
minimisierte,minimisieren
minimisiert,minimisieren
minimisierst,minimisieren
minimisier,minimisieren
minimisierte,minimisieren
minimisiert,minimisieren
minimisiert,minimisieren
bespeie,bespeien
bespie,bespeien
bespien,bespeien
bespeist,bespeien
bespei,bespeien
bespie,bespeien
bespeit,bespeien
bespeit,bespeien
erblonde,erblonden
erblondete,erblonden
erblondet,erblonden
erblondest,erblonden
erblond,erblonden
erblondete,erblonden
erblondet,erblonden
erblondet,erblonden
tanke,tanken
tankte,tanken
getankt,tanken
tankst,tanken
tank,tanken
tankte,tanken
tankt,tanken
tankt,tanken
heische,heischen
heischte,heischen
geheischt,heischen
heischst,heischen
heisch,heischen
heischte,heischen
heischt,heischen
heischt,heischen
tose,tosen
toste,tosen
getost,tosen
tost,tosen
tos,tosen
toste,tosen
tost,tosen
tost,tosen
näsle,näseln
näselte,näseln
genäselt,näseln
näselst,näseln
näsle,näseln
näselte,näseln
näselt,näseln
näselt,näseln
besprenge,besprengen
besprengte,besprengen
besprengt,besprengen
besprengst,besprengen
bespreng,besprengen
besprengte,besprengen
besprengt,besprengen
besprengt,besprengen
hacke ab,abhacken
hackte ab,abhacken
abgehackt,abhacken
hackst ab,abhacken
hacke ab,abhacken
hackte ab,abhacken
hackt ab,abhacken
hackt ab,abhacken
recycele,recyceln
recycelte,recyceln
recycelt,recyceln
recycelst,recyceln
recycele,recyceln
recycelte,recyceln
recycelt,recyceln
recycelt,recyceln
tiefgekühlt,tiefkühlen
mahne an,anmahnen
mahnte an,anmahnen
angemahnt,anmahnen
mahnst an,anmahnen
mahn an,anmahnen
mahnte an,anmahnen
mahnt an,anmahnen
mahnt an,anmahnen
stoppe,stoppen
stoppte,stoppen
gestoppt,stoppen
stoppst,stoppen
stopp,stoppen
stoppte,stoppen
stoppt,stoppen
stoppt,stoppen
konjugiere,konjugieren
konjugierte,konjugieren
konjugiert,konjugieren
konjugierst,konjugieren
konjugiere,konjugieren
konjugierte,konjugieren
konjugiert,konjugieren
konjugiert,konjugieren
muhe,muhen
muhte,muhen
gemuht,muhen
muhst,muhen
muh,muhen
muhte,muhen
muht,muhen
muht,muhen
beschneide,beschneiden
beschnitt,beschneiden
beschnitten,beschneiden
beschneidest,beschneiden
beschneide,beschneiden
beschnitte,beschneiden
beschneidet,beschneiden
beschneidet,beschneiden
weise zurecht,zurechtweisen
wies zurecht,zurechtweisen
zurechtgewiesen,zurechtweisen
weist zurecht,zurechtweisen
weis zurecht,zurechtweisen
wiese zurecht,zurechtweisen
weist zurecht,zurechtweisen
weist zurecht,zurechtweisen
überlege,überlegen
überlegte,überlegen
überlegt,überlegen
überlegst,überlegen
überlege,überlegen
überlegte,überlegen
überlegt,überlegen
überlegt,überlegen
komme dran,drankommen
kam dran,drankommen
drangekommen,drankommen
kommst dran,drankommen
komm dran,drankommen
käme dran,drankommen
kommt dran,drankommen
kommt dran,drankommen
komme rüber,rüberkommen
kam rüber,rüberkommen
rübergekommen,rüberkommen
kommst rüber,rüberkommen
komme rüber,rüberkommen
käme rüber,rüberkommen
kommt rüber,rüberkommen
kommt rüber,rüberkommen
lagere um,umlagern
lagerte um,umlagern
umgelagert,umlagern
lagerst um,umlagern
lager um,umlagern
lagerte um,umlagern
lagert um,umlagern
lagert um,umlagern
ihrze,ihrzen
ihrzte,ihrzen
geihrzt,ihrzen
ihrzt,ihrzen
ihrze,ihrzen
ihrzte,ihrzen
ihrzt,ihrzen
ihrzt,ihrzen
gebe bekannt,bekanntgeben
gab bekannt,bekanntgeben
bekanntgegeben,bekanntgeben
gibst bekannt,bekanntgeben
gib bekannt,bekanntgeben
gäbe bekannt,bekanntgeben
gibt bekannt,bekanntgeben
gebt bekannt,bekanntgeben
rinne,rinnen
rann,rinnen
geronnen,rinnen
rinnst,rinnen
rinn,rinnen
ränne,rinnen
rinnt,rinnen
rinnt,rinnen
störe,stören
störte,stören
gestört,stören
störst,stören
stör,stören
störte,stören
stört,stören
stört,stören
wickele ab,abwickeln
wickelte ab,abwickeln
abgewickelt,abwickeln
wickelst ab,abwickeln
wickle ab,abwickeln
wickelte ab,abwickeln
wickelt ab,abwickeln
wickelt ab,abwickeln
schreite,schreiten
schritt,schreiten
geschritten,schreiten
schreitest,schreiten
schreite,schreiten
schritte,schreiten
schreitet,schreiten
schreitet,schreiten
verschenke,verschenken
verschenkte,verschenken
verschenkt,verschenken
verschenkst,verschenken
verschenk,verschenken
verschenkte,verschenken
verschenkt,verschenken
verschenkt,verschenken
jage durch,durchjagen
jagte durch,durchjagen
durchgejagt,durchjagen
jagst durch,durchjagen
jag durch,durchjagen
jagte durch,durchjagen
jagt durch,durchjagen
jagt durch,durchjagen
tätowiere,tätowieren
tätowierte,tätowieren
tätowiert,tätowieren
tätowierst,tätowieren
tätowiere,tätowieren
tätowierte,tätowieren
tätowiert,tätowieren
tätowiert,tätowieren
ärgere,ärgern
ärgerte,ärgern
geärgert,ärgern
ärgerst,ärgern
ärgere,ärgern
ärgerte,ärgern
ärgert,ärgern
ärgert,ärgern
autographiere,autographieren
autographierte,autographieren
autographiert,autographieren
autographierst,autographieren
autographier,autographieren
autographierte,autographieren
autographiert,autographieren
autographiert,autographieren
fahre voraus,vorausfahren
fuhr voraus,vorausfahren
vorausgefahren,vorausfahren
fährst voraus,vorausfahren
fahr voraus,vorausfahren
führe voraus,vorausfahren
fährt voraus,vorausfahren
fahrt voraus,vorausfahren
stopfe,stopfen
stopfte,stopfen
gestopft,stopfen
stopfst,stopfen
stopfe,stopfen
stopfte,stopfen
stopft,stopfen
stopft,stopfen
komme herunter,herunterkommen
kam herunter,herunterkommen
heruntergekommen,herunterkommen
kommst herunter,herunterkommen
komm herunter,herunterkommen
käme herunter,herunterkommen
kommt herunter,herunterkommen
kommt herunter,herunterkommen
versaubeutle,versaubeuteln
versaubeutelte,versaubeuteln
versaubeutelt,versaubeuteln
versaubeutelst,versaubeuteln
versaubeutel,versaubeuteln
versaubeutelte,versaubeuteln
versaubeutelt,versaubeuteln
versaubeutelt,versaubeuteln
lade vor,vorladen
lud vor,vorladen
vorgeladen,vorladen
lädst vor,vorladen
lade vor,vorladen
lüde vor,vorladen
lädt vor,vorladen
ladet vor,vorladen
verweigere,verweigern
verweigerte,verweigern
verweigert,verweigern
verweigerst,verweigern
verweigere,verweigern
verweigerte,verweigern
verweigert,verweigern
verweigert,verweigern
inkommodiere,inkommodieren
inkommodierte,inkommodieren
inkommodiert,inkommodieren
inkommodierst,inkommodieren
inkommodiere,inkommodieren
inkommodierte,inkommodieren
inkommodiert,inkommodieren
inkommodiert,inkommodieren
zurre,zurren
zurrte,zurren
gezurrt,zurren
zurrst,zurren
zurre,zurren
zurrte,zurren
zurrt,zurren
zurrt,zurren
ersticke,ersticken
erstickte,ersticken
erstickt,ersticken
erstickst,ersticken
ersticke,ersticken
erstickte,ersticken
erstickt,ersticken
erstickt,ersticken
gniedle,gniedeln
gniedelte,gniedeln
gegniedelt,gniedeln
gniedelst,gniedeln
gniedel,gniedeln
gniedelte,gniedeln
gniedelt,gniedeln
gniedelt,gniedeln
renne zurück,zurückrennen
rannte zurück,zurückrennen
zurückgerannt,zurückrennen
rennst zurück,zurückrennen
renn zurück,zurückrennen
rennte zurück,zurückrennen
rennt zurück,zurückrennen
rennt zurück,zurückrennen
pritsche,pritschen
pritschte,pritschen
gepritscht,pritschen
pritschst,pritschen
pritsch,pritschen
pritschte,pritschen
pritscht,pritschen
pritscht,pritschen
wälle,wällen
wällte,wällen
gewällt,wällen
wällst,wällen
wäll,wällen
wällte,wällen
wällt,wällen
wällt,wällen
lebe fort,fortleben
lebte fort,fortleben
fortgelebt,fortleben
lebst fort,fortleben
leb fort,fortleben
lebte fort,fortleben
lebt fort,fortleben
lebt fort,fortleben
erblühe,erblühen
erblühte,erblühen
erblüht,erblühen
erblühst,erblühen
erblüh,erblühen
erblühte,erblühen
erblüht,erblühen
erblüht,erblühen
krumple,krumpeln
krumpelte,krumpeln
gekrumpelt,krumpeln
krumpelst,krumpeln
krumple,krumpeln
krumpelte,krumpeln
krumpelt,krumpeln
krumpelt,krumpeln
spritze,spritzen
spritzte,spritzen
gespritzt,spritzen
spritzt,spritzen
spritz,spritzen
spritzte,spritzen
spritzt,spritzen
spritzt,spritzen
spreche heilig,heiligsprechen
sprach heilig,heiligsprechen
heiliggesprochen,heiligsprechen
sprichst heilig,heiligsprechen
spreche heilig,heiligsprechen
spräche heilig,heiligsprechen
spricht heilig,heiligsprechen
sprecht heilig,heiligsprechen
antworte ein,einantworten
antwortete ein,einantworten
eingeantwortet,einantworten
antwortest ein,einantworten
antworte ein,einantworten
antwortete ein,einantworten
antwortet ein,einantworten
antwortet ein,einantworten
wettere,wettern
wetterte,wettern
gewettert,wettern
wetterst,wettern
wettere,wettern
wetterte,wettern
wettert,wettern
wettert,wettern
drücke aus,ausdrücken
drückte aus,ausdrücken
ausgedrückt,ausdrücken
drückst aus,ausdrücken
drücke aus,ausdrücken
drückte aus,ausdrücken
drückt aus,ausdrücken
drückt aus,ausdrücken
quatsche ab,abquatschen
quatschte ab,abquatschen
abgequatscht,abquatschen
quatschst ab,abquatschen
quatsch ab,abquatschen
quatschte ab,abquatschen
quatscht ab,abquatschen
quatscht ab,abquatschen
feilsche,feilschen
feilschte,feilschen
gefeilscht,feilschen
feilschst,feilschen
feilsche,feilschen
feilschte,feilschen
feilscht,feilschen
feilschet,feilschen
drucke,drucken
druckte,drucken
gedruckt,drucken
druckst,drucken
druck,drucken
druckte,drucken
druckt,drucken
druckt,drucken
schere,scheren
schor,scheren
geschoren,scheren
scherst,scheren
schere,scheren
schöre,scheren
schert,scheren
schert,scheren
schnappe,schnappen
schnappte,schnappen
geschnappt,schnappen
schnappst,schnappen
schnapp,schnappen
schnappte,schnappen
schnappt,schnappen
schnappt,schnappen
schneide ab,abschneiden
schnitt ab,abschneiden
abgeschnitten,abschneiden
schneidest ab,abschneiden
schneide ab,abschneiden
schnitte ab,abschneiden
schneidet ab,abschneiden
schneidet ab,abschneiden
stelle aus,ausstellen
stellte aus,ausstellen
ausgestellt,ausstellen
stellst aus,ausstellen
stell aus,ausstellen
stellte aus,ausstellen
stellt aus,ausstellen
stellt aus,ausstellen
durchfließe,durchfließen
durchfloss,durchfließen
durchflossen,durchfließen
durchfließt,durchfließen
durchfließe,durchfließen
durchflösse,durchfließen
durchfließt,durchfließen
durchfließt,durchfließen
ermutige,ermutigen
ermutigte,ermutigen
ermutigt,ermutigen
ermutigst,ermutigen
ermutig,ermutigen
ermutigte,ermutigen
ermutigt,ermutigen
ermutigt,ermutigen
gelte,gelten
galt,gelten
gegolten,gelten
giltst,gelten
gilt,gelten
gälte,gelten
gilt,gelten
geltet,gelten
verfestige,verfestigen
verfestigte,verfestigen
verfestigt,verfestigen
verfestigst,verfestigen
verfestig,verfestigen
verfestigte,verfestigen
verfestigt,verfestigen
verfestigt,verfestigen
studiere,studieren
studierte,studieren
studiert,studieren
studierst,studieren
studier,studieren
studierte,studieren
studiert,studieren
studiert,studieren
arbeite auf,aufarbeiten
arbeitete auf,aufarbeiten
aufgearbeitet,aufarbeiten
arbeitest auf,aufarbeiten
arbeite auf,aufarbeiten
arbeitete auf,aufarbeiten
arbeitet auf,aufarbeiten
arbeitet auf,aufarbeiten
baume ab,abbaumen
baumte ab,abbaumen
abgebaumt,abbaumen
baumst ab,abbaumen
baum ab,abbaumen
baumte ab,abbaumen
baumt ab,abbaumen
baumt ab,abbaumen
erwehre,erwehren
erwehrte,erwehren
erwehrt,erwehren
erwehrst,erwehren
erwehr,erwehren
erwehrte,erwehren
erwehrt,erwehren
erwehrt,erwehren
bandagiere,bandagieren
bandagierte,bandagieren
bandagiert,bandagieren
bandagierst,bandagieren
bandagiere,bandagieren
bandagierte,bandagieren
bandagiert,bandagieren
bandagiert,bandagieren
schmule,schmulen
schmulte,schmulen
geschmult,schmulen
schmulst,schmulen
schmul,schmulen
schmulte,schmulen
schmult,schmulen
schmult,schmulen
konfrontiere,konfrontieren
konfrontierte,konfrontieren
konfrontiert,konfrontieren
konfrontierst,konfrontieren
konfrontiere,konfrontieren
konfrontierte,konfrontieren
konfrontiert,konfrontieren
konfrontiert,konfrontieren
gödelisiere,gödelisieren
gödelisierte,gödelisieren
gödelisiert,gödelisieren
gödelisierst,gödelisieren
gödelisier,gödelisieren
gödelisierte,gödelisieren
gödelisiert,gödelisieren
gödelisiert,gödelisieren
köpfle,köpfeln
köpfelte,köpfeln
geköpfelt,köpfeln
köpfelst,köpfeln
köpfle,köpfeln
köpfelte,köpfeln
köpfelt,köpfeln
köpfelt,köpfeln
erwähne,erwähnen
erwähnte,erwähnen
erwähnt,erwähnen
erwähnst,erwähnen
erwähne,erwähnen
erwähnte,erwähnen
erwähnt,erwähnen
erwähnt,erwähnen
schmauche,schmauchen
schmauchte,schmauchen
geschmaucht,schmauchen
schmauchst,schmauchen
schmauch,schmauchen
schmauchte,schmauchen
schmaucht,schmauchen
schmaucht,schmauchen
restringiere,restringieren
restringierte,restringieren
restringiert,restringieren
restringierst,restringieren
restringiere,restringieren
restringierte,restringieren
restringiert,restringieren
restringiert,restringieren
mausere,mausern
mauserte,mausern
gemausert,mausern
mauserst,mausern
mausere,mausern
mauserte,mausern
mausert,mausern
mausert,mausern
dulde,dulden
duldete,dulden
geduldet,dulden
duldest,dulden
dulde,dulden
duldete,dulden
duldet,dulden
duldet,dulden
zerreiße,zerreißen
zerriss,zerreißen
zerrissen,zerreißen
zerreißt,zerreißen
zerreiß,zerreißen
zerrisse,zerreißen
zerreißt,zerreißen
zerreißt,zerreißen
wurzele,wurzeln
wurzelte,wurzeln
gewurzelt,wurzeln
wurzelst,wurzeln
wurzel,wurzeln
wurzelte,wurzeln
wurzelt,wurzeln
wurzelt,wurzeln
laminiere,laminieren
laminierte,laminieren
laminiert,laminieren
laminierst,laminieren
laminier,laminieren
laminierte,laminieren
laminiert,laminieren
laminiert,laminieren
separiere,separieren
separierte,separieren
separiert,separieren
separierst,separieren
separiere,separieren
separierte,separieren
separiert,separieren
separiert,separieren
gründe,gründen
gründete,gründen
gegründet,gründen
gründest,gründen
gründ,gründen
gründete,gründen
gründet,gründen
gründet,gründen
misse,missen
misste,missen
gemisst,missen
misst,missen
misse,missen
misste,missen
misst,missen
misst,missen
verlebe,verleben
verlebte,verleben
verlebt,verleben
verlebst,verleben
verleb,verleben
verlebte,verleben
verlebt,verleben
verlebt,verleben
marschiere ab,abmarschieren
marschierte ab,abmarschieren
abmarschiert,abmarschieren
marschierst ab,abmarschieren
marschier ab,abmarschieren
marschierte ab,abmarschieren
marschiert ab,abmarschieren
marschiert ab,abmarschieren
trete aus,austreten
trat aus,austreten
ausgetreten,austreten
trittst aus,austreten
tritt aus,austreten
träte aus,austreten
tritt aus,austreten
tretet aus,austreten
disambiguiere,disambiguieren
disambiguierte,disambiguieren
disambiguiert,disambiguieren
disambiguierst,disambiguieren
disambiguiere,disambiguieren
disambiguierte,disambiguieren
disambiguiert,disambiguieren
disambiguiert,disambiguieren
bezuschusse,bezuschussen
bezuschusste,bezuschussen
bezuschusst,bezuschussen
bezuschusst,bezuschussen
bezuschuss,bezuschussen
bezuschusste,bezuschussen
bezuschusst,bezuschussen
bezuschusst,bezuschussen
mustere ab,abmustern
musterte ab,abmustern
abgemustert,abmustern
musterst ab,abmustern
mustere ab,abmustern
musterte ab,abmustern
mustert ab,abmustern
mustert ab,abmustern
räubere aus,ausräubern
räuberte aus,ausräubern
ausgeräubert,ausräubern
räuberst aus,ausräubern
räuber aus,ausräubern
räuberte aus,ausräubern
räubert aus,ausräubern
räubert aus,ausräubern
verquicke,verquicken
verquickte,verquicken
verquickt,verquicken
verquickst,verquicken
verquicke,verquicken
verquickte,verquicken
verquickt,verquicken
verquickt,verquicken
schlachte,schlachten
schlachtete,schlachten
geschlachtet,schlachten
schlachtest,schlachten
schlachte,schlachten
schlachtete,schlachten
schlachtet,schlachten
schlachtet,schlachten
latinisiere,latinisieren
latinisierte,latinisieren
latinisiert,latinisieren
latinisierst,latinisieren
latinisier,latinisieren
latinisierte,latinisieren
latinisiert,latinisieren
latinisiert,latinisieren
steche aus,ausstechen
stach aus,ausstechen
ausgestochen,ausstechen
stichst aus,ausstechen
stich aus,ausstechen
stäche aus,ausstechen
sticht aus,ausstechen
stecht aus,ausstechen
gerinne,gerinnen
gerann,gerinnen
geronnen,gerinnen
gerinnst,gerinnen
gerinne,gerinnen
geränne,gerinnen
gerinnt,gerinnen
gerinnt,gerinnen
furniere,furnieren
furnierte,furnieren
furniert,furnieren
furnierst,furnieren
furnier,furnieren
furnierte,furnieren
furniert,furnieren
furniert,furnieren
skate,skaten
skatete,skaten
geskatet,skaten
skatest,skaten
skate,skaten
skatete,skaten
skatet,skaten
skatet,skaten
robote,roboten
robotete,roboten
gerobotet,roboten
robotest,roboten
robote,roboten
robotete,roboten
robotet,roboten
robotet,roboten
derbrösele,derbröseln
derbröselte,derbröseln
derbröselt,derbröseln
derbröselst,derbröseln
derbrösele,derbröseln
derbröselte,derbröseln
derbröselt,derbröseln
derbröselt,derbröseln
schmelze,schmelzen
schmolz,schmelzen
geschmolzen,schmelzen
schmilzt,schmelzen
schmilz,schmelzen
schmölze,schmelzen
schmilzt,schmelzen
schmelzt,schmelzen
verabschiede,verabschieden
verabschiedete,verabschieden
verabschiedet,verabschieden
verabschiedest,verabschieden
verabschied,verabschieden
verabschiedete,verabschieden
verabschiedet,verabschieden
verabschiedet,verabschieden
gewinne zurück,zurückgewinnen
gewann zurück,zurückgewinnen
zurückgewonnen,zurückgewinnen
gewinnst zurück,zurückgewinnen
gewinn zurück,zurückgewinnen
gewönne zurück,zurückgewinnen
gewinnt zurück,zurückgewinnen
gewinnt zurück,zurückgewinnen
überschreibe,überschreiben
überschrieb,überschreiben
überschrieben,überschreiben
überschreibst,überschreiben
überschreib,überschreiben
überschriebe,überschreiben
überschreibt,überschreiben
überschreibt,überschreiben
poniere,ponieren
ponierte,ponieren
poniert,ponieren
ponierst,ponieren
poniere,ponieren
ponierte,ponieren
poniert,ponieren
poniert,ponieren
shishe,shishen
shishte,shishen
geshisht,shishen
shishst,shishen
shish,shishen
shishte,shishen
shisht,shishen
shisht,shishen
insistiere,insistieren
insistierte,insistieren
insistiert,insistieren
insistierst,insistieren
insistiere,insistieren
insistierte,insistieren
insistiert,insistieren
insistiert,insistieren
liege schief,schief liegen
lag schief,schief liegen
schief gelegen,schief liegen
liegst schief,schief liegen
lieg schief,schief liegen
läge schief,schief liegen
liegt schief,schief liegen
liegt schief,schief liegen
verhandele,verhandeln
verhandelte,verhandeln
verhandelt,verhandeln
verhandelst,verhandeln
verhandele,verhandeln
verhandelte,verhandeln
verhandelt,verhandeln
verhandelt,verhandeln
bankrottiere,bankrottieren
bankrottierte,bankrottieren
bankrottiert,bankrottieren
bankrottierst,bankrottieren
bankrottier,bankrottieren
bankrottierte,bankrottieren
bankrottiert,bankrottieren
bankrottiert,bankrottieren
stütze,stützen
stützte,stützen
gestützt,stützen
stützt,stützen
stütze,stützen
stützte,stützen
stützt,stützen
stützt,stützen
pushe,pushen
pushte,pushen
gepusht,pushen
pushst,pushen
push,pushen
pushte,pushen
pusht,pushen
pusht,pushen
furze,furzen
furzte,furzen
gefurzt,furzen
furzt,furzen
furze,furzen
furzte,furzen
furzt,furzen
furzt,furzen
eröffne,eröffnen
eröffnete,eröffnen
eröffnet,eröffnen
eröffnest,eröffnen
eröffne,eröffnen
eröffnete,eröffnen
eröffnet,eröffnen
eröffnet,eröffnen
überschätze,überschätzen
überschätzte,überschätzen
überschätzt,überschätzen
überschätzt,überschätzen
überschätze,überschätzen
überschätzte,überschätzen
überschätzt,überschätzen
überschätzt,überschätzen
entrichte,entrichten
entrichtete,entrichten
entrichtet,entrichten
entrichtest,entrichten
entricht,entrichten
entrichtete,entrichten
entrichtet,entrichten
entrichtet,entrichten
fresse,fressen
fraß,fressen
gefressen,fressen
frisst,fressen
friss,fressen
fräße,fressen
frisst,fressen
fresst,fressen
schliere,schlieren
schlierte,schlieren
geschliert,schlieren
schlierst,schlieren
schliere,schlieren
schlierte,schlieren
schliert,schlieren
schliert,schlieren
mutiliere,mutilieren
mutilierte,mutilieren
mutiliert,mutilieren
mutilierst,mutilieren
mutilier,mutilieren
mutilierte,mutilieren
mutiliert,mutilieren
mutiliert,mutilieren
zappele,zappeln
zappelte,zappeln
gezappelt,zappeln
zappelst,zappeln
zappele,zappeln
zappelte,zappeln
zappelt,zappeln
zappelt,zappeln
beschließe,beschließen
beschloss,beschließen
beschlossen,beschließen
beschließt,beschließen
beschließe,beschließen
beschlösse,beschließen
beschließt,beschließen
beschließt,beschließen
wässere,wässern
wässerte,wässern
gewässert,wässern
wässerst,wässern
wässere,wässern
wässerte,wässern
wässert,wässern
wässert,wässern
schlafe ein,einschlafen
schlief ein,einschlafen
eingeschlafen,einschlafen
schläfst ein,einschlafen
schlaf ein,einschlafen
schliefe ein,einschlafen
schläft ein,einschlafen
schlaft ein,einschlafen
beute aus,ausbeuten
beutete aus,ausbeuten
ausgebeutet,ausbeuten
beutest aus,ausbeuten
beute aus,ausbeuten
beutete aus,ausbeuten
beutet aus,ausbeuten
beutet aus,ausbeuten
angle,angeln
angelte,angeln
geangelt,angeln
angelst,angeln
angle,angeln
angelte,angeln
angelt,angeln
angelt,angeln
staue,stauen
staute,stauen
gestaut,stauen
staust,stauen
stau,stauen
staute,stauen
staut,stauen
staut,stauen
rattere,rattern
ratterte,rattern
gerattert,rattern
ratterst,rattern
rattere,rattern
ratterte,rattern
rattert,rattern
rattert,rattern
traversiere,traversieren
traversierte,traversieren
traversiert,traversieren
traversierst,traversieren
traversiere,traversieren
traversierte,traversieren
traversiert,traversieren
traversiert,traversieren
gewitterte,gewittern
gewittert,gewittern
gewitterte,gewittern
gewittert,gewittern
quäle,quälen
quälte,quälen
gequält,quälen
quälst,quälen
quäle,quälen
quälte,quälen
quält,quälen
quält,quälen
internationalisiere,internationalisieren
internationalisierte,internationalisieren
internationalisiert,internationalisieren
internationalisierst,internationalisieren
internationalisier,internationalisieren
internationalisierte,internationalisieren
internationalisiert,internationalisieren
internationalisiert,internationalisieren
bessere aus,ausbessern
besserte aus,ausbessern
ausgebessert,ausbessern
besserst aus,ausbessern
bessere aus,ausbessern
besserte aus,ausbessern
bessert aus,ausbessern
bessert aus,ausbessern
boxe,boxen
boxte,boxen
geboxt,boxen
boxt,boxen
boxe,boxen
boxte,boxen
boxt,boxen
boxt,boxen
baldowere aus,ausbaldowern
baldowerte aus,ausbaldowern
ausbaldowert,ausbaldowern
baldowerst aus,ausbaldowern
baldower aus,ausbaldowern
baldowerte aus,ausbaldowern
baldowert aus,ausbaldowern
baldowert aus,ausbaldowern
terminiere,terminieren
terminierte,terminieren
terminiert,terminieren
terminierst,terminieren
terminiere,terminieren
terminierte,terminieren
terminiert,terminieren
terminiert,terminieren
quille,quillen
quillte,quillen
gequillt,quillen
quillst,quillen
quill,quillen
quillte,quillen
quillt,quillen
quillt,quillen
schlage zu,zuschlagen
schlug zu,zuschlagen
zugeschlagen,zuschlagen
schlägst zu,zuschlagen
schlage zu,zuschlagen
schlüge zu,zuschlagen
schlägt zu,zuschlagen
schlagt zu,zuschlagen
steigere,steigern
steigerte,steigern
gesteigert,steigern
steigerst,steigern
steiger,steigern
steigerte,steigern
steigert,steigern
steigert,steigern
quäke,quäken
quäkte,quäken
gequäkt,quäken
quäkst,quäken
quäke,quäken
quäkte,quäken
quäkt,quäken
quäkt,quäken
emaile,emailen
emailte,emailen
geemailt,emailen
emailst,emailen
emaile,emailen
emailte,emailen
emailt,emailen
emailt,emailen
binde,binden
band,binden
gebunden,binden
bindest,binden
binde,binden
bände,binden
bindet,binden
bindet,binden
erbe,erben
erbte,erben
geerbt,erben
erbst,erben
erbe,erben
erbte,erben
erbt,erben
erbt,erben
stehe,stehen
stand,stehen
gestanden,stehen
stehst,stehen
stehe,stehen
stünde,stehen
steht,stehen
steht,stehen
klüngle,klüngeln
klüngelte,klüngeln
geklüngelt,klüngeln
klüngelst,klüngeln
klüngle,klüngeln
klüngelte,klüngeln
klüngelt,klüngeln
klüngelt,klüngeln
definiere,definieren
definierte,definieren
definiert,definieren
definierst,definieren
definiere,definieren
definierte,definieren
definiert,definieren
definiert,definieren
lange,langen
langte,langen
gelangt,langen
langst,langen
lange,langen
langte,langen
langt,langen
langt,langen
rödle,rödeln
rödelte,rödeln
gerödelt,rödeln
rödelst,rödeln
rödle,rödeln
rödelte,rödeln
rödelt,rödeln
rödelt,rödeln
miete an,anmieten
mietete an,anmieten
angemietet,anmieten
mietest an,anmieten
miete an,anmieten
mietete an,anmieten
mietet an,anmieten
mietet an,anmieten
gase,gasen
gaste,gasen
gegast,gasen
gast,gasen
gas,gasen
gaste,gasen
gast,gasen
gast,gasen
hänge an,anhängen
hing an,anhängen
angehangen,anhängen
hängst an,anhängen
hänge an,anhängen
hinge an,anhängen
hängt an,anhängen
hängt an,anhängen
verschneide,verschneiden
verschnitt,verschneiden
verschnitten,verschneiden
verschneidest,verschneiden
verschneid,verschneiden
verschnitte,verschneiden
verschneidet,verschneiden
verschneidet,verschneiden
halte hin,hinhalten
hielt hin,hinhalten
hingehalten,hinhalten
hältst hin,hinhalten
halt hin,hinhalten
hielte hin,hinhalten
hält hin,hinhalten
haltet hin,hinhalten
erhebe,erheben
erhob,erheben
erhoben,erheben
erhebst,erheben
erhebe,erheben
erhöbe,erheben
erhebt,erheben
erhebt,erheben
verorte,verorten
verortete,verorten
verortet,verorten
verortest,verorten
verort,verorten
verortete,verorten
verortet,verorten
verortet,verorten
tailliere,taillieren
taillierte,taillieren
tailliert,taillieren
taillierst,taillieren
taillier,taillieren
taillierte,taillieren
tailliert,taillieren
tailliert,taillieren
teile,teilen
teilte,teilen
geteilt,teilen
teilst,teilen
teile,teilen
teilte,teilen
teilt,teilen
teilt,teilen
genüge,genügen
genügte,genügen
genügt,genügen
genügst,genügen
genüge,genügen
genügte,genügen
genügt,genügen
genügt,genügen
verblöde,verblöden
verblödete,verblöden
verblödet,verblöden
verblödest,verblöden
verblöd,verblöden
verblödete,verblöden
verblödet,verblöden
verblödet,verblöden
grase,grasen
graste,grasen
gegrast,grasen
grast,grasen
gras,grasen
graste,grasen
grast,grasen
grast,grasen
brühe,brühen
brühte,brühen
gebrüht,brühen
brühst,brühen
brüh,brühen
brühte,brühen
brüht,brühen
brüht,brühen
drehe an,andrehen
drehte an,andrehen
angedreht,andrehen
drehst an,andrehen
dreh an,andrehen
drehte an,andrehen
dreht an,andrehen
dreht an,andrehen
wilddiebe,wilddieben
wilddiebte,wilddieben
gewilddiebt,wilddieben
wilddiebst,wilddieben
wilddiebe,wilddieben
wilddiebte,wilddieben
wilddiebt,wilddieben
wilddiebt,wilddieben
salbe,salben
salbte,salben
gesalbt,salben
salbst,salben
salb,salben
salbte,salben
salbt,salben
salbt,salben
kommandiere,kommandieren
kommandierte,kommandieren
kommandiert,kommandieren
kommandierst,kommandieren
kommandiere,kommandieren
kommandierte,kommandieren
kommandiert,kommandieren
kommandiert,kommandieren
bepreise,bepreisen
bepreiste,bepreisen
bepreist,bepreisen
bepreist,bepreisen
bepreis,bepreisen
bepreiste,bepreisen
bepreist,bepreisen
bepreist,bepreisen
barbiere,barbieren
barbierte,barbieren
barbiert,barbieren
barbierst,barbieren
barbier,barbieren
barbierte,barbieren
barbiert,barbieren
barbiert,barbieren
schaufele,schaufeln
schaufelte,schaufeln
geschaufelt,schaufeln
schaufelst,schaufeln
schaufele,schaufeln
schaufelte,schaufeln
schaufelt,schaufeln
schaufelt,schaufeln
beschmeiße,beschmeißen
beschmiss,beschmeißen
beschmissen,beschmeißen
beschmeißt,beschmeißen
beschmeiß,beschmeißen
beschmisse,beschmeißen
beschmeißt,beschmeißen
beschmeißt,beschmeißen
verdünne,verdünnen
verdünnte,verdünnen
verdünnt,verdünnen
verdünnst,verdünnen
verdünn,verdünnen
verdünnte,verdünnen
verdünnt,verdünnen
verdünnt,verdünnen
überstrahle,überstrahlen
überstrahlte,überstrahlen
überstrahlt,überstrahlen
überstrahlst,überstrahlen
überstrahl,überstrahlen
überstrahlte,überstrahlen
überstrahlt,überstrahlen
überstrahlt,überstrahlen
würfle,würfeln
würfelte,würfeln
gewürfelt,würfeln
würfelst,würfeln
würfle,würfeln
würfelte,würfeln
würfelt,würfeln
würfelt,würfeln
quassele,quasseln
quasselte,quasseln
gequasselt,quasseln
quasselst,quasseln
quassele,quasseln
quasselte,quasseln
quasselt,quasseln
quasselt,quasseln
kujoniere,kujonieren
kujonierte,kujonieren
kujoniert,kujonieren
kujonierst,kujonieren
kujonier,kujonieren
kujonierte,kujonieren
kujoniert,kujonieren
kujoniert,kujonieren
ersäufe,ersäufen
ersäufte,ersäufen
ersäuft,ersäufen
ersäufst,ersäufen
ersäuf,ersäufen
ersäufte,ersäufen
ersäuft,ersäufen
ersäuft,ersäufen
persifliere,persiflieren
persiflierte,persiflieren
persifliert,persiflieren
persiflierst,persiflieren
persifliere,persiflieren
persiflierte,persiflieren
persifliert,persiflieren
persifliert,persiflieren
härte,härten
härtete,härten
gehärtet,härten
härtest,härten
härt,härten
härtete,härten
härtet,härten
härtet,härten
vergammle,vergammeln
vergammelte,vergammeln
vergammelt,vergammeln
vergammelst,vergammeln
vergammle,vergammeln
vergammelte,vergammeln
vergammelt,vergammeln
vergammelt,vergammeln
hemme,hemmen
hemmte,hemmen
gehemmt,hemmen
hemmst,hemmen
hemm,hemmen
hemmte,hemmen
hemmt,hemmen
hemmt,hemmen
öffne,öffnen
öffnete,öffnen
geöffnet,öffnen
öffnest,öffnen
öffne,öffnen
öffnete,öffnen
öffnet,öffnen
öffnet,öffnen
drücke hinunter,hinunterdrücken
drückte hinunter,hinunterdrücken
hinuntergedrückt,hinunterdrücken
drückst hinunter,hinunterdrücken
drück hinunter,hinunterdrücken
drückte hinunter,hinunterdrücken
drückt hinunter,hinunterdrücken
drückt hinunter,hinunterdrücken
verdonnere,verdonnern
verdonnerte,verdonnern
verdonnert,verdonnern
verdonnerst,verdonnern
verdonner,verdonnern
verdonnerte,verdonnern
verdonnert,verdonnern
verdonnert,verdonnern
verkippe,verkippen
verkippte,verkippen
verkippt,verkippen
verkippst,verkippen
verkippe,verkippen
verkippte,verkippen
verkippt,verkippen
verkippt,verkippen
zische aus,auszischen
zischte aus,auszischen
ausgezischt,auszischen
zischst aus,auszischen
zisch aus,auszischen
zischte aus,auszischen
zischt aus,auszischen
zischt aus,auszischen
kreuze,kreuzen
kreuzte,kreuzen
gekreuzt,kreuzen
kreuzt,kreuzen
kreuze,kreuzen
kreuzte,kreuzen
kreuzt,kreuzen
kreuzt,kreuzen
schwofe,schwofen
schwofte,schwofen
geschwoft,schwofen
schwofst,schwofen
schwofe,schwofen
schwofte,schwofen
schwoft,schwofen
schwoft,schwofen
berufe ein,einberufen
berief ein,einberufen
einberufen,einberufen
berufst ein,einberufen
beruf ein,einberufen
beriefe ein,einberufen
beruft ein,einberufen
beruft ein,einberufen
bekalme,bekalmen
bekalmte,bekalmen
bekalmt,bekalmen
bekalmst,bekalmen
bekalm,bekalmen
bekalmte,bekalmen
bekalmt,bekalmen
bekalmt,bekalmen
fröstele,frösteln
fröstelte,frösteln
gefröstelt,frösteln
fröstelst,frösteln
fröstel,frösteln
fröstelte,frösteln
fröstelt,frösteln
fröstelt,frösteln
jogge,joggen
joggte,joggen
gejoggt,joggen
joggst,joggen
jogge,joggen
joggte,joggen
joggt,joggen
joggt,joggen
entschleunige,entschleunigen
entschleunigte,entschleunigen
entschleunigt,entschleunigen
entschleunigst,entschleunigen
entschleunige,entschleunigen
entschleunigte,entschleunigen
entschleunigt,entschleunigen
entschleunigt,entschleunigen
erreiche,erreichen
erreichte,erreichen
erreicht,erreichen
erreichst,erreichen
erreich,erreichen
erreichte,erreichen
erreicht,erreichen
erreicht,erreichen
orchestriere,orchestrieren
orchestrierte,orchestrieren
orchestriert,orchestrieren
orchestrierst,orchestrieren
orchestrier,orchestrieren
orchestrierte,orchestrieren
orchestriert,orchestrieren
orchestriert,orchestrieren
überlasse,überlassen
überließ,überlassen
überlassen,überlassen
überlässt,überlassen
überlasse,überlassen
überließe,überlassen
überlässt,überlassen
überlasst,überlassen
krache,krachen
krachte,krachen
gekracht,krachen
krachst,krachen
krache,krachen
krachte,krachen
kracht,krachen
kracht,krachen
klopfe,klopfen
klopfte,klopfen
geklopft,klopfen
klopfst,klopfen
klopf,klopfen
klopfte,klopfen
klopft,klopfen
klopft,klopfen
wische ab,abwischen
wischte ab,abwischen
abgewischt,abwischen
wischst ab,abwischen
wisch ab,abwischen
wischte ab,abwischen
wischt ab,abwischen
wischt ab,abwischen
bespraye,besprayen
besprayte,besprayen
besprayt,besprayen
besprayst,besprayen
bespray,besprayen
besprayte,besprayen
besprayt,besprayen
besprayt,besprayen
scheppere,scheppern
schepperte,scheppern
gescheppert,scheppern
schepperst,scheppern
schepper,scheppern
schepperte,scheppern
scheppert,scheppern
scheppert,scheppern
verarme,verarmen
verarmte,verarmen
verarmt,verarmen
verarmst,verarmen
verarm,verarmen
verarmte,verarmen
verarmt,verarmen
verarmt,verarmen
hole ein,einholen
holte ein,einholen
eingeholt,einholen
holst ein,einholen
hol ein,einholen
holte ein,einholen
holt ein,einholen
holt ein,einholen
transformiere,transformieren
transformierte,transformieren
transformiert,transformieren
transformierst,transformieren
transformiere,transformieren
transformierte,transformieren
transformiert,transformieren
transformiert,transformieren
schnäuze,schnäuzen
schnäuzte,schnäuzen
geschnäuzt,schnäuzen
schnäuzt,schnäuzen
schnäuze,schnäuzen
schnäuzte,schnäuzen
schnäuzt,schnäuzen
schnäuzt,schnäuzen
beenge,beengen
beengte,beengen
beengt,beengen
beengst,beengen
beeng,beengen
beengte,beengen
beengt,beengen
beengt,beengen
hungere,hungern
hungerte,hungern
gehungert,hungern
hungerst,hungern
hungere,hungern
hungerte,hungern
hungert,hungern
hungert,hungern
geißle,geißeln
geißelte,geißeln
gegeißelt,geißeln
geißelst,geißeln
geißle,geißeln
geißelte,geißeln
geißelt,geißeln
geißelt,geißeln
kontakte,kontakten
kontaktete,kontakten
kontaktet,kontakten
kontaktest,kontakten
kontakte,kontakten
kontaktete,kontakten
kontaktet,kontakten
kontaktet,kontakten
taute,tauen
getaut,tauen
taute,tauen
taut,tauen
ehre,ehren
ehrte,ehren
geehrt,ehren
ehrst,ehren
ehre,ehren
ehrte,ehren
ehrt,ehren
ehrt,ehren
bestelle,bestellen
bestellte,bestellen
bestellt,bestellen
bestellst,bestellen
bestell,bestellen
bestellte,bestellen
bestellt,bestellen
bestellt,bestellen
entstaube,entstauben
entstaubte,entstauben
entstaubt,entstauben
entstaubst,entstauben
entstaube,entstauben
entstaubte,entstauben
entstaubt,entstauben
entstaubt,entstauben
tschentsche,tschentschen
tschentschte,tschentschen
getschentscht,tschentschen
tschentschst,tschentschen
tschentsche,tschentschen
tschentschte,tschentschen
tschentscht,tschentschen
tschentscht,tschentschen
backe ab,abbacken
buk ab,abbacken
abgebacken,abbacken
backst ab,abbacken
back ab,abbacken
büke ab,abbacken
backt ab,abbacken
backt ab,abbacken
behäufele,behäufeln
behäufelte,behäufeln
behäufelt,behäufeln
behäufelst,behäufeln
behäufel,behäufeln
behäufelte,behäufeln
behäufelt,behäufeln
behäufelt,behäufeln
warte auf,aufwarten
wartete auf,aufwarten
aufgewartet,aufwarten
wartest auf,aufwarten
warte auf,aufwarten
wartete auf,aufwarten
wartet auf,aufwarten
wartet auf,aufwarten
schäle,schälen
schälte,schälen
geschält,schälen
schälst,schälen
schäl,schälen
schälte,schälen
schält,schälen
schält,schälen
steige an,ansteigen
stieg an,ansteigen
angestiegen,ansteigen
steigst an,ansteigen
steig an,ansteigen
stiege an,ansteigen
steigt an,ansteigen
steigt an,ansteigen
lade aus,ausladen
lud aus,ausladen
ausgeladen,ausladen
lädst aus,ausladen
lad aus,ausladen
lüde aus,ausladen
lädt aus,ausladen
ladet aus,ausladen
trete ab,abtreten
trat ab,abtreten
abgetreten,abtreten
trittst ab,abtreten
tritt ab,abtreten
träte ab,abtreten
tritt ab,abtreten
tretet ab,abtreten
behandle nach,nachbehandeln
behandelte nach,nachbehandeln
nachbehandelt,nachbehandeln
behandelst nach,nachbehandeln
behandle nach,nachbehandeln
behandelte nach,nachbehandeln
behandelt nach,nachbehandeln
behandelt nach,nachbehandeln
rocke ab,abrocken
rockte ab,abrocken
abgerockt,abrocken
rockst ab,abrocken
rocke ab,abrocken
rockte ab,abrocken
rockt ab,abrocken
rockt ab,abrocken
bange ab,abbangen
bangte ab,abbangen
abgebangt,abbangen
bangst ab,abbangen
bang ab,abbangen
bangte ab,abbangen
bangt ab,abbangen
bangt ab,abbangen
krempel,krempeln
krempelte,krempeln
gekrempelt,krempeln
krempelst,krempeln
krempel,krempeln
krempelte,krempeln
krempelt,krempeln
krempelt,krempeln
untertreibe,untertreiben
untertrieb,untertreiben
untertrieben,untertreiben
untertreibst,untertreiben
untertreibe,untertreiben
untertriebe,untertreiben
untertreibt,untertreiben
untertreibt,untertreiben
beaugenscheinige,beaugenscheinigen
beaugenscheinigte,beaugenscheinigen
beaugenscheinigt,beaugenscheinigen
beaugenscheinigst,beaugenscheinigen
beaugenscheinig,beaugenscheinigen
beaugenscheinigte,beaugenscheinigen
beaugenscheinigt,beaugenscheinigen
beaugenscheinigt,beaugenscheinigen
kann ab,abkönnen
konnte ab,abkönnen
abgekonnt,abkönnen
kannst ab,abkönnen
könnte ab,abkönnen
kann ab,abkönnen
abalieniere,abalienieren
abalienierte,abalienieren
abalieniert,abalienieren
abalienierst,abalienieren
abalieniere,abalienieren
abalienierte,abalienieren
abalieniert,abalienieren
abalieniert,abalienieren
parodiere,parodieren
parodierte,parodieren
parodiert,parodieren
parodierst,parodieren
parodier,parodieren
parodierte,parodieren
parodiert,parodieren
parodiert,parodieren
fläze,fläzen
fläzte,fläzen
gefläzt,fläzen
fläzt,fläzen
fläze,fläzen
fläzte,fläzen
fläzt,fläzen
fläzt,fläzen
trenze,trenzen
trenzte,trenzen
getrenzt,trenzen
trenzt,trenzen
trenz,trenzen
trenzte,trenzen
trenzt,trenzen
trenzt,trenzen
schlachte aus,ausschlachten
schlachtete aus,ausschlachten
ausgeschlachtet,ausschlachten
schlachtest aus,ausschlachten
schlacht aus,ausschlachten
schlachtete aus,ausschlachten
schlachtet aus,ausschlachten
schlachtet aus,ausschlachten
dämme ein,eindämmen
dämmte ein,eindämmen
eingedämmt,eindämmen
dämmst ein,eindämmen
dämm ein,eindämmen
dämmte ein,eindämmen
dämmt ein,eindämmen
dämmt ein,eindämmen
loote,looten
lootete,looten
gelootet,looten
lootest,looten
loote,looten
lootete,looten
lootet,looten
lootet,looten
hörne,hörnen
hörnte,hörnen
gehörnt,hörnen
hörnst,hörnen
hörn,hörnen
hörnte,hörnen
hörnt,hörnen
hörnt,hörnen
behalte zurück,zurückbehalten
behielt zurück,zurückbehalten
zurückbehalten,zurückbehalten
behältst zurück,zurückbehalten
behalte zurück,zurückbehalten
behielte zurück,zurückbehalten
behält zurück,zurückbehalten
behaltet zurück,zurückbehalten
entmutige,entmutigen
entmutigte,entmutigen
entmutigt,entmutigen
entmutigst,entmutigen
entmutig,entmutigen
entmutigte,entmutigen
entmutigt,entmutigen
entmutigt,entmutigen
vertue,vertun
vertat,vertun
vertan,vertun
vertust,vertun
vertue,vertun
vertäte,vertun
vertut,vertun
vertut,vertun
pralle,prallen
prallte,prallen
geprallt,prallen
prallst,prallen
prall,prallen
prallte,prallen
prallt,prallen
prallt,prallen
besaufe,besaufen
besoff,besaufen
besoffen,besaufen
besäufst,besaufen
besauf,besaufen
besöffe,besaufen
besäuft,besaufen
besauft,besaufen
nuschle,nuscheln
nuschelte,nuscheln
genuschelt,nuscheln
nuschelst,nuscheln
nuschle,nuscheln
nuschelte,nuscheln
nuschelt,nuscheln
nuschelt,nuscheln
kotiere,kotieren
kotierte,kotieren
kotiert,kotieren
kotierst,kotieren
kotier,kotieren
kotierte,kotieren
kotiert,kotieren
kotiert,kotieren
bezeichne,bezeichnen
bezeichnete,bezeichnen
bezeichnet,bezeichnen
bezeichnest,bezeichnen
bezeichne,bezeichnen
bezeichnete,bezeichnen
bezeichnet,bezeichnen
bezeichnet,bezeichnen
täfele,täfeln
täfelte,täfeln
getäfelt,täfeln
täfelst,täfeln
täfel,täfeln
täfelte,täfeln
täfelt,täfeln
täfelt,täfeln
entwickle,entwickeln
entwickelte,entwickeln
entwickelt,entwickeln
entwickelst,entwickeln
entwickle,entwickeln
entwickelte,entwickeln
entwickelt,entwickeln
entwickelt,entwickeln
hausiere,hausieren
hausierte,hausieren
hausiert,hausieren
hausierst,hausieren
hausier,hausieren
hausierte,hausieren
hausiert,hausieren
hausiert,hausieren
pöble an,anpöbeln
pöbelte an,anpöbeln
angepöbelt,anpöbeln
pöbelst an,anpöbeln
pöble an,anpöbeln
pöbelte an,anpöbeln
pöbelt an,anpöbeln
pöbelt an,anpöbeln
gischtete,gischten
gegischtet,gischten
gischtete,gischten
gischtet,gischten
streiche an,anstreichen
strich an,anstreichen
angestrichen,anstreichen
streichst an,anstreichen
streich an,anstreichen
striche an,anstreichen
streicht an,anstreichen
streicht an,anstreichen
belasse,belassen
beließ,belassen
belassen,belassen
belässt,belassen
belass,belassen
beließe,belassen
belässt,belassen
belasst,belassen
verlobe,verloben
verlobte,verloben
verlobt,verloben
verlobst,verloben
verlobe,verloben
verlobte,verloben
verlobt,verloben
verlobt,verloben
kartiere,kartieren
kartierte,kartieren
kartiert,kartieren
kartierst,kartieren
kartier,kartieren
kartierte,kartieren
kartiert,kartieren
kartiert,kartieren
kranke,kranken
krankte,kranken
gekrankt,kranken
krankst,kranken
kranke,kranken
krankte,kranken
krankt,kranken
krankt,kranken
spratzte,spratzen
gespratzt,spratzen
spratzte,spratzen
spratzt,spratzen
sprühe,sprühen
sprühte,sprühen
gesprüht,sprühen
sprühst,sprühen
sprüh,sprühen
sprühte,sprühen
sprüht,sprühen
sprüht,sprühen
ernüchtere,ernüchtern
ernüchterte,ernüchtern
ernüchtert,ernüchtern
ernüchterst,ernüchtern
ernüchter,ernüchtern
ernüchterte,ernüchtern
ernüchtert,ernüchtern
ernüchtert,ernüchtern
nuckele,nuckeln
nuckelte,nuckeln
genuckelt,nuckeln
nuckelst,nuckeln
nuckele,nuckeln
nuckelte,nuckeln
nuckelt,nuckeln
nuckelt,nuckeln
bevogte,bevogten
bevogtete,bevogten
bevogtet,bevogten
bevogtest,bevogten
bevogt,bevogten
bevogtete,bevogten
bevogtet,bevogten
bevogtet,bevogten
entanonymisiere,entanonymisieren
entanonymisierte,entanonymisieren
entanonymisiert,entanonymisieren
entanonymisierst,entanonymisieren
entanonymisier,entanonymisieren
entanonymisierte,entanonymisieren
entanonymisiert,entanonymisieren
entanonymisiert,entanonymisieren
betrete,betreten
betrat,betreten
betreten,betreten
betrittst,betreten
betritt,betreten
beträte,betreten
betritt,betreten
betretet,betreten
belle an,anbellen
bellte an,anbellen
angebellt,anbellen
bellst an,anbellen
bell an,anbellen
bellte an,anbellen
bellt an,anbellen
bellt an,anbellen
spende,spenden
spendete,spenden
gespendet,spenden
spendest,spenden
spende,spenden
spendete,spenden
spendet,spenden
spendet,spenden
begehe,begehen
beging,begehen
begangen,begehen
begehst,begehen
begeh,begehen
beginge,begehen
begeht,begehen
begeht,begehen
plansche,planschen
planschte,planschen
geplanscht,planschen
planschst,planschen
plansch,planschen
planschte,planschen
planscht,planschen
planscht,planschen
rezykliere,rezyklieren
rezyklierte,rezyklieren
rezykliert,rezyklieren
rezyklierst,rezyklieren
rezykliere,rezyklieren
rezyklierte,rezyklieren
rezykliert,rezyklieren
rezykliert,rezyklieren
faule,faulen
faulte,faulen
gefault,faulen
faulst,faulen
faule,faulen
faulte,faulen
fault,faulen
fault,faulen
scheine wider,widerscheinen
schien wider,widerscheinen
widergeschienen,widerscheinen
scheinst wider,widerscheinen
schein wider,widerscheinen
schiene wider,widerscheinen
scheint wider,widerscheinen
scheint wider,widerscheinen
flüchte,flüchten
flüchtete,flüchten
geflüchtet,flüchten
flüchtest,flüchten
flüchte,flüchten
flüchtete,flüchten
flüchtet,flüchten
flüchtet,flüchten
schachere,schachern
schacherte,schachern
geschachert,schachern
schacherst,schachern
schachere,schachern
schacherte,schachern
schachert,schachern
schachert,schachern
knirsche,knirschen
knirschte,knirschen
geknirscht,knirschen
knirschst,knirschen
knirsche,knirschen
knirschte,knirschen
knirscht,knirschen
knirscht,knirschen
widerrede,widerreden
widerredete,widerreden
widerredet,widerreden
widerredest,widerreden
widerred,widerreden
widerredete,widerreden
widerredet,widerreden
widerredet,widerreden
verbreitere,verbreitern
verbreiterte,verbreitern
verbreitert,verbreitern
verbreiterst,verbreitern
verbreiter,verbreitern
verbreiterte,verbreitern
verbreitert,verbreitern
verbreitert,verbreitern
immunisiere,immunisieren
immunisierte,immunisieren
immunisiert,immunisieren
immunisierst,immunisieren
immunisier,immunisieren
immunisierte,immunisieren
immunisiert,immunisieren
immunisiert,immunisieren
koche ein,einkochen
kochte ein,einkochen
eingekocht,einkochen
kochst ein,einkochen
koche ein,einkochen
kochte ein,einkochen
kocht ein,einkochen
kocht ein,einkochen
graule,graulen
graulte,graulen
gegrault,graulen
graulst,graulen
graul,graulen
graulte,graulen
grault,graulen
grault,graulen
blitze ab,abblitzen
blitzte ab,abblitzen
abgeblitzt,abblitzen
blitzt ab,abblitzen
blitze ab,abblitzen
blitzte ab,abblitzen
blitzt ab,abblitzen
blitzt ab,abblitzen
knäuele,knäueln
knäuelte,knäueln
geknäuelt,knäueln
knäuelst,knäueln
knäuel,knäueln
knäuelte,knäueln
knäuelt,knäueln
knäuelt,knäueln
revidiere,revidieren
revidierte,revidieren
revidiert,revidieren
revidierst,revidieren
revidiere,revidieren
revidierte,revidieren
revidiert,revidieren
revidiert,revidieren
beiße aufeinander,aufeinanderbeißen
biss aufeinander,aufeinanderbeißen
aufeinandergebissen,aufeinanderbeißen
beißt aufeinander,aufeinanderbeißen
beiß aufeinander,aufeinanderbeißen
bisse aufeinander,aufeinanderbeißen
beißt aufeinander,aufeinanderbeißen
beißt aufeinander,aufeinanderbeißen
drittele,dritteln
drittelte,dritteln
gedrittelt,dritteln
drittelst,dritteln
drittele,dritteln
drittelte,dritteln
drittelt,dritteln
drittelt,dritteln
wirtschafte runter,runterwirtschaften
wirtschaftete runter,runterwirtschaften
runtergewirtschaftet,runterwirtschaften
wirtschaftest runter,runterwirtschaften
wirtschafte runter,runterwirtschaften
wirtschaftete runter,runterwirtschaften
wirtschaftet runter,runterwirtschaften
wirtschaftet runter,runterwirtschaften
deckle,deckeln
deckelte,deckeln
gedeckelt,deckeln
deckelst,deckeln
deckele,deckeln
deckelte,deckeln
deckelt,deckeln
deckelt,deckeln
übervorteile,übervorteilen
übervorteilte,übervorteilen
übervorteilt,übervorteilen
übervorteilst,übervorteilen
übervorteil,übervorteilen
übervorteilte,übervorteilen
übervorteilt,übervorteilen
übervorteilt,übervorteilen
halte heraus,heraushalten
hielt heraus,heraushalten
herausgehalten,heraushalten
hältst heraus,heraushalten
halte heraus,heraushalten
hielte heraus,heraushalten
hält heraus,heraushalten
haltet heraus,heraushalten
halte zu,zuhalten
hielt zu,zuhalten
zugehalten,zuhalten
hältst zu,zuhalten
halte zu,zuhalten
hielte zu,zuhalten
hält zu,zuhalten
haltet zu,zuhalten
laste ein,einlasten
lastete ein,einlasten
eingelastet,einlasten
lastest ein,einlasten
laste ein,einlasten
lastete ein,einlasten
lastet ein,einlasten
lastet ein,einlasten
kenne aus,auskennen
kannte aus,auskennen
ausgekannt,auskennen
kennst aus,auskennen
kenn aus,auskennen
kennte aus,auskennen
kennt aus,auskennen
kennt aus,auskennen
umgehe,umgehen
umging,umgehen
umgangen,umgehen
umgehest,umgehen
umgehe,umgehen
umginge,umgehen
umgehet,umgehen
umgehet,umgehen
meliere,melieren
melierte,melieren
meliert,melieren
melierst,melieren
melier,melieren
melierte,melieren
meliert,melieren
meliert,melieren
brülle an,anbrüllen
brüllte an,anbrüllen
angebrüllt,anbrüllen
brüllst an,anbrüllen
brüll an,anbrüllen
brüllte an,anbrüllen
brüllt an,anbrüllen
brüllt an,anbrüllen
inskribiere,inskribieren
inskribierte,inskribieren
inskribiert,inskribieren
inskribierst,inskribieren
inskribiere,inskribieren
inskribierte,inskribieren
inskribiert,inskribieren
inskribiert,inskribieren
hacke herum,herumhacken
hackte herum,herumhacken
herumgehackt,herumhacken
hackst herum,herumhacken
hack herum,herumhacken
hackte herum,herumhacken
hackt herum,herumhacken
hackt herum,herumhacken
hutzele,hutzeln
hutzelte,hutzeln
gehutzelt,hutzeln
hutzelst,hutzeln
hutzel,hutzeln
hutzelte,hutzeln
hutzelt,hutzeln
hutzelt,hutzeln
bestülpe,bestülpen
bestülpte,bestülpen
bestülpt,bestülpen
bestülpst,bestülpen
bestülp,bestülpen
bestülpte,bestülpen
bestülpt,bestülpen
bestülpt,bestülpen
häufe,häufen
häufte,häufen
gehäuft,häufen
häufst,häufen
häuf,häufen
häufte,häufen
häuft,häufen
häuft,häufen
traue zu,zutrauen
traute zu,zutrauen
zugetraut,zutrauen
traust zu,zutrauen
trau zu,zutrauen
traute zu,zutrauen
traut zu,zutrauen
traut zu,zutrauen
genehmige,genehmigen
genehmigte,genehmigen
genehmigt,genehmigen
genehmigst,genehmigen
genehmige,genehmigen
genehmigte,genehmigen
genehmigt,genehmigen
genehmigt,genehmigen
setze zusammen,zusammensetzen
setzte zusammen,zusammensetzen
zusammengesetzt,zusammensetzen
setzt zusammen,zusammensetzen
setz zusammen,zusammensetzen
setzte zusammen,zusammensetzen
setzt zusammen,zusammensetzen
setzt zusammen,zusammensetzen
tradiere,tradieren
tradierte,tradieren
tradiert,tradieren
tradierst,tradieren
tradiere,tradieren
tradierte,tradieren
tradiert,tradieren
tradiert,tradieren
koche auf,aufkochen
kochte auf,aufkochen
aufgekocht,aufkochen
kochst auf,aufkochen
koch auf,aufkochen
kochte auf,aufkochen
kocht auf,aufkochen
kocht auf,aufkochen
kreide an,ankreiden
kreidete an,ankreiden
angekreidet,ankreiden
kreidest an,ankreiden
kreide an,ankreiden
kreidete an,ankreiden
kreidet an,ankreiden
kreidet an,ankreiden
albere,albern
alberte,albern
gealbert,albern
alberst,albern
albere,albern
alberte,albern
albert,albern
albert,albern
beeumele,beeumeln
beeumelte,beeumeln
beeumelt,beeumeln
beeumelst,beeumeln
beeumel,beeumeln
beeumelte,beeumeln
beeumelt,beeumeln
beeumelt,beeumeln
destilliere,destillieren
destillierte,destillieren
destilliert,destillieren
destillierst,destillieren
destilliere,destillieren
destillierte,destillieren
destilliert,destillieren
destilliert,destillieren
spicke ab,abspicken
spickte ab,abspicken
abgespickt,abspicken
spickst ab,abspicken
spick ab,abspicken
spickte ab,abspicken
spickt ab,abspicken
spickt ab,abspicken
kondiziere,kondizieren
kondizierte,kondizieren
kondiziert,kondizieren
kondizierst,kondizieren
kondiziere,kondizieren
kondizierte,kondizieren
kondiziert,kondizieren
kondiziert,kondizieren
balsamiere,balsamieren
balsamierte,balsamieren
balsamiert,balsamieren
balsamierst,balsamieren
balsamiere,balsamieren
balsamierte,balsamieren
balsamiert,balsamieren
balsamiert,balsamieren
überführe,überführen
überführte,überführen
überführt,überführen
überführst,überführen
überführ,überführen
überführte,überführen
überführt,überführen
überführt,überführen
setze voraus,voraussetzen
setzte voraus,voraussetzen
vorausgesetzt,voraussetzen
setzt voraus,voraussetzen
setz voraus,voraussetzen
setzte voraus,voraussetzen
setzt voraus,voraussetzen
setzt voraus,voraussetzen
strichliere,strichlieren
strichlierte,strichlieren
strichliert,strichlieren
strichlierst,strichlieren
strichlier,strichlieren
strichlierte,strichlieren
strichliert,strichlieren
strichliert,strichlieren
kellnere,kellnern
kellnerte,kellnern
gekellnert,kellnern
kellnerst,kellnern
kellner,kellnern
kellnerte,kellnern
kellnert,kellnern
kellnert,kellnern
stelle hintan,hintanstellen
stellte hintan,hintanstellen
hintangestellt,hintanstellen
stellst hintan,hintanstellen
stell hintan,hintanstellen
stellte hintan,hintanstellen
stellt hintan,hintanstellen
stellt hintan,hintanstellen
signiere,signieren
signierte,signieren
signiert,signieren
signierst,signieren
signiere,signieren
signierte,signieren
signiert,signieren
signiert,signieren
begleite,begleiten
begleitete,begleiten
begleitet,begleiten
begleitest,begleiten
begleite,begleiten
begleitete,begleiten
begleitet,begleiten
begleitet,begleiten
flektiere,flektieren
flektierte,flektieren
flektiert,flektieren
flektierst,flektieren
flektiere,flektieren
flektierte,flektieren
flektiert,flektieren
flektiert,flektieren
ängstige ab,abängstigen
ängstigte ab,abängstigen
abgeängstigt,abängstigen
ängstigst ab,abängstigen
ängstige ab,abängstigen
ängstigte ab,abängstigen
ängstigt ab,abängstigen
ängstigt ab,abängstigen
schwäche ab,abschwächen
schwächte ab,abschwächen
abgeschwächt,abschwächen
schwächst ab,abschwächen
schwäch ab,abschwächen
schwächte ab,abschwächen
schwächt ab,abschwächen
schwächt ab,abschwächen
krächze,krächzen
krächzte,krächzen
gekrächzt,krächzen
krächzt,krächzen
krächze,krächzen
krächzte,krächzen
krächzt,krächzen
krächzt,krächzen
küsse,küssen
küsste,küssen
geküsst,küssen
küsst,küssen
küss,küssen
küsste,küssen
küsst,küssen
küsst,küssen
stülpe um,umstülpen
stülpte um,umstülpen
umgestülpt,umstülpen
stülpst um,umstülpen
stülp um,umstülpen
stülpte um,umstülpen
stülpt um,umstülpen
stülpt um,umstülpen
huldige,huldigen
huldigte,huldigen
gehuldigt,huldigen
huldigst,huldigen
huldige,huldigen
huldigte,huldigen
huldigt,huldigen
huldigt,huldigen
multipliziere,multiplizieren
multiplizierte,multiplizieren
multipliziert,multiplizieren
multiplizierst,multiplizieren
multipliziere,multiplizieren
multiplizierte,multiplizieren
multipliziert,multiplizieren
multipliziert,multiplizieren
spechtle,spechteln
spechtelte,spechteln
gespechtelt,spechteln
spechtelst,spechteln
spechtle,spechteln
spechtelte,spechteln
spechtelt,spechteln
spechtelt,spechteln
nähre,nähren
nährte,nähren
genährt,nähren
nährst,nähren
nähr,nähren
nährte,nähren
nährt,nähren
nährt,nähren
bespitzele,bespitzeln
bespitzelte,bespitzeln
bespitzelt,bespitzeln
bespitzelst,bespitzeln
bespitzel,bespitzeln
bespitzelte,bespitzeln
bespitzelt,bespitzeln
bespitzelt,bespitzeln
frische,frischen
frischte,frischen
gefrischt,frischen
frischst,frischen
frische,frischen
frischte,frischen
frischt,frischen
frischt,frischen
entwinde,entwinden
entwand,entwinden
entwunden,entwinden
entwindest,entwinden
entwinde,entwinden
entwände,entwinden
entwindet,entwinden
entwindet,entwinden
bekneife,bekneifen
bekniff,bekneifen
bekniffen,bekneifen
bekneifst,bekneifen
bekneif,bekneifen
bekniffe,bekneifen
bekneift,bekneifen
bekneift,bekneifen
entasche,entaschen
entaschte,entaschen
entascht,entaschen
entaschst,entaschen
entasch,entaschen
entaschte,entaschen
entascht,entaschen
entascht,entaschen
mülle zu,zumüllen
müllte zu,zumüllen
zugemüllt,zumüllen
müllst zu,zumüllen
müll zu,zumüllen
müllte zu,zumüllen
müllt zu,zumüllen
müllt zu,zumüllen
plöddere,plöddern
plödderte,plöddern
geplöddert,plöddern
plödderst,plöddern
plödder,plöddern
plödderte,plöddern
plöddert,plöddern
plöddert,plöddern
knicke ab,abknicken
knickte ab,abknicken
abgeknickt,abknicken
knickst ab,abknicken
knick ab,abknicken
knickte ab,abknicken
knickt ab,abknicken
knickt ab,abknicken
bemäntele,bemänteln
bemäntelte,bemänteln
bemäntelt,bemänteln
bemäntelst,bemänteln
bemäntel,bemänteln
bemäntelte,bemänteln
bemäntelt,bemänteln
bemäntelt,bemänteln
beäugele,beäugeln
beäugelte,beäugeln
beäugelt,beäugeln
beäugelst,beäugeln
beäugel,beäugeln
beäugelte,beäugeln
beäugelt,beäugeln
beäugelt,beäugeln
dilettiere,dilettieren
dilettierte,dilettieren
dilettiert,dilettieren
dilettierst,dilettieren
dilettiere,dilettieren
dilettierte,dilettieren
dilettiert,dilettieren
dilettiert,dilettieren
helfe nach,nachhelfen
half nach,nachhelfen
nachgeholfen,nachhelfen
hilfst nach,nachhelfen
hilf nach,nachhelfen
hülfe nach,nachhelfen
hilft nach,nachhelfen
helft nach,nachhelfen
untersage,untersagen
untersagte,untersagen
untersagt,untersagen
untersagst,untersagen
untersag,untersagen
untersagte,untersagen
untersagt,untersagen
untersagt,untersagen
stalke,stalken
stalkte,stalken
gestalkt,stalken
stalkst,stalken
stalke,stalken
stalkte,stalken
stalkt,stalken
stalkt,stalken
divergiere,divergieren
divergierte,divergieren
divergiert,divergieren
divergierst,divergieren
divergiere,divergieren
divergierte,divergieren
divergiert,divergieren
divergiert,divergieren
überzeuge,überzeugen
überzeugte,überzeugen
überzeugt,überzeugen
überzeugst,überzeugen
überzeuge,überzeugen
überzeugte,überzeugen
überzeugt,überzeugen
überzeugt,überzeugen
tschechere,tschechern
tschecherte,tschechern
getschechert,tschechern
tschecherst,tschechern
tschechere,tschechern
tschecherte,tschechern
tschechert,tschechern
tschechert,tschechern
entleere,entleeren
entleerte,entleeren
entleert,entleeren
entleerst,entleeren
entleere,entleeren
entleerte,entleeren
entleert,entleeren
entleert,entleeren
zerscherbe,zerscherben
zerscherbte,zerscherben
zerscherbt,zerscherben
zerscherbst,zerscherben
zerscherb,zerscherben
zerscherbte,zerscherben
zerscherbt,zerscherben
zerscherbt,zerscherben
submittiere,submittieren
submittierte,submittieren
submittiert,submittieren
submittierst,submittieren
submittier,submittieren
submittierte,submittieren
submittiert,submittieren
submittiert,submittieren
komme zupasse,zupassekommen
kam zupasse,zupassekommen
zupassegekommen,zupassekommen
kommst zupasse,zupassekommen
komm zupasse,zupassekommen
käme zupasse,zupassekommen
kommt zupasse,zupassekommen
kommt zupasse,zupassekommen
soll,sollen
sollte,sollen
gesollt,sollen
sollst,sollen
sollte,sollen
soll,sollen
siege,siegen
siegte,siegen
gesiegt,siegen
siegst,siegen
siege,siegen
siegte,siegen
siegt,siegen
siegt,siegen
stamme,stammen
stammte,stammen
gestammt,stammen
stammst,stammen
stamme,stammen
stammte,stammen
stammt,stammen
stammt,stammen
orgele,orgeln
orgelte,orgeln
georgelt,orgeln
orgelst,orgeln
orgele,orgeln
orgelte,orgeln
orgelt,orgeln
orgelt,orgeln
schwelge,schwelgen
schwelgte,schwelgen
geschwelgt,schwelgen
schwelgst,schwelgen
schwelg,schwelgen
schwelgte,schwelgen
schwelgt,schwelgen
schwelgt,schwelgen
pflücke ab,abpflücken
pflückte ab,abpflücken
abgepflückt,abpflücken
pflückst ab,abpflücken
pflücke ab,abpflücken
pflückte ab,abpflücken
pflückt ab,abpflücken
pflückt ab,abpflücken
beklage,beklagen
beklagte,beklagen
beklagt,beklagen
beklagst,beklagen
beklag,beklagen
beklagte,beklagen
beklagt,beklagen
beklagt,beklagen
stecke ein,einstecken
steckte ein,einstecken
eingesteckt,einstecken
steckst ein,einstecken
steck ein,einstecken
steckte ein,einstecken
steckt ein,einstecken
steckt ein,einstecken
funktioniere,funktionieren
funktionierte,funktionieren
funktioniert,funktionieren
funktionierst,funktionieren
funktioniere,funktionieren
funktionierte,funktionieren
funktioniert,funktionieren
funktioniert,funktionieren
versammle,versammeln
versammelte,versammeln
versammelt,versammeln
versammelst,versammeln
versammle,versammeln
versammelte,versammeln
versammelt,versammeln
versammelt,versammeln
ergetze,ergetzen
ergetzte,ergetzen
ergetzt,ergetzen
ergetzt,ergetzen
ergetz,ergetzen
ergetzte,ergetzen
ergetzt,ergetzen
ergetzt,ergetzen
xerografiere,xerografieren
xerografierte,xerografieren
xerografiert,xerografieren
xerografierst,xerografieren
xerografier,xerografieren
xerografierte,xerografieren
xerografiert,xerografieren
xerografiert,xerografieren
überanstrenge,überanstrengen
überanstrengte,überanstrengen
überanstrengt,überanstrengen
überanstrengst,überanstrengen
überanstreng,überanstrengen
überanstrengte,überanstrengen
überanstrengt,überanstrengen
überanstrengt,überanstrengen
druckse herum,herumdrucksen
druckste herum,herumdrucksen
herumgedruckst,herumdrucksen
druckst herum,herumdrucksen
drucks herum,herumdrucksen
druckste herum,herumdrucksen
druckst herum,herumdrucksen
druckst herum,herumdrucksen
paralysiere,paralysieren
paralysierte,paralysieren
paralysiert,paralysieren
paralysierst,paralysieren
paralysiere,paralysieren
paralysierte,paralysieren
paralysiert,paralysieren
paralysiert,paralysieren
nehme vor,vornehmen
nahm vor,vornehmen
vorgenommen,vornehmen
nimmst vor,vornehmen
nimm vor,vornehmen
nähme vor,vornehmen
nimmt vor,vornehmen
nehmt vor,vornehmen
enthülle,enthüllen
enthüllte,enthüllen
enthüllt,enthüllen
enthüllst,enthüllen
enthülle,enthüllen
enthüllte,enthüllen
enthüllt,enthüllen
enthüllt,enthüllen
dienere,dienern
dienerte,dienern
gedienert,dienern
dienerst,dienern
diener,dienern
dienerte,dienern
dienert,dienern
dienert,dienern
schmeichle,schmeicheln
schmeichelte,schmeicheln
geschmeichelt,schmeicheln
schmeichelst,schmeicheln
schmeichle,schmeicheln
schmeichelte,schmeicheln
schmeichelt,schmeicheln
schmeichelt,schmeicheln
stelle zu,zustellen
stellte zu,zustellen
zugestellt,zustellen
stellst zu,zustellen
stell zu,zustellen
stellte zu,zustellen
stellt zu,zustellen
stellt zu,zustellen
gelobe,geloben
gelobte,geloben
gelobt,geloben
gelobst,geloben
gelob,geloben
gelobte,geloben
gelobt,geloben
gelobt,geloben
brühe ab,abbrühen
brühte ab,abbrühen
abgebrüht,abbrühen
brühst ab,abbrühen
brüh ab,abbrühen
brühte ab,abbrühen
brüht ab,abbrühen
brüht ab,abbrühen
knalle,knallen
knallte,knallen
geknallt,knallen
knallst,knallen
knall,knallen
knallte,knallen
knallt,knallen
knallt,knallen
flippere,flippern
flipperte,flippern
geflippert,flippern
flipperst,flippern
flippere,flippern
flipperte,flippern
flippert,flippern
flippert,flippern
gieße über,übergießen
goss über,übergießen
übergegossen,übergießen
gießt über,übergießen
gieß über,übergießen
gösse über,übergießen
gießt über,übergießen
gießt über,übergießen
schiele,schielen
schielte,schielen
geschielt,schielen
schielst,schielen
schiele,schielen
schielte,schielen
schielt,schielen
schielt,schielen
verkünde,verkünden
verkündete,verkünden
verkündet,verkünden
verkündest,verkünden
verkünde,verkünden
verkündete,verkünden
verkündet,verkünden
verkündet,verkünden
schmiede,schmieden
schmiedete,schmieden
geschmiedet,schmieden
schmiedest,schmieden
schmiede,schmieden
schmiedete,schmieden
schmiedet,schmieden
schmiedet,schmieden
behauche,behauchen
behauchte,behauchen
behaucht,behauchen
behauchst,behauchen
behauch,behauchen
behauchte,behauchen
behaucht,behauchen
behaucht,behauchen
fahre aufwärts,aufwärtsfahren
fuhr aufwärts,aufwärtsfahren
aufwärtsgefahren,aufwärtsfahren
fährst aufwärts,aufwärtsfahren
fahr aufwärts,aufwärtsfahren
führe aufwärts,aufwärtsfahren
fährt aufwärts,aufwärtsfahren
fahrt aufwärts,aufwärtsfahren
kleide,kleiden
kleidete,kleiden
gekleidet,kleiden
kleidest,kleiden
kleide,kleiden
kleidete,kleiden
kleidet,kleiden
kleidet,kleiden
zivilisiere,zivilisieren
zivilisierte,zivilisieren
zivilisiert,zivilisieren
zivilisierst,zivilisieren
zivilisiere,zivilisieren
zivilisierte,zivilisieren
zivilisiert,zivilisieren
zivilisiert,zivilisieren
murmle,murmeln
murmelte,murmeln
gemurmelt,murmeln
murmelst,murmeln
murmle,murmeln
murmelte,murmeln
murmelt,murmeln
murmelt,murmeln
adstringierte,adstringieren
adstringiert,adstringieren
adstringierte,adstringieren
adstringiert,adstringieren
gebe frei,frei geben
gab frei,frei geben
frei gegeben,frei geben
gibst frei,frei geben
gib frei,frei geben
gäbe frei,frei geben
gibt frei,frei geben
gebt frei,frei geben
fertige an,anfertigen
fertigte an,anfertigen
angefertigt,anfertigen
fertigst an,anfertigen
fertige an,anfertigen
fertigte an,anfertigen
fertigt an,anfertigen
fertigt an,anfertigen
eumele,eumeln
eumelte,eumeln
geeumelt,eumeln
eumelst,eumeln
eumel,eumeln
eumelte,eumeln
eumelt,eumeln
eumelt,eumeln
vakuumiere,vakuumieren
vakuumierte,vakuumieren
vakuumiert,vakuumieren
vakuumierst,vakuumieren
vakuumier,vakuumieren
vakuumierte,vakuumieren
vakuumiert,vakuumieren
vakuumiert,vakuumieren
evakuiere,evakuieren
evakuierte,evakuieren
evakuiert,evakuieren
evakuierst,evakuieren
evakuiere,evakuieren
evakuierte,evakuieren
evakuiert,evakuieren
evakuiert,evakuieren
nominalisiere,nominalisieren
nominalisierte,nominalisieren
nominalisiert,nominalisieren
nominalisierst,nominalisieren
nominalisiere,nominalisieren
nominalisierte,nominalisieren
nominalisiert,nominalisieren
nominalisiert,nominalisieren
überflügele,überflügeln
überflügelte,überflügeln
überflügelt,überflügeln
überflügelst,überflügeln
überflügel,überflügeln
überflügelte,überflügeln
überflügelt,überflügeln
überflügelt,überflügeln
saldiere,saldieren
saldierte,saldieren
saldiert,saldieren
saldierst,saldieren
saldier,saldieren
saldierte,saldieren
saldiert,saldieren
saldiert,saldieren
respektiere,respektieren
respektierte,respektieren
respektiert,respektieren
respektierst,respektieren
respektiere,respektieren
respektierte,respektieren
respektiert,respektieren
respektiert,respektieren
amüsiere,amüsieren
amüsierte,amüsieren
amüsiert,amüsieren
amüsierst,amüsieren
amüsiere,amüsieren
amüsierte,amüsieren
amüsiert,amüsieren
amüsiert,amüsieren
schmoke,schmoken
schmokte,schmoken
geschmokt,schmoken
schmokst,schmoken
schmoke,schmoken
schmokte,schmoken
schmokt,schmoken
schmokt,schmoken
zersteche,zerstechen
zerstach,zerstechen
zerstochen,zerstechen
zerstichst,zerstechen
zerstich,zerstechen
zerstäche,zerstechen
zersticht,zerstechen
zerstecht,zerstechen
überreiße,überreißen
überriss,überreißen
überrissen,überreißen
überreißt,überreißen
überreiße,überreißen
überrisse,überreißen
überreißt,überreißen
überreißt,überreißen
befange,befangen
befinge,befangen
befangen,befangen
befängst,befangen
befang,befangen
befinge,befangen
befängt,befangen
befangt,befangen
häre ab,abhären
härte ab,abhären
abgehärt,abhären
härst ab,abhären
häre ab,abhären
härte ab,abhären
härt ab,abhären
härt ab,abhären
sprudele,sprudeln
sprudelte,sprudeln
gesprudelt,sprudeln
sprudelst,sprudeln
sprudele,sprudeln
sprudelte,sprudeln
sprudelt,sprudeln
sprudelt,sprudeln
silikoniere,silikonieren
silikonierte,silikonieren
silikoniert,silikonieren
silikonierst,silikonieren
silikonier,silikonieren
silikonierte,silikonieren
silikoniert,silikonieren
silikoniert,silikonieren
maximiere,maximieren
maximierte,maximieren
maximiert,maximieren
maximierst,maximieren
maximier,maximieren
maximierte,maximieren
maximiert,maximieren
maximiert,maximieren
reiße auf,aufreißen
riss auf,aufreißen
aufgerissen,aufreißen
reißt auf,aufreißen
reiß auf,aufreißen
risse auf,aufreißen
reißt auf,aufreißen
reißt auf,aufreißen
erzeige,erzeigen
erzeigte,erzeigen
erzeigt,erzeigen
erzeigst,erzeigen
erzeig,erzeigen
erzeigte,erzeigen
erzeigt,erzeigen
erzeigt,erzeigen
verlege,verlegen
verlegte,verlegen
verlegt,verlegen
verlegst,verlegen
verlege,verlegen
verlegte,verlegen
verlegt,verlegen
verlegt,verlegen
nenne,nennen
nannte,nennen
genannt,nennen
nennst,nennen
nenn,nennen
nennte,nennen
nennt,nennen
nennt,nennen
würge,würgen
würgte,würgen
gewürgt,würgen
würgst,würgen
würge,würgen
würgte,würgen
würgt,würgen
würgt,würgen
translatiere,translatieren
translatierte,translatieren
translatiert,translatieren
translatierst,translatieren
translatier,translatieren
translatierte,translatieren
translatiert,translatieren
translatiert,translatieren
miete unter,untermieten
mietete unter,untermieten
untergemietet,untermieten
mietest unter,untermieten
miete unter,untermieten
mietete unter,untermieten
mietet unter,untermieten
mietet unter,untermieten
perle,perlen
perlte,perlen
geperlt,perlen
perlst,perlen
perl,perlen
perlte,perlen
perlt,perlen
perlt,perlen
formalisiere,formalisieren
formalisierte,formalisieren
formalisiert,formalisieren
formalisierst,formalisieren
formalisier,formalisieren
formalisierte,formalisieren
formalisiert,formalisieren
formalisiert,formalisieren
mäandere,mäandern
mäanderte,mäandern
mäandert,mäandern
mäanderst,mäandern
mäandere,mäandern
mäanderte,mäandern
mäandert,mäandern
mäandert,mäandern
fahre fort,fortfahren
fuhr fort,fortfahren
fortgefahren,fortfahren
fährst fort,fortfahren
fahr fort,fortfahren
führe fort,fortfahren
fährt fort,fortfahren
fahrt fort,fortfahren
fighte,fighten
fightete,fighten
gefightet,fighten
fightest,fighten
fighte,fighten
fightete,fighten
fightet,fighten
fightet,fighten
breche ein,einbrechen
brach ein,einbrechen
eingebrochen,einbrechen
brichst ein,einbrechen
brich ein,einbrechen
bräche ein,einbrechen
bricht ein,einbrechen
brecht ein,einbrechen
berücksichtige,berücksichtigen
berücksichtigte,berücksichtigen
berücksichtigt,berücksichtigen
berücksichtigst,berücksichtigen
berücksichtige,berücksichtigen
berücksichtigte,berücksichtigen
berücksichtigt,berücksichtigen
berücksichtigt,berücksichtigen
schwärze,schwärzen
schwärzte,schwärzen
geschwärzt,schwärzen
schwärzt,schwärzen
schwärze,schwärzen
schwärzte,schwärzen
schwärzt,schwärzen
schwärzt,schwärzen
staube ab,abstauben
staubte ab,abstauben
abgestaubt,abstauben
staubst ab,abstauben
staube ab,abstauben
staubte ab,abstauben
staubt ab,abstauben
staubt ab,abstauben
vergreise,vergreisen
vergreiste,vergreisen
vergreist,vergreisen
vergreist,vergreisen
vergreis,vergreisen
vergreiste,vergreisen
vergreist,vergreisen
vergreist,vergreisen
maule,maulen
maulte,maulen
gemault,maulen
maulst,maulen
maule,maulen
maulte,maulen
mault,maulen
mault,maulen
vögele,vögeln
vögelte,vögeln
gevögelt,vögeln
vögelst,vögeln
vögele,vögeln
vögelte,vögeln
vögelt,vögeln
vögelt,vögeln
zahle,zahlen
zahlte,zahlen
gezahlt,zahlen
zahlst,zahlen
zahle,zahlen
zahlte,zahlen
zahlt,zahlen
zahlt,zahlen
adaptiere,adaptieren
adaptierte,adaptieren
adaptiert,adaptieren
adaptierst,adaptieren
adaptier,adaptieren
adaptierte,adaptieren
adaptiert,adaptieren
adaptiert,adaptieren
dergebe,dergeben
<small>(dergab)</small>,dergeben
dergeben,dergeben
dergibst,dergeben
dergibe,dergeben
<small>(dergäbe)</small>,dergeben
dergibt,dergeben
dergibt,dergeben
erblinde,erblinden
erblindete,erblinden
erblindet,erblinden
erblindest,erblinden
erblind,erblinden
erblindete,erblinden
erblindet,erblinden
erblindet,erblinden
friere ein,einfrieren
fror ein,einfrieren
eingefroren,einfrieren
frierst ein,einfrieren
frier ein,einfrieren
fröre ein,einfrieren
friert ein,einfrieren
friert ein,einfrieren
goutiere,goutieren
goutierte,goutieren
goutiert,goutieren
goutierst,goutieren
goutier,goutieren
goutierte,goutieren
goutiert,goutieren
goutiert,goutieren
verschreie,verschreien
verschrie,verschreien
verschrien,verschreien
verschreist,verschreien
verschrei,verschreien
verschrie,verschreien
verschreit,verschreien
verschreit,verschreien
ströme,strömen
strömte,strömen
geströmt,strömen
strömst,strömen
ströme,strömen
strömte,strömen
strömt,strömen
strömt,strömen
streife umher,umherstreifen
streifte umher,umherstreifen
umhergestreift,umherstreifen
streifst umher,umherstreifen
streif umher,umherstreifen
streifte umher,umherstreifen
streift umher,umherstreifen
streift umher,umherstreifen
ätze,ätzen
ätzte,ätzen
geätzt,ätzen
ätzt,ätzen
ätze,ätzen
ätzte,ätzen
ätzt,ätzen
ätzt,ätzen
katalogisiere,katalogisieren
katalogisierte,katalogisieren
katalogisiert,katalogisieren
katalogisierst,katalogisieren
katalogisiere,katalogisieren
katalogisierte,katalogisieren
katalogisiert,katalogisieren
katalogisiert,katalogisieren
kann umhin,umhinkönnen
konnte umhin,umhinkönnen
umhingekonnt,umhinkönnen
kannst umhin,umhinkönnen
könnte umhin,umhinkönnen
kann umhin,umhinkönnen
wirke hin,hinwirken
wirkte hin,hinwirken
hingewirkt,hinwirken
wirkst hin,hinwirken
wirk hin,hinwirken
wirkte hin,hinwirken
wirkt hin,hinwirken
wirkt hin,hinwirken
prognostiziere,prognostizieren
prognostizierte,prognostizieren
prognostiziert,prognostizieren
prognostizierst,prognostizieren
prognostizier,prognostizieren
prognostizierte,prognostizieren
prognostiziert,prognostizieren
prognostiziert,prognostizieren
friemle,friemeln
friemelte,friemeln
gefriemelt,friemeln
friemelst,friemeln
friemel,friemeln
friemelte,friemeln
friemelt,friemeln
friemelt,friemeln
bummle ab,abbummeln
bummelte ab,abbummeln
abgebummelt,abbummeln
bummelst ab,abbummeln
bummele ab,abbummeln
bummelte ab,abbummeln
bummelt ab,abbummeln
bummelt ab,abbummeln
remisiere,remisieren
remisierte,remisieren
remisiert,remisieren
remisierst,remisieren
remisier,remisieren
remisierte,remisieren
remisiert,remisieren
remisiert,remisieren
betanke,betanken
betankte,betanken
betankt,betanken
betankst,betanken
betank,betanken
betankte,betanken
betankt,betanken
betankt,betanken
atrophiere,atrophieren
atrophierte,atrophieren
atrophiert,atrophieren
atrophierst,atrophieren
atrophier,atrophieren
atrophierte,atrophieren
atrophiert,atrophieren
atrophiert,atrophieren
richte an,anrichten
richtete an,anrichten
angerichtet,anrichten
richtest an,anrichten
richte an,anrichten
richtete an,anrichten
richtet an,anrichten
richtet an,anrichten
rechne nach,nachrechnen
rechnete nach,nachrechnen
nachgerechnet,nachrechnen
rechnest nach,nachrechnen
rechne nach,nachrechnen
rechnete nach,nachrechnen
rechnet nach,nachrechnen
rechnet nach,nachrechnen
spiele herunter,herunterspielen
spielte herunter,herunterspielen
heruntergespielt,herunterspielen
spielst herunter,herunterspielen
spiel herunter,herunterspielen
spielte herunter,herunterspielen
spielt herunter,herunterspielen
spielt herunter,herunterspielen
justiere,justieren
justierte,justieren
justiert,justieren
justierst,justieren
justier,justieren
justierte,justieren
justiert,justieren
justiert,justieren
setze fort,fortsetzen
setzte fort,fortsetzen
fortgesetzt,fortsetzen
setzt fort,fortsetzen
setz fort,fortsetzen
setzte fort,fortsetzen
setzt fort,fortsetzen
setzt fort,fortsetzen
knöpfe vor,vorknöpfen
knöpfte vor,vorknöpfen
vorgeknöpft,vorknöpfen
knöpfst vor,vorknöpfen
knöpf vor,vorknöpfen
knöpfte vor,vorknöpfen
knöpft vor,vorknöpfen
knöpft vor,vorknöpfen
bestube,bestuben
bestubte,bestuben
bestubt,bestuben
bestubst,bestuben
bestub,bestuben
bestubte,bestuben
bestubt,bestuben
bestubt,bestuben
durchfahre,durchfahren
durchfuhr,durchfahren
durchfahren,durchfahren
durchfährst,durchfahren
durchfahr,durchfahren
durchführe,durchfahren
durchfährt,durchfahren
durchfahrt,durchfahren
küre,küren
kürte,küren
gekürt,küren
kürst,küren
küre,küren
kürte,küren
kürt,küren
kürt,küren
stufe herunter,herunterstufen
stufte herunter,herunterstufen
heruntergestuft,herunterstufen
stufst herunter,herunterstufen
stuf herunter,herunterstufen
stufte herunter,herunterstufen
stuft herunter,herunterstufen
stuft herunter,herunterstufen
laute,lauten
lautete,lauten
gelautet,lauten
lautest,lauten
laute,lauten
lautete,lauten
lautet,lauten
lautet,lauten
begebe weg,wegbegeben
begab weg,wegbegeben
wegbegeben,wegbegeben
begibst weg,wegbegeben
begib weg,wegbegeben
begäbe weg,wegbegeben
begibt weg,wegbegeben
begebt weg,wegbegeben
kaufe,kaufen
kaufte,kaufen
gekauft,kaufen
kaufst,kaufen
kauf,kaufen
kaufte,kaufen
kauft,kaufen
kauft,kaufen
entkalke,entkalken
entkalkte,entkalken
entkalkt,entkalken
entkalkst,entkalken
entkalk,entkalken
entkalkte,entkalken
entkalkt,entkalken
entkalkt,entkalken
rufe auf,aufrufen
rief auf,aufrufen
aufgerufen,aufrufen
rufst auf,aufrufen
ruf auf,aufrufen
riefe auf,aufrufen
ruft auf,aufrufen
ruft auf,aufrufen
schraffe,schraffen
schraffte,schraffen
geschrafft,schraffen
schraffst,schraffen
schraff,schraffen
schraffte,schraffen
schrafft,schraffen
schrafft,schraffen
geniere,genieren
genierte,genieren
geniert,genieren
genierst,genieren
genier,genieren
genierte,genieren
geniert,genieren
geniert,genieren
ruminiere,ruminieren
ruminierte,ruminieren
ruminiert,ruminieren
ruminierst,ruminieren
ruminier,ruminieren
ruminierte,ruminieren
ruminiert,ruminieren
ruminiert,ruminieren
verringere,verringern
verringerte,verringern
verringert,verringern
verringerst,verringern
verringere,verringern
verringerte,verringern
verringert,verringern
verringert,verringern
werfe ein,einwerfen
warf ein,einwerfen
eingeworfen,einwerfen
wirfst ein,einwerfen
wirf ein,einwerfen
würfe ein,einwerfen
wirft ein,einwerfen
werft ein,einwerfen
stifte,stiften
stiftete,stiften
gestiftet,stiften
stiftest,stiften
stifte,stiften
stiftete,stiften
stiftet,stiften
stiftet,stiften
knuspere,knuspern
knusperte,knuspern
geknuspert,knuspern
knusperst,knuspern
knusper,knuspern
knusperte,knuspern
knuspert,knuspern
knuspert,knuspern
addiere,addieren
addierte,addieren
addiert,addieren
addierst,addieren
addier,addieren
addierte,addieren
addiert,addieren
addiert,addieren
verborge,verborgen
verborgte,verborgen
verborgt,verborgen
verborgst,verborgen
verborg,verborgen
verborgte,verborgen
verborgt,verborgen
verborgt,verborgen
autorisiere,autorisieren
autorisierte,autorisieren
autorisiert,autorisieren
autorisierst,autorisieren
autorisier,autorisieren
autorisierte,autorisieren
autorisiert,autorisieren
autorisiert,autorisieren
stelle bei,beistellen
stellte bei,beistellen
beigestellt,beistellen
stellst bei,beistellen
stelle bei,beistellen
stellte bei,beistellen
stellt bei,beistellen
stellt bei,beistellen
arte,arten
artete,arten
geartet,arten
artest,arten
art,arten
artete,arten
artet,arten
artet,arten
sporne an,anspornen
spornte an,anspornen
angespornt,anspornen
spornst an,anspornen
sporn an,anspornen
spornte an,anspornen
spornt an,anspornen
spornt an,anspornen
hinterziehe,hinterziehen
hinterzog,hinterziehen
hinterzogen,hinterziehen
hinterziehst,hinterziehen
hinterziehe,hinterziehen
hinterzöge,hinterziehen
hinterzieht,hinterziehen
hinterzieht,hinterziehen
kreiße,kreißen
kreißte,kreißen
gekreißt,kreißen
kreißt,kreißen
kreiß,kreißen
kreißte,kreißen
kreißt,kreißen
kreißt,kreißen
kegele,kegeln
kegelte,kegeln
gekegelt,kegeln
kegelst,kegeln
kegele,kegeln
kegelte,kegeln
kegelt,kegeln
kegelt,kegeln
vertüdele,vertüdeln
vertüdelte,vertüdeln
vertüdelt,vertüdeln
vertüdelst,vertüdeln
vertüdel,vertüdeln
vertüdelte,vertüdeln
vertüdelt,vertüdeln
vertüdelt,vertüdeln
twittere,twittern
twitterte,twittern
getwittert,twittern
twitterst,twittern
twitter,twittern
twitterte,twittern
twittert,twittern
twittert,twittern
entzünde,entzünden
entzündete,entzünden
entzündet,entzünden
entzündest,entzünden
entzünd,entzünden
entzündete,entzünden
entzündet,entzünden
entzündet,entzünden
sieze,siezen
siezte,siezen
gesiezt,siezen
siezt,siezen
sieze,siezen
siezte,siezen
siezt,siezen
siezt,siezen
katapultiere,katapultieren
katapultierte,katapultieren
katapultiert,katapultieren
katapultierst,katapultieren
katapultier,katapultieren
katapultierte,katapultieren
katapultiert,katapultieren
katapultiert,katapultieren
uriniere,urinieren
urinierte,urinieren
uriniert,urinieren
urinierst,urinieren
uriniere,urinieren
urinierte,urinieren
uriniert,urinieren
uriniert,urinieren
deichsle,deichseln
deichselte,deichseln
gedeichselt,deichseln
deichselst,deichseln
deichsle,deichseln
deichselte,deichseln
deichselt,deichseln
deichselt,deichseln
mopse,mopsen
mopste,mopsen
gemopst,mopsen
mopst,mopsen
mopse,mopsen
mopste,mopsen
mopst,mopsen
mopst,mopsen
verharre,verharren
verharrte,verharren
verharrt,verharren
verharrst,verharren
verharr,verharren
verharrte,verharren
verharrt,verharren
verharrt,verharren
applaudiere,applaudieren
applaudierte,applaudieren
applaudiert,applaudieren
applaudierst,applaudieren
applaudiere,applaudieren
applaudierte,applaudieren
applaudiert,applaudieren
applaudiert,applaudieren
sehe weg,wegsehen
sah weg,wegsehen
weggesehen,wegsehen
siehst weg,wegsehen
sieh weg,wegsehen
sähe weg,wegsehen
sieht weg,wegsehen
seht weg,wegsehen
randaliere,randalieren
randalierte,randalieren
randaliert,randalieren
randalierst,randalieren
randalier,randalieren
randalierte,randalieren
randaliert,randalieren
randaliert,randalieren
verfliege,verfliegen
verflog,verfliegen
verflogen,verfliegen
verfliegst,verfliegen
verflieg,verfliegen
verflöge,verfliegen
verfliegt,verfliegen
verfliegt,verfliegen
schnipsel,schnipseln
schnipselte,schnipseln
geschnipselt,schnipseln
schnipselst,schnipseln
schnipsel,schnipseln
schnipselte,schnipseln
schnipselt,schnipseln
schnipselt,schnipseln
reüssiere,reüssieren
reüssierte,reüssieren
reüssiert,reüssieren
reüssierst,reüssieren
reüssiere,reüssieren
reüssierte,reüssieren
reüssiert,reüssieren
reüssiert,reüssieren
halte inne,innehalten
hielt inne,innehalten
innegehalten,innehalten
hältst inne,innehalten
halt inne,innehalten
hielte inne,innehalten
hält inne,innehalten
haltet inne,innehalten
nippe,nippen
nippte,nippen
genippt,nippen
nippst,nippen
nipp,nippen
nippte,nippen
nippt,nippen
nippt,nippen
beklettere,beklettern
bekletterte,beklettern
beklettert,beklettern
bekletterst,beklettern
bekletter,beklettern
bekletterte,beklettern
beklettert,beklettern
beklettert,beklettern
lege still,stilllegen
legte still,stilllegen
stillgelegt,stilllegen
legst still,stilllegen
leg still,stilllegen
legte still,stilllegen
legt still,stilllegen
legt still,stilllegen
breche weg,wegbrechen
brach weg,wegbrechen
weggebrochen,wegbrechen
brichst weg,wegbrechen
brich weg,wegbrechen
bräche weg,wegbrechen
bricht weg,wegbrechen
brecht weg,wegbrechen
komme hoch,hochkommen
kam hoch,hochkommen
hochgekommen,hochkommen
kommst hoch,hochkommen
komm hoch,hochkommen
käme hoch,hochkommen
kommt hoch,hochkommen
kommt hoch,hochkommen
überrede,überreden
überredete,überreden
überredet,überreden
überredest,überreden
überrede,überreden
überredete,überreden
überredet,überreden
überredet,überreden
klemme ab,abklemmen
klemmte ab,abklemmen
abgeklemmt,abklemmen
klemmst ab,abklemmen
klemm ab,abklemmen
klemmte ab,abklemmen
klemmt ab,abklemmen
klemmt ab,abklemmen
wirble auf,aufwirbeln
wirbelte auf,aufwirbeln
aufgewirbelt,aufwirbeln
wirbelst auf,aufwirbeln
wirble auf,aufwirbeln
wirbelte auf,aufwirbeln
wirbelt auf,aufwirbeln
wirbelt auf,aufwirbeln
bepflanze,bepflanzen
bepflanzte,bepflanzen
bepflanzt,bepflanzen
bepflanzt,bepflanzen
bepflanz,bepflanzen
bepflanzte,bepflanzen
bepflanzt,bepflanzen
bepflanzt,bepflanzen
klüter,klütern
klüterte,klütern
geklütert,klütern
klüterst,klütern
klüter,klütern
klüterte,klütern
klütert,klütern
klütert,klütern
berichte,berichten
berichtete,berichten
berichtet,berichten
berichtest,berichten
berichte,berichten
berichtete,berichten
berichtet,berichten
berichtet,berichten
entknoche,entknochen
entknochte,entknochen
entknocht,entknochen
entknochst,entknochen
entknoch,entknochen
entknochte,entknochen
entknocht,entknochen
entknocht,entknochen
verzähle,verzählen
verzählte,verzählen
verzählt,verzählen
verzählst,verzählen
verzähl,verzählen
verzählte,verzählen
verzählt,verzählen
verzählt,verzählen
mäandriere,mäandrieren
mäandrierte,mäandrieren
mäandriert,mäandrieren
mäandrierst,mäandrieren
mäandriere,mäandrieren
mäandrierte,mäandrieren
mäandriert,mäandrieren
mäandriert,mäandrieren
erneue,erneuen
erneute,erneuen
erneut,erneuen
erneust,erneuen
erneu,erneuen
erneute,erneuen
erneut,erneuen
erneut,erneuen
zoffe,zoffen
zoffte,zoffen
gezofft,zoffen
zoffst,zoffen
zoff,zoffen
zoffte,zoffen
zofft,zoffen
zofft,zoffen
ziehe ab,abziehen
zog ab,abziehen
abgezogen,abziehen
ziehst ab,abziehen
ziehe ab,abziehen
zöge ab,abziehen
zieht ab,abziehen
zieht ab,abziehen
erfrische,erfrischen
erfrischte,erfrischen
erfrischt,erfrischen
erfrischst,erfrischen
erfrisch,erfrischen
erfrischte,erfrischen
erfrischt,erfrischen
erfrischt,erfrischen
kraxle,kraxeln
kraxelte,kraxeln
gekraxelt,kraxeln
kraxelst,kraxeln
kraxle,kraxeln
kraxelte,kraxeln
kraxelt,kraxeln
kraxelt,kraxeln
schiebe ab,abschieben
schob ab,abschieben
abgeschoben,abschieben
schiebst ab,abschieben
schiebe ab,abschieben
schöbe ab,abschieben
schiebt ab,abschieben
schiebt ab,abschieben
zelte,zelten
zeltete,zelten
gezeltet,zelten
zeltest,zelten
zelte,zelten
zeltete,zelten
zeltet,zelten
zeltet,zelten
pinsle,pinseln
pinselte,pinseln
gepinselt,pinseln
pinselst,pinseln
pinsle,pinseln
pinselte,pinseln
pinselt,pinseln
pinselt,pinseln
schminke ab,abschminken
schminkte ab,abschminken
abgeschminkt,abschminken
schminkst ab,abschminken
schminke ab,abschminken
schminkte ab,abschminken
schminkt ab,abschminken
schminkt ab,abschminken
konnotiere,konnotieren
konnotierte,konnotieren
konnotiert,konnotieren
konnotierst,konnotieren
konnotiere,konnotieren
konnotierte,konnotieren
konnotiert,konnotieren
konnotiert,konnotieren
konsterniere,konsternieren
konsternierte,konsternieren
konsterniert,konsternieren
konsternierst,konsternieren
konsterniere,konsternieren
konsternierte,konsternieren
konsterniert,konsternieren
konsterniert,konsternieren
ersehne,ersehnen
ersehnte,ersehnen
ersehnt,ersehnen
ersehnst,ersehnen
ersehn,ersehnen
ersehnte,ersehnen
ersehnt,ersehnen
ersehnt,ersehnen
mixe,mixen
mixte,mixen
gemixt,mixen
mixt,mixen
mix,mixen
mixte,mixen
mixt,mixen
mixt,mixen
brüskiere,brüskieren
brüskierte,brüskieren
brüskiert,brüskieren
brüskierst,brüskieren
brüskier,brüskieren
brüskierte,brüskieren
brüskiert,brüskieren
brüskiert,brüskieren
enthebe,entheben
enthob,entheben
enthoben,entheben
enthebst,entheben
enthebe,entheben
enthöbe,entheben
enthebt,entheben
enthebt,entheben
breite aus,ausbreiten
breitete aus,ausbreiten
ausgebreitet,ausbreiten
breitest aus,ausbreiten
breite aus,ausbreiten
breitete aus,ausbreiten
breitet aus,ausbreiten
breitet aus,ausbreiten
krisele,kriseln
kriselte,kriseln
gekriselt,kriseln
kriselst,kriseln
kriselte,kriseln
kriselt,kriseln
bombe aus,ausbomben
bombte aus,ausbomben
ausgebombt,ausbomben
bombst aus,ausbomben
bombe aus,ausbomben
bombte aus,ausbomben
bombt aus,ausbomben
bombt aus,ausbomben
beschlafe,beschlafen
beschlief,beschlafen
beschlafen,beschlafen
beschläfst,beschlafen
beschlafe,beschlafen
beschliefe,beschlafen
beschläft,beschlafen
beschlaft,beschlafen
stabilisiere,stabilisieren
stabilisierte,stabilisieren
stabilisiert,stabilisieren
stabilisierst,stabilisieren
stabilisier,stabilisieren
stabilisierte,stabilisieren
stabilisiert,stabilisieren
stabilisiert,stabilisieren
frisiere,frisieren
frisierte,frisieren
frisiert,frisieren
frisierst,frisieren
frisiere,frisieren
frisierte,frisieren
frisiert,frisieren
frisiert,frisieren
durchschneide,durchschneiden
durchschnitt,durchschneiden
durchschnitten,durchschneiden
durchschneidest,durchschneiden
durchschneid,durchschneiden
durchschnitte,durchschneiden
durchschneidet,durchschneiden
durchschneidet,durchschneiden
habitualisiere,habitualisieren
habitualisierte,habitualisieren
habitualisiert,habitualisieren
habitualisierst,habitualisieren
habitualisier,habitualisieren
habitualisierte,habitualisieren
habitualisiert,habitualisieren
habitualisiert,habitualisieren
fokussiere,fokussieren
fokussierte,fokussieren
fokussiert,fokussieren
fokussierst,fokussieren
fokussiere,fokussieren
fokussierte,fokussieren
fokussiert,fokussieren
fokussiert,fokussieren
entzücke,entzücken
entzückte,entzücken
entzückt,entzücken
entzückst,entzücken
entzück,entzücken
entzückte,entzücken
entzückt,entzücken
entzückt,entzücken
verreiße,verreißen
verriss,verreißen
verrissen,verreißen
verreißt,verreißen
verreiß,verreißen
verrisse,verreißen
verreißt,verreißen
verreißt,verreißen
lauere auf,auflauern
lauerte auf,auflauern
aufgelauert,auflauern
lauerst auf,auflauern
lauere auf,auflauern
lauerte auf,auflauern
lauert auf,auflauern
lauert auf,auflauern
schneie,schneien
schneite,schneien
geschneit,schneien
schneist,schneien
schnei,schneien
schneite,schneien
schneit,schneien
schneit,schneien
beurteile,beurteilen
beurteilte,beurteilen
beurteilt,beurteilen
beurteilst,beurteilen
beurteile,beurteilen
beurteilte,beurteilen
beurteilt,beurteilen
beurteilt,beurteilen
verhehle,verhehlen
verhehlte,verhehlen
verhehlt,verhehlen
verhehlst,verhehlen
verhehle,verhehlen
verhehlte,verhehlen
verhehlt,verhehlen
verhehlt,verhehlen
hebele,hebeln
hebelte,hebeln
gehebelt,hebeln
hebelst,hebeln
hebele,hebeln
hebelte,hebeln
hebelt,hebeln
hebelt,hebeln
hebe aus,ausheben
hob aus,ausheben
ausgehoben,ausheben
hebst aus,ausheben
heb aus,ausheben
höbe aus,ausheben
hebt aus,ausheben
hebt aus,ausheben
beziehe,beziehen
bezog,beziehen
bezogen,beziehen
beziehst,beziehen
beziehe,beziehen
bezöge,beziehen
bezieht,beziehen
bezieht,beziehen
stuhle auf,aufstuhlen
stuhlte auf,aufstuhlen
aufgestuhlt,aufstuhlen
stuhlst auf,aufstuhlen
stuhle auf,aufstuhlen
stuhlte auf,aufstuhlen
stuhlt auf,aufstuhlen
stuhlt auf,aufstuhlen
tadele,tadeln
tadelte,tadeln
getadelt,tadeln
tadelst,tadeln
tadele,tadeln
tadelte,tadeln
tadelt,tadeln
tadelt,tadeln
pichele,picheln
pichelte,picheln
gepichelt,picheln
pichelst,picheln
pichel,picheln
pichelte,picheln
pichelt,picheln
pichelt,picheln
gehe bankrott,bankrottgehen
ging bankrott,bankrottgehen
bankrottgegangen,bankrottgehen
gehst bankrott,bankrottgehen
geh bankrott,bankrottgehen
ginge bankrott,bankrottgehen
geht bankrott,bankrottgehen
geht bankrott,bankrottgehen
riestere,riestern
riesterte,riestern
geriestert,riestern
riesterst,riestern
riestre,riestern
riesterte,riestern
riestert,riestern
riestert,riestern
bejahe,bejahen
bejahte,bejahen
bejaht,bejahen
bejahst,bejahen
bejahe,bejahen
bejahte,bejahen
bejaht,bejahen
bejaht,bejahen
vernadere,vernadern
vernaderte,vernadern
vernadert,vernadern
vernaderst,vernadern
vernadere,vernadern
vernaderte,vernadern
vernadert,vernadern
vernadert,vernadern
komme flott,flottkommen
kam flott,flottkommen
flottgekommen,flottkommen
kommst flott,flottkommen
komm flott,flottkommen
käme flott,flottkommen
kommt flott,flottkommen
kommt flott,flottkommen
berechtige,berechtigen
berechtigte,berechtigen
berechtigt,berechtigen
berechtigst,berechtigen
berechtig,berechtigen
berechtigte,berechtigen
berechtigt,berechtigen
berechtigt,berechtigen
plustere,plustern
plusterte,plustern
geplustert,plustern
plusterst,plustern
pluster,plustern
plusterte,plustern
plustert,plustern
plustert,plustern
rastere,rastern
rasterte,rastern
gerastert,rastern
rasterst,rastern
raster,rastern
rasterte,rastern
rastert,rastern
rastert,rastern
verlache,verlachen
verlachte,verlachen
verlacht,verlachen
verlachst,verlachen
verlach,verlachen
verlachte,verlachen
verlacht,verlachen
verlacht,verlachen
drohe an,androhen
drohte an,androhen
angedroht,androhen
drohst an,androhen
droh an,androhen
drohte an,androhen
droht an,androhen
droht an,androhen
derbatze,derbatzen
derbatzte,derbatzen
derbatzt,derbatzen
derbatzt,derbatzen
derbatze,derbatzen
derbatzte,derbatzen
derbatzt,derbatzen
derbatzt,derbatzen
laufe davon,davonlaufen
lief davon,davonlaufen
davongelaufen,davonlaufen
läufst davon,davonlaufen
lauf davon,davonlaufen
liefe davon,davonlaufen
läuft davon,davonlaufen
lauft davon,davonlaufen
fröne,frönen
frönte,frönen
gefrönt,frönen
frönst,frönen
fröne,frönen
frönte,frönen
frönt,frönen
frönt,frönen
abstrahiere,abstrahieren
abstrahierte,abstrahieren
abstrahiert,abstrahieren
abstrahierst,abstrahieren
abstrahiere,abstrahieren
abstrahierte,abstrahieren
abstrahiert,abstrahieren
abstrahiert,abstrahieren
überwinde,überwinden
überwand,überwinden
überwunden,überwinden
überwindest,überwinden
überwinde,überwinden
überwände,überwinden
überwindet,überwinden
überwindet,überwinden
versüße,versüßen
versüßte,versüßen
versüßt,versüßen
versüßt,versüßen
versüß,versüßen
versüßte,versüßen
versüßt,versüßen
versüßt,versüßen
winkle,winkeln
winkelte,winkeln
gewinkelt,winkeln
winkelst,winkeln
winkel,winkeln
winkelte,winkeln
winkelt,winkeln
winkelt,winkeln
beschweige,beschweigen
beschwieg,beschweigen
beschwiegen,beschweigen
beschweigst,beschweigen
beschweige,beschweigen
beschwiege,beschweigen
beschweigt,beschweigen
beschweigt,beschweigen
heiße gut,gutheißen
hieß gut,gutheißen
gutgeheißen,gutheißen
heißt gut,gutheißen
heiß gut,gutheißen
hieße gut,gutheißen
heißt gut,gutheißen
heißt gut,gutheißen
rufe ab,abrufen
rief ab,abrufen
abgerufen,abrufen
rufst ab,abrufen
ruf ab,abrufen
riefe ab,abrufen
ruft ab,abrufen
ruft ab,abrufen
behellige,behelligen
behelligte,behelligen
behelligt,behelligen
behelligst,behelligen
behellige,behelligen
behelligte,behelligen
behelligt,behelligen
behelligt,behelligen
bemaste,bemasten
bemastete,bemasten
bemastet,bemasten
bemastest,bemasten
bemast,bemasten
bemastete,bemasten
bemastet,bemasten
bemastet,bemasten
lüge an,anlügen
log an,anlügen
angelogen,anlügen
lügst an,anlügen
lüg an,anlügen
löge an,anlügen
lügt an,anlügen
lügt an,anlügen
generalüberholt,generalüberholen
generalüberhole,generalüberholen
generalüberholt,generalüberholen
schröpfe,schröpfen
schröpfte,schröpfen
geschröpft,schröpfen
schröpfst,schröpfen
schröpf,schröpfen
schröpfte,schröpfen
schröpft,schröpfen
schröpft,schröpfen
deponiere,deponieren
deponierte,deponieren
deponiert,deponieren
deponierst,deponieren
deponiere,deponieren
deponierte,deponieren
deponiert,deponieren
deponiert,deponieren
interessiere,interessieren
interessierte,interessieren
interessiert,interessieren
interessierst,interessieren
interessiere,interessieren
interessierte,interessieren
interessiert,interessieren
interessiert,interessieren
belaube,belauben
belaubte,belauben
belaubt,belauben
belaubst,belauben
belaub,belauben
belaubte,belauben
belaubt,belauben
belaubt,belauben
wichte,wichten
wichtete,wichten
gewichtet,wichten
wichtest,wichten
wicht,wichten
wichtete,wichten
wichtet,wichten
wichtet,wichten
verurasse,verurassen
verurasste,verurassen
verurasst,verurassen
verurasst,verurassen
verurass,verurassen
verurasste,verurassen
verurasst,verurassen
verurasst,verurassen
treibe an,antreiben
trieb an,antreiben
angetrieben,antreiben
treibst an,antreiben
treib an,antreiben
triebe an,antreiben
treibt an,antreiben
treibt an,antreiben
kemme ausher,ausherkemmen
kemmte ausher,ausherkemmen
aushergekemmen,ausherkemmen
kemmst ausher,ausherkemmen
kemme ausher,ausherkemmen
kemmte ausher,ausherkemmen
kemmt ausher,ausherkemmen
kemmt ausher,ausherkemmen
klebe auf,aufkleben
klebte auf,aufkleben
aufgeklebt,aufkleben
klebst auf,aufkleben
kleb auf,aufkleben
klebte auf,aufkleben
klebt auf,aufkleben
klebt auf,aufkleben
verzäune,verzäunen
verzäunte,verzäunen
verzäunt,verzäunen
verzäunst,verzäunen
verzäun,verzäunen
verzäunte,verzäunen
verzäunt,verzäunen
verzäunt,verzäunen
kränke,kränken
kränkte,kränken
gekränkt,kränken
kränkst,kränken
kränk,kränken
kränkte,kränken
kränkt,kränken
kränkt,kränken
bepisse,bepissen
bepisste,bepissen
bepisst,bepissen
bepisst,bepissen
bepiss,bepissen
bepisste,bepissen
bepisst,bepissen
bepisst,bepissen
vergeige,vergeigen
vergeigte,vergeigen
vergeigt,vergeigen
vergeigst,vergeigen
vergeig,vergeigen
vergeigte,vergeigen
vergeigt,vergeigen
vergeigt,vergeigen
bestiele,bestielen
bestielte,bestielen
bestielt,bestielen
bestielst,bestielen
bestiel,bestielen
bestielte,bestielen
bestielt,bestielen
bestielt,bestielen
schlage nieder,niederschlagen
schlug nieder,niederschlagen
niedergeschlagen,niederschlagen
schlägst nieder,niederschlagen
schlag nieder,niederschlagen
schlüge nieder,niederschlagen
schlägt nieder,niederschlagen
schlagt nieder,niederschlagen
keime,keimen
keimte,keimen
gekeimt,keimen
keimst,keimen
keim,keimen
keimte,keimen
keimt,keimen
keimt,keimen
kose,kosen
koste,kosen
gekost,kosen
kost,kosen
kos,kosen
koste,kosen
kost,kosen
kost,kosen
tippe an,antippen
tippte an,antippen
angetippt,antippen
tippst an,antippen
tipp an,antippen
tippte an,antippen
tippt an,antippen
tippt an,antippen
helfe,helfen
half,helfen
geholfen,helfen
hilfst,helfen
hilf,helfen
hülfe,helfen
hilft,helfen
helft,helfen
videographiere,videographieren
videographierte,videographieren
videographiert,videographieren
videographierst,videographieren
videographier,videographieren
videographierte,videographieren
videographiert,videographieren
videographiert,videographieren
knipse,knipsen
knipste,knipsen
geknipst,knipsen
knipst,knipsen
knips,knipsen
knipste,knipsen
knipst,knipsen
knipst,knipsen
entledige,entledigen
entledigte,entledigen
entledigt,entledigen
entledigst,entledigen
entledig,entledigen
entledigte,entledigen
entledigt,entledigen
entledigt,entledigen
teile auf,aufteilen
teilte auf,aufteilen
aufgeteilt,aufteilen
teilst auf,aufteilen
teil auf,aufteilen
teilte auf,aufteilen
teilt auf,aufteilen
teilt auf,aufteilen
statte aus,ausstatten
stattete aus,ausstatten
ausgestattet,ausstatten
stattest aus,ausstatten
statt aus,ausstatten
stattete aus,ausstatten
stattet aus,ausstatten
stattet aus,ausstatten
verschlucke,verschlucken
verschluckte,verschlucken
verschluckt,verschlucken
verschluckst,verschlucken
verschluck,verschlucken
verschluckte,verschlucken
verschluckt,verschlucken
verschluckt,verschlucken
mensendiecke,mensendiecken
mensendieckte,mensendiecken
gemensendieckt,mensendiecken
mensendieckst,mensendiecken
mensendiecke,mensendiecken
mensendieckte,mensendiecken
mensendieckt,mensendiecken
mensendieckt,mensendiecken
verrate,verraten
verriet,verraten
verraten,verraten
verrätst,verraten
verrate,verraten
verriete,verraten
verrät,verraten
verratet,verraten
verleide,verleiden
verleidete,verleiden
verleidet,verleiden
verleidest,verleiden
verleide,verleiden
verleidete,verleiden
verleidet,verleiden
verleidet,verleiden
parametrisiere,parametrisieren
parametrisierte,parametrisieren
parametrisiert,parametrisieren
parametrisierst,parametrisieren
parametrisiere,parametrisieren
parametrisierte,parametrisieren
parametrisiert,parametrisieren
parametrisiert,parametrisieren
räkele,räkeln
räkelte,räkeln
geräkelt,räkeln
räkelst,räkeln
räkle,räkeln
räkelte,räkeln
räkelt,räkeln
räkelt,räkeln
entthrone,entthronen
entthronte,entthronen
entthront,entthronen
entthronst,entthronen
entthrone,entthronen
entthronte,entthronen
entthront,entthronen
entthront,entthronen
wetze ab,abwetzen
wetzte ab,abwetzen
abgewetzt,abwetzen
wetzt ab,abwetzen
wetz ab,abwetzen
wetzte ab,abwetzen
wetzt ab,abwetzen
wetzt ab,abwetzen
informiere,informieren
informierte,informieren
informiert,informieren
informierst,informieren
informiere,informieren
informierte,informieren
informiert,informieren
informiert,informieren
raune,raunen
raunte,raunen
geraunt,raunen
raunst,raunen
raun,raunen
raunte,raunen
raunt,raunen
raunt,raunen
ziehe vor,vorziehen
zog vor,vorziehen
vorgezogen,vorziehen
ziehst vor,vorziehen
zieh vor,vorziehen
zöge vor,vorziehen
zieht vor,vorziehen
zieht vor,vorziehen
knattere,knattern
knatterte,knattern
geknattert,knattern
knatterst,knattern
knattere,knattern
knatterte,knattern
knattert,knattern
knattert,knattern
grabe aus,ausgraben
grub aus,ausgraben
ausgegraben,ausgraben
gräbst aus,ausgraben
grab aus,ausgraben
grübe aus,ausgraben
gräbt aus,ausgraben
grabt aus,ausgraben
wäge ab,abwägen
wog ab,abwägen
abgewogen,abwägen
wägst ab,abwägen
wäge ab,abwägen
wöge ab,abwägen
wägt ab,abwägen
wägt ab,abwägen
schnäbele,schnäbeln
schnäbelte,schnäbeln
geschnäbelt,schnäbeln
schnäbelst,schnäbeln
schnäbel,schnäbeln
schnäbelte,schnäbeln
schnäbelt,schnäbeln
schnäbelt,schnäbeln
verzupfe,verzupfen
verzupfte,verzupfen
verzupft,verzupfen
verzupfst,verzupfen
verzupf,verzupfen
verzupfte,verzupfen
verzupft,verzupfen
verzupft,verzupfen
belle,bellen
bellte,bellen
gebellt,bellen
bellst,bellen
bell,bellen
bellte,bellen
bellt,bellen
bellt,bellen
niffele,niffeln
niffelte,niffeln
geniffelt,niffeln
niffelst,niffeln
niffele,niffeln
niffelte,niffeln
niffelt,niffeln
niffelt,niffeln
räume weg,wegräumen
räumte weg,wegräumen
weggeräumt,wegräumen
räumst weg,wegräumen
räum weg,wegräumen
räumte weg,wegräumen
räumt weg,wegräumen
räumt weg,wegräumen
besömmere,besömmern
besömmerte,besömmern
besömmert,besömmern
besömmerst,besömmern
besömmer,besömmern
besömmerte,besömmern
besömmert,besömmern
besömmert,besömmern
strieze,striezen
striezte,striezen
gestriezt,striezen
striezt,striezen
striez,striezen
striezte,striezen
striezt,striezen
striezt,striezen
erstarre,erstarren
erstarrte,erstarren
erstarrt,erstarren
erstarrst,erstarren
erstarr,erstarren
erstarrte,erstarren
erstarrt,erstarren
erstarrt,erstarren
dämmere,dämmern
dämmerte,dämmern
gedämmert,dämmern
dämmerst,dämmern
dämmere,dämmern
dämmerte,dämmern
dämmert,dämmern
dämmert,dämmern
logiere,logieren
logierte,logieren
logiert,logieren
logierst,logieren
logiere,logieren
logierte,logieren
logiert,logieren
logiert,logieren
rede schlecht,schlechtreden
redete schlecht,schlechtreden
schlechtgeredet,schlechtreden
redest schlecht,schlechtreden
red schlecht,schlechtreden
redete schlecht,schlechtreden
redet schlecht,schlechtreden
redet schlecht,schlechtreden
beschmuhe,beschmuhen
beschmuhte,beschmuhen
beschmuht,beschmuhen
beschmuhst,beschmuhen
beschmuh,beschmuhen
beschmuhte,beschmuhen
beschmuht,beschmuhen
beschmuht,beschmuhen
skype,skypen
skypte,skypen
geskypt,skypen
skypst,skypen
skyp,skypen
skypte,skypen
skypt,skypen
skypt,skypen
ekel an,anekeln
ekelte an,anekeln
angeekelt,anekeln
ekelst an,anekeln
ekel an,anekeln
ekelte an,anekeln
ekelt an,anekeln
ekelt an,anekeln
belecke,belecken
beleckte,belecken
beleckt,belecken
beleckst,belecken
beleck,belecken
beleckte,belecken
beleckt,belecken
beleckt,belecken
spüre,spüren
spürte,spüren
gespürt,spüren
spürst,spüren
spüre,spüren
spürte,spüren
spürt,spüren
spürt,spüren
schneide zusammen,zusammenschneiden
schnitt zusammen,zusammenschneiden
zusammengeschnitten,zusammenschneiden
schneidest zusammen,zusammenschneiden
schneid zusammen,zusammenschneiden
schnitte zusammen,zusammenschneiden
schneidet zusammen,zusammenschneiden
schneidet zusammen,zusammenschneiden
chambriere,chambrieren
chambrierte,chambrieren
chambriert,chambrieren
chambrierst,chambrieren
chambriere,chambrieren
chambrierte,chambrieren
chambriert,chambrieren
chambriert,chambrieren
fache an,anfachen
fachte an,anfachen
angefacht,anfachen
fachst an,anfachen
fach an,anfachen
fachte an,anfachen
facht an,anfachen
facht an,anfachen
erahne,erahnen
erahnte,erahnen
erahnt,erahnen
erahnst,erahnen
erahn,erahnen
erahnte,erahnen
erahnt,erahnen
erahnt,erahnen
animiere,animieren
animierte,animieren
animiert,animieren
animierst,animieren
animiere,animieren
animierte,animieren
animiert,animieren
animiert,animieren
erkundige,erkundigen
erkundigte,erkundigen
erkundigt,erkundigen
erkundigst,erkundigen
erkundige,erkundigen
erkundigte,erkundigen
erkundigt,erkundigen
erkundigt,erkundigen
strample,strampeln
strampelte,strampeln
gestrampelt,strampeln
strampelst,strampeln
strampel,strampeln
strampelte,strampeln
strampelt,strampeln
strampelt,strampeln
interagiere,interagieren
interagierte,interagieren
interagiert,interagieren
interagierst,interagieren
interagiere,interagieren
interagierte,interagieren
interagiert,interagieren
interagiert,interagieren
getraue,getrauen
getraute,getrauen
getraut,getrauen
getraust,getrauen
getrau,getrauen
getraute,getrauen
getraut,getrauen
getraut,getrauen
nable ab,abnabeln
nabelte ab,abnabeln
abgenabelt,abnabeln
nabelst ab,abnabeln
nable ab,abnabeln
nabelte ab,abnabeln
nabelt ab,abnabeln
nabelt ab,abnabeln
tute,tuten
tutete,tuten
getutet,tuten
tutest,tuten
tut,tuten
tutete,tuten
tutet,tuten
tutet,tuten
gehe hervor,hervorgehen
ging hervor,hervorgehen
hervorgegangen,hervorgehen
gehst hervor,hervorgehen
gehe hervor,hervorgehen
ginge hervor,hervorgehen
geht hervor,hervorgehen
geht hervor,hervorgehen
passiere,passieren
passierte,passieren
passiert,passieren
passierst,passieren
passiere,passieren
passierte,passieren
passiert,passieren
passiert,passieren
bagger an,anbaggern
baggerte an,anbaggern
angebaggert,anbaggern
baggerst an,anbaggern
bagger an,anbaggern
baggerte an,anbaggern
baggert an,anbaggern
baggert an,anbaggern
säuere,säuern
säuerte,säuern
gesäuert,säuern
säuerst,säuern
säuer,säuern
säuerte,säuern
säuert,säuern
säuert,säuern
entweiche,entweichen
entwich,entweichen
entwichen,entweichen
entweichst,entweichen
entweiche,entweichen
entwiche,entweichen
entweicht,entweichen
entweicht,entweichen
befördere herauf,heraufbefördern
beförderte herauf,heraufbefördern
heraufbefördert,heraufbefördern
beförderst herauf,heraufbefördern
befördere herauf,heraufbefördern
beförderte herauf,heraufbefördern
befördert herauf,heraufbefördern
befördert herauf,heraufbefördern
betrage,betragen
betrug,betragen
betragen,betragen
beträgst,betragen
betrage,betragen
betrüge,betragen
beträgt,betragen
betragt,betragen
breche zusammen,zusammenbrechen
brach zusammen,zusammenbrechen
zusammengebrochen,zusammenbrechen
brichst zusammen,zusammenbrechen
brich zusammen,zusammenbrechen
bräche zusammen,zusammenbrechen
bricht zusammen,zusammenbrechen
brecht zusammen,zusammenbrechen
nobilitiere,nobilitieren
nobilitierte,nobilitieren
nobilitiert,nobilitieren
nobilitierst,nobilitieren
nobilitier,nobilitieren
nobilitierte,nobilitieren
nobilitiert,nobilitieren
nobilitiert,nobilitieren
nörgle,nörgeln
nörgelte,nörgeln
genörgelt,nörgeln
nörgelst,nörgeln
nörgle,nörgeln
nörgelte,nörgeln
nörgelt,nörgeln
nörgelt,nörgeln
kultiviere,kultivieren
kultivierte,kultivieren
kultiviert,kultivieren
kultivierst,kultivieren
kultivier,kultivieren
kultivierte,kultivieren
kultiviert,kultivieren
kultiviert,kultivieren
übernehme,übernehmen
übernahm,übernehmen
übernommen,übernehmen
übernimmst,übernehmen
übernimm,übernehmen
übernähme,übernehmen
übernimmt,übernehmen
übernehmt,übernehmen
ruble um,umrubeln
rubelte um,umrubeln
umgerubelt,umrubeln
rubelst um,umrubeln
ruble um,umrubeln
rubelte um,umrubeln
rubelt um,umrubeln
rubelt um,umrubeln
ererbe,ererben
ererbte,ererben
ererbt,ererben
ererbst,ererben
ererb,ererben
ererbte,ererben
ererbt,ererben
ererbt,ererben
erwerbe,erwerben
erwarb,erwerben
erworben,erwerben
erwirbst,erwerben
erwirb,erwerben
erwürbe,erwerben
erwirbt,erwerben
erwerbt,erwerben
vereise,vereisen
vereiste,vereisen
vereist,vereisen
vereist,vereisen
vereis,vereisen
vereiste,vereisen
vereist,vereisen
vereist,vereisen
schliddere,schliddern
schlidderte,schliddern
geschliddert,schliddern
schlidderst,schliddern
schlidder,schliddern
schlidderte,schliddern
schliddert,schliddern
schliddert,schliddern
moppe,moppen
moppte,moppen
gemoppt,moppen
moppst,moppen
mopp,moppen
moppte,moppen
moppt,moppen
moppt,moppen
knuschel,knuscheln
knuschelte,knuscheln
geknuschelt,knuscheln
knuschelst,knuscheln
knuschel,knuscheln
knuschelte,knuscheln
knuschelt,knuscheln
knuschelt,knuscheln
beutle umeinander,umeinanderbeuteln
beutelte umeinander,umeinanderbeuteln
umeinandergebeutelt,umeinanderbeuteln
beutelst umeinander,umeinanderbeuteln
beutle umeinander,umeinanderbeuteln
beutelte umeinander,umeinanderbeuteln
beutelt umeinander,umeinanderbeuteln
beutelt umeinander,umeinanderbeuteln
liefere aus,ausliefern
lieferte aus,ausliefern
ausgeliefert,ausliefern
lieferst aus,ausliefern
liefere aus,ausliefern
lieferte aus,ausliefern
liefert aus,ausliefern
liefert aus,ausliefern
ziehe hin,hinziehen
zog hin,hinziehen
hingezogen,hinziehen
ziehst hin,hinziehen
ziehe hin,hinziehen
zöge hin,hinziehen
zieht hin,hinziehen
zieht hin,hinziehen
verhalle,verhallen
verhallte,verhallen
verhallt,verhallen
verhallst,verhallen
verhalle,verhallen
verhallte,verhallen
verhallt,verhallen
verhallt,verhallen
diversifiziere,diversifizieren
diversifizierte,diversifizieren
diversifiziert,diversifizieren
diversifizierst,diversifizieren
diversifiziere,diversifizieren
diversifizierte,diversifizieren
diversifiziert,diversifizieren
diversifiziert,diversifizieren
gehre,gehren
gehrte,gehren
gegehrt,gehren
gehrst,gehren
gehr,gehren
gehrte,gehren
gehrt,gehren
gehrt,gehren
hunze,hunzen
hunzte,hunzen
gehunzt,hunzen
hunzt,hunzen
hunz,hunzen
hunzte,hunzen
hunzt,hunzen
hunzt,hunzen
flenne,flennen
flennte,flennen
geflennt,flennen
flennst,flennen
flenne,flennen
flennte,flennen
flennt,flennen
flennt,flennen
äste ab,abästen
ästete ab,abästen
abgeästet,abästen
ästest ab,abästen
äst ab,abästen
ästete ab,abästen
ästet ab,abästen
ästet ab,abästen
drehe ab,abdrehen
drehte ab,abdrehen
abgedreht,abdrehen
drehst ab,abdrehen
dreh ab,abdrehen
drehte ab,abdrehen
dreht ab,abdrehen
dreht ab,abdrehen
trampe,trampen
trampte,trampen
getrampt,trampen
trampst,trampen
tramp,trampen
trampte,trampen
trampt,trampen
trampt,trampen
befeuere,befeuern
befeuerte,befeuern
befeuert,befeuern
befeuerst,befeuern
befeuer,befeuern
befeuerte,befeuern
befeuert,befeuern
befeuert,befeuern
verhunze,verhunzen
verhunzte,verhunzen
verhunzt,verhunzen
verhunzt,verhunzen
verhunz,verhunzen
verhunzte,verhunzen
verhunzt,verhunzen
verhunzt,verhunzen
denke mit,mitdenken
dachte mit,mitdenken
mitgedacht,mitdenken
denkst mit,mitdenken
denke mit,mitdenken
dächte mit,mitdenken
denkt mit,mitdenken
denkt mit,mitdenken
fülle aus,ausfüllen
füllte aus,ausfüllen
ausgefüllt,ausfüllen
füllst aus,ausfüllen
fülle aus,ausfüllen
füllte aus,ausfüllen
füllt aus,ausfüllen
füllt aus,ausfüllen
idealisiere,idealisieren
idealisierte,idealisieren
idealisiert,idealisieren
idealisierst,idealisieren
idealisier,idealisieren
idealisierte,idealisieren
idealisiert,idealisieren
idealisiert,idealisieren
beheize,beheizen
beheizte,beheizen
beheizt,beheizen
beheizt,beheizen
beheiz,beheizen
beheizte,beheizen
beheizt,beheizen
beheizt,beheizen
daguerreotypiere,daguerreotypieren
daguerreotypierte,daguerreotypieren
daguerreotypiert,daguerreotypieren
daguerreotypierst,daguerreotypieren
daguerreotypiere,daguerreotypieren
daguerreotypierte,daguerreotypieren
daguerreotypiert,daguerreotypieren
daguerreotypiert,daguerreotypieren
verhütte,verhütten
verhüttete,verhütten
verhüttet,verhütten
verhüttest,verhütten
verhütt,verhütten
verhüttete,verhütten
verhüttet,verhütten
verhüttet,verhütten
umsäume,umsäumen
umsäumte,umsäumen
umsäumt,umsäumen
umsäumst,umsäumen
umsäum,umsäumen
umsäumte,umsäumen
umsäumt,umsäumen
umsäumt,umsäumen
gewärtige,gewärtigen
gewärtigte,gewärtigen
gewärtigt,gewärtigen
gewärtigst,gewärtigen
gewärtig,gewärtigen
gewärtigte,gewärtigen
gewärtigt,gewärtigen
gewärtigt,gewärtigen
faxe,faxen
faxte,faxen
gefaxt,faxen
faxt,faxen
fax,faxen
faxte,faxen
faxt,faxen
faxt,faxen
lade hoch,hochladen
lud hoch,hochladen
hochgeladen,hochladen
lädst hoch,hochladen
lad hoch,hochladen
lüde hoch,hochladen
lädt hoch,hochladen
ladet hoch,hochladen
schunkle,schunkeln
schunkelte,schunkeln
geschunkelt,schunkeln
schunkelst,schunkeln
schunkle,schunkeln
schunkelte,schunkeln
schunkelt,schunkeln
schunkelt,schunkeln
erbeute,erbeuten
erbeutete,erbeuten
erbeutet,erbeuten
erbeutest,erbeuten
erbeut,erbeuten
erbeutete,erbeuten
erbeutet,erbeuten
erbeutet,erbeuten
springe ab,abspringen
sprang ab,abspringen
abgesprungen,abspringen
springst ab,abspringen
spring ab,abspringen
spränge ab,abspringen
springt ab,abspringen
springt ab,abspringen
klebe an,ankleben
klebte an,ankleben
angeklebt,ankleben
klebst an,ankleben
kleb an,ankleben
klebte an,ankleben
klebt an,ankleben
klebt an,ankleben
prickele,prickeln
prickelte,prickeln
geprickelt,prickeln
prickelst,prickeln
prickel,prickeln
prickelte,prickeln
prickelt,prickeln
prickelt,prickeln
rigole,rigolen
rigolte,rigolen
rigolt,rigolen
rigolst,rigolen
rigol,rigolen
rigolte,rigolen
rigolt,rigolen
rigolt,rigolen
pedde,pedden
peddete,pedden
gepeddet,pedden
peddest,pedden
pedde,pedden
peddete,pedden
peddet,pedden
peddet,pedden
bespiele,bespielen
bespielte,bespielen
bespielt,bespielen
bespielst,bespielen
bespiel,bespielen
bespielte,bespielen
bespielt,bespielen
bespielt,bespielen
reise ein,einreisen
reiste ein,einreisen
eingereist,einreisen
reist ein,einreisen
reis ein,einreisen
reiste ein,einreisen
reist ein,einreisen
reist ein,einreisen
bespreche,besprechen
besprach,besprechen
besprochen,besprechen
besprichst,besprechen
besprich,besprechen
bespräche,besprechen
bespricht,besprechen
besprecht,besprechen
erschachere,erschachern
erschacherte,erschachern
erschachert,erschachern
erschacherst,erschachern
erschachere,erschachern
erschacherte,erschachern
erschachert,erschachern
erschachert,erschachern
klicke,klicken
klickte,klicken
geklickt,klicken
klickst,klicken
klick,klicken
klickte,klicken
klickt,klicken
klickt,klicken
lüpfe,lüpfen
lüpfte,lüpfen
gelüpft,lüpfen
lüpfst,lüpfen
lüpf,lüpfen
lüpfte,lüpfen
lüpft,lüpfen
lüpft,lüpfen
plempere,plempern
plemperte,plempern
geplempert,plempern
plemperst,plempern
plempere,plempern
plemperte,plempern
plempert,plempern
plempert,plempern
scheuche,scheuchen
scheuchte,scheuchen
gescheucht,scheuchen
scheuchst,scheuchen
scheuch,scheuchen
scheuchte,scheuchen
scheucht,scheuchen
scheucht,scheuchen
betrampele,betrampeln
betrampelte,betrampeln
betrampelt,betrampeln
betrampelst,betrampeln
betrampel,betrampeln
betrampelte,betrampeln
betrampelt,betrampeln
betrampelt,betrampeln
segne,segnen
segnete,segnen
gesegnet,segnen
segnest,segnen
segne,segnen
segnete,segnen
segnet,segnen
segnet,segnen
schreinere,schreinern
schreinerte,schreinern
geschreinert,schreinern
schreinerst,schreinern
schreinere,schreinern
schreinerte,schreinern
schreinert,schreinern
schreinert,schreinern
entferne,entfernen
entfernte,entfernen
entfernt,entfernen
entfernst,entfernen
entferne,entfernen
entfernte,entfernen
entfernt,entfernen
entfernt,entfernen
falle abhin,abhinfallen
fiel abhin,abhinfallen
abhingefallen,abhinfallen
fällst abhin,abhinfallen
falle abhin,abhinfallen
fiele abhin,abhinfallen
fällt abhin,abhinfallen
fallt abhin,abhinfallen
piekse,pieksen
piekste,pieksen
gepiekst,pieksen
piekst,pieksen
pieks,pieksen
piekste,pieksen
piekst,pieksen
piekst,pieksen
sage nach,nachsagen
sagte nach,nachsagen
nachgesagt,nachsagen
sagst nach,nachsagen
sag nach,nachsagen
sagte nach,nachsagen
sagt nach,nachsagen
sagt nach,nachsagen
gipse,gipsen
gipste,gipsen
gegipst,gipsen
gipst,gipsen
gips,gipsen
gipste,gipsen
gipst,gipsen
gipst,gipsen
schmälere,schmälern
schmälerte,schmälern
geschmälert,schmälern
schmälerst,schmälern
schmälere,schmälern
schmälerte,schmälern
schmälert,schmälern
schmälert,schmälern
geige,geigen
geigte,geigen
gegeigt,geigen
geigst,geigen
geig,geigen
geigte,geigen
geigt,geigen
geigt,geigen
verzehre,verzehren
verzehrte,verzehren
verzehrt,verzehren
verzehrst,verzehren
verzehre,verzehren
verzehrte,verzehren
verzehrt,verzehren
verzehrt,verzehren
komme an,ankommen
kam an,ankommen
angekommen,ankommen
kommst an,ankommen
komm an,ankommen
käme an,ankommen
kommt an,ankommen
kommt an,ankommen
dicke an,andicken
dickte an,andicken
angedickt,andicken
dickst an,andicken
dicke an,andicken
dickte an,andicken
dickt an,andicken
dickt an,andicken
wirke aus,auswirken
wirkte aus,auswirken
ausgewirkt,auswirken
wirkst aus,auswirken
wirk aus,auswirken
wirkte aus,auswirken
wirkt aus,auswirken
wirkt aus,auswirken
diskreditiere,diskreditieren
diskreditierte,diskreditieren
diskreditiert,diskreditieren
diskreditierst,diskreditieren
diskreditiere,diskreditieren
diskreditierte,diskreditieren
diskreditiert,diskreditieren
diskreditiert,diskreditieren
stabte,staben
gestabt,staben
stabte,staben
stabt,staben
beruhige,beruhigen
beruhigte,beruhigen
beruhigt,beruhigen
beruhigst,beruhigen
beruhige,beruhigen
beruhigte,beruhigen
beruhigt,beruhigen
beruhigt,beruhigen
widere an,anwidern
widerte an,anwidern
angewidert,anwidern
widerst an,anwidern
widere an,anwidern
widerte an,anwidern
widert an,anwidern
widert an,anwidern
stimme ab,abstimmen
stimmte ab,abstimmen
abgestimmt,abstimmen
stimmst ab,abstimmen
stimm ab,abstimmen
stimmte ab,abstimmen
stimmt ab,abstimmen
stimmt ab,abstimmen
frottiere,frottieren
frottierte,frottieren
frottiert,frottieren
frottierst,frottieren
frottier,frottieren
frottierte,frottieren
frottiert,frottieren
frottiert,frottieren
dehne aus,ausdehnen
dehnte aus,ausdehnen
ausgedehnt,ausdehnen
dehnst aus,ausdehnen
dehn aus,ausdehnen
dehnte aus,ausdehnen
dehnt aus,ausdehnen
dehnt aus,ausdehnen
flankiere,flankieren
flankierte,flankieren
flankiert,flankieren
flankierst,flankieren
flankiere,flankieren
flankierte,flankieren
flankiert,flankieren
flankiert,flankieren
beziehe ein,einbeziehen
bezog ein,einbeziehen
einbezogen,einbeziehen
beziehst ein,einbeziehen
beziehe ein,einbeziehen
bezöge ein,einbeziehen
bezieht ein,einbeziehen
bezieht ein,einbeziehen
blubbere,blubbern
blubberte,blubbern
geblubbert,blubbern
blubberst,blubbern
blubbere,blubbern
blubberte,blubbern
blubbert,blubbern
blubbert,blubbern
dersäufe,dersäufen
dersäufte,dersäufen
dersäuft,dersäufen
dersäufst,dersäufen
dersäuf!,dersäufen
dersäufte,dersäufen
dersäuft,dersäufen
dersäuft!,dersäufen
beschwägere,beschwägern
beschwägerte,beschwägern
beschwägert,beschwägern
beschwägerst,beschwägern
beschwäger,beschwägern
beschwägerte,beschwägern
beschwägert,beschwägern
beschwägert,beschwägern
komme ab,abkommen
kam ab,abkommen
abgekommen,abkommen
kommst ab,abkommen
komm ab,abkommen
käme ab,abkommen
kommt ab,abkommen
kommt ab,abkommen
achte,achten
achtete,achten
geachtet,achten
achtest,achten
achte,achten
achtete,achten
achtet,achten
achtet,achten
bekleistere,bekleistern
bekleisterte,bekleistern
bekleistert,bekleistern
bekleisterst,bekleistern
bekleister,bekleistern
bekleisterte,bekleistern
bekleistert,bekleistern
bekleistert,bekleistern
expandiere,expandieren
expandierte,expandieren
expandiert,expandieren
expandierst,expandieren
expandier,expandieren
expandierte,expandieren
expandiert,expandieren
expandiert,expandieren
gautsche,gautschen
gautschte,gautschen
gegautscht,gautschen
gautschst,gautschen
gautsch,gautschen
gautschte,gautschen
gautscht,gautschen
gautscht,gautschen
fülle,füllen
füllte,füllen
gefüllt,füllen
füllst,füllen
fülle,füllen
füllte,füllen
füllt,füllen
füllt,füllen
dupliere,duplieren
duplierte,duplieren
dupliert,duplieren
duplierst,duplieren
duplier,duplieren
duplierte,duplieren
dupliert,duplieren
dupliert,duplieren
zerstrahle,zerstrahlen
zerstrahlte,zerstrahlen
zerstrahlt,zerstrahlen
zerstrahlst,zerstrahlen
zerstrahl,zerstrahlen
zerstrahlte,zerstrahlen
zerstrahlt,zerstrahlen
zerstrahlt,zerstrahlen
verkehre,verkehren
verkehrte,verkehren
verkehrt,verkehren
verkehrst,verkehren
verkehre,verkehren
verkehrte,verkehren
verkehrt,verkehren
verkehrt,verkehren
interviewe,interviewen
interviewte,interviewen
interviewt,interviewen
interviewst,interviewen
interview,interviewen
interviewte,interviewen
interviewt,interviewen
interviewt,interviewen
kolportiere,kolportieren
kolportierte,kolportieren
kolportiert,kolportieren
kolportierst,kolportieren
kolportiere,kolportieren
kolportierte,kolportieren
kolportiert,kolportieren
kolportiert,kolportieren
raube,rauben
raubte,rauben
geraubt,rauben
raubst,rauben
raube,rauben
raubte,rauben
raubt,rauben
raubt,rauben
demotiviere,demotivieren
demotivierte,demotivieren
demotiviert,demotivieren
demotivierst,demotivieren
demotiviere,demotivieren
demotivierte,demotivieren
demotiviert,demotivieren
demotiviert,demotivieren
knausere,knausern
knauserte,knausern
geknausert,knausern
knauserst,knausern
knausere,knausern
knauserte,knausern
knausert,knausern
knausert,knausern
schwatze,schwatzen
schwatzte,schwatzen
geschwatzt,schwatzen
schwatzt,schwatzen
schwatz,schwatzen
schwatzte,schwatzen
schwatzt,schwatzen
schwatzt,schwatzen
betexte,betexten
betextete,betexten
betextet,betexten
betextest,betexten
betext,betexten
betextete,betexten
betextet,betexten
betextet,betexten
wittere,wittern
witterte,wittern
gewittert,wittern
witterst,wittern
wittere,wittern
witterte,wittern
wittert,wittern
wittert,wittern
magnetisiere,magnetisieren
magnetisierte,magnetisieren
magnetisiert,magnetisieren
magnetisierst,magnetisieren
magnetisier,magnetisieren
magnetisierte,magnetisieren
magnetisiert,magnetisieren
magnetisiert,magnetisieren
googel,googeln
googelte,googeln
gegoogelt,googeln
googelst,googeln
googele,googeln
googelte,googeln
googelt,googeln
googelt,googeln
treffe,treffen
traf,treffen
getroffen,treffen
triffst,treffen
triff,treffen
träfe,treffen
trifft,treffen
trefft,treffen
bescheine,bescheinen
beschien,bescheinen
beschienen,bescheinen
bescheinst,bescheinen
beschein,bescheinen
beschiene,bescheinen
bescheint,bescheinen
bescheint,bescheinen
röhre,röhren
röhrte,röhren
geröhrt,röhren
röhrst,röhren
röhr,röhren
röhrte,röhren
röhrt,röhren
röhrt,röhren
verblüffe,verblüffen
verblüffte,verblüffen
verblüfft,verblüffen
verblüffst,verblüffen
verblüffe,verblüffen
verblüffte,verblüffen
verblüfft,verblüffen
verblüfft,verblüffen
blinzle an,anblinzeln
blinzelte an,anblinzeln
angeblinzelt,anblinzeln
blinzelst an,anblinzeln
blinzle an,anblinzeln
blinzelte an,anblinzeln
blinzelt an,anblinzeln
blinzelt an,anblinzeln
tummle,tummeln
tummelte,tummeln
getummelt,tummeln
tummelst,tummeln
tummle,tummeln
tummelte,tummeln
tummelt,tummeln
tummelt,tummeln
piepse,piepsen
piepste,piepsen
gepiepst,piepsen
piepst,piepsen
piepse,piepsen
piepste,piepsen
piepst,piepsen
piepst,piepsen
seile,seilen
seilte,seilen
geseilt,seilen
seilst,seilen
seil,seilen
seilte,seilen
seilt,seilen
seilt,seilen
wechsel ab,abwechseln
wechselte ab,abwechseln
abgewechselt,abwechseln
wechselst ab,abwechseln
wechsel ab,abwechseln
wechselte ab,abwechseln
wechselt ab,abwechseln
wechselt ab,abwechseln
restrukturiere,restrukturieren
restrukturierte,restrukturieren
restrukturiert,restrukturieren
restrukturierst,restrukturieren
restrukturiere,restrukturieren
restrukturierte,restrukturieren
restrukturiert,restrukturieren
restrukturiert,restrukturieren
verpetze,verpetzen
verpetzte,verpetzen
verpetzt,verpetzen
verpetzt,verpetzen
verpetze,verpetzen
verpetzte,verpetzen
verpetzt,verpetzen
verpetzt,verpetzen
mache zu,zumachen
machte zu,zumachen
zugemacht,zumachen
machst zu,zumachen
mach zu,zumachen
machte zu,zumachen
macht zu,zumachen
macht zu,zumachen
gleiße,gleißen
gleißte,gleißen
gegleißt,gleißen
gleißt,gleißen
gleiß,gleißen
gleißte,gleißen
gleißt,gleißen
gleißt,gleißen
betrachte,betrachten
betrachtete,betrachten
betrachtet,betrachten
betrachtest,betrachten
betrachte,betrachten
betrachtete,betrachten
betrachtet,betrachten
betrachtet,betrachten
rippe,rippen
rippte,rippen
gerippt,rippen
rippst,rippen
ripp,rippen
rippte,rippen
rippt,rippen
rippt,rippen
altere,altern
alterte,altern
gealtert,altern
alterst,altern
altere,altern
alterte,altern
altert,altern
altert,altern
erze,erzen
erzte,erzen
geerzt,erzen
erzt,erzen
erze,erzen
erzte,erzen
erzt,erzen
erzt,erzen
bearbeite,bearbeiten
bearbeitete,bearbeiten
bearbeitet,bearbeiten
bearbeitest,bearbeiten
bearbeite,bearbeiten
bearbeitete,bearbeiten
bearbeitet,bearbeiten
bearbeitet,bearbeiten
felliere,fellieren
fellierte,fellieren
felliert,fellieren
fellierst,fellieren
felliere,fellieren
fellierte,fellieren
felliert,fellieren
felliert,fellieren
flehe an,anflehen
flehte an,anflehen
angefleht,anflehen
flehst an,anflehen
fleh an,anflehen
flehte an,anflehen
fleht an,anflehen
fleht an,anflehen
führe,führen
führte,führen
geführt,führen
führst,führen
führe,führen
führte,führen
führt,führen
führt,führen
verbinde,verbinden
verband,verbinden
verbunden,verbinden
verbindest,verbinden
verbinde,verbinden
verbände,verbinden
verbindet,verbinden
verbindet,verbinden
rendere,rendern
renderte,rendern
gerendert,rendern
renderst,rendern
render,rendern
renderte,rendern
rendert,rendern
rendert,rendern
wringe aus,auswringen
wrang aus,auswringen
ausgewrungen,auswringen
wringst aus,auswringen
wringe aus,auswringen
wränge aus,auswringen
wringt aus,auswringen
wringt aus,auswringen
flattere,flattern
flatterte,flattern
geflattert,flattern
flatterst,flattern
flattere,flattern
flatterte,flattern
flattert,flattern
flattert,flattern
verjage,verjagen
verjagte,verjagen
verjagt,verjagen
verjagst,verjagen
verjag,verjagen
verjagte,verjagen
verjagt,verjagen
verjagt,verjagen
entrippe,entrippen
entrippte,entrippen
entrippt,entrippen
entrippst,entrippen
entripp,entrippen
entrippte,entrippen
entrippt,entrippen
entrippt,entrippen
klinge wider,widerklingen
klang wider,widerklingen
widergeklungen,widerklingen
klingst wider,widerklingen
kling wider,widerklingen
klänge wider,widerklingen
klingt wider,widerklingen
klingt wider,widerklingen
verknacke,verknacken
verknackte,verknacken
verknackt,verknacken
verknackst,verknacken
verknack,verknacken
verknackte,verknacken
verknackt,verknacken
verknackt,verknacken
inkubiere,inkubieren
inkubierte,inkubieren
inkubiert,inkubieren
inkubierst,inkubieren
inkubier,inkubieren
inkubierte,inkubieren
inkubiert,inkubieren
inkubiert,inkubieren
renne,rennen
rannte,rennen
gerannt,rennen
rennst,rennen
renn,rennen
rennte,rennen
rennt,rennen
rennt,rennen
löse,lösen
löste,lösen
gelöst,lösen
löst,lösen
löse,lösen
löste,lösen
löst,lösen
löst,lösen
funzele,funzeln
funzelte,funzeln
gefunzelt,funzeln
funzelst,funzeln
funzele,funzeln
funzelte,funzeln
funzelt,funzeln
funzelt,funzeln
halte stand,standhalten
hielt stand,standhalten
standgehalten,standhalten
hältst stand,standhalten
halt stand,standhalten
hielte stand,standhalten
hält stand,standhalten
haltet stand,standhalten
spioniere aus,ausspionieren
spionierte aus,ausspionieren
ausspioniert,ausspionieren
spionierst aus,ausspionieren
spionier aus,ausspionieren
spionierte aus,ausspionieren
spioniert aus,ausspionieren
spioniert aus,ausspionieren
schütte aus,ausschütten
schüttete aus,ausschütten
ausgeschüttet,ausschütten
schüttest aus,ausschütten
schütt aus,ausschütten
schüttete aus,ausschütten
schüttet aus,ausschütten
schüttet aus,ausschütten
verdurste,verdursten
verdurstete,verdursten
verdurstet,verdursten
verdurstest,verdursten
verdurst,verdursten
verdurstete,verdursten
verdurstet,verdursten
verdurstet,verdursten
plagiiere,plagiieren
plagiierte,plagiieren
plagiiert,plagiieren
plagiierst,plagiieren
plagiier,plagiieren
plagiierte,plagiieren
plagiiert,plagiieren
plagiiert,plagiieren
stromere,stromern
stromerte,stromern
gestromert,stromern
stromerst,stromern
stromere,stromern
stromerte,stromern
stromert,stromern
stromert,stromern
danke ab,abdanken
dankte ab,abdanken
abgedankt,abdanken
dankst ab,abdanken
danke ab,abdanken
dankte ab,abdanken
dankt ab,abdanken
dankt ab,abdanken
bange,bangen
bangte,bangen
gebangt,bangen
bangst,bangen
bange,bangen
bangte,bangen
bangt,bangen
bangt,bangen
lispel,lispeln
lispelte,lispeln
gelispelt,lispeln
lispelst,lispeln
lispele,lispeln
lispelte,lispeln
lispelt,lispeln
lispelt,lispeln
tauche ein,eintauchen
tauchte ein,eintauchen
eingetaucht,eintauchen
tauchst ein,eintauchen
tauch ein,eintauchen
tauchte ein,eintauchen
taucht ein,eintauchen
taucht ein,eintauchen
beehre,beehren
beehrte,beehren
beehrt,beehren
beehrst,beehren
beehr,beehren
beehrte,beehren
beehrt,beehren
beehrt,beehren
flicke,flicken
flickte,flicken
geflickt,flicken
flickst,flicken
flicke,flicken
flickte,flicken
flickt,flicken
flickt,flicken
blocke,blocken
blockte,blocken
geblockt,blocken
blockst,blocken
block,blocken
blockte,blocken
blockt,blocken
blockt,blocken
säkularisiere,säkularisieren
säkularisierte,säkularisieren
säkularisiert,säkularisieren
säkularisierst,säkularisieren
säkularisier,säkularisieren
säkularisierte,säkularisieren
säkularisiert,säkularisieren
säkularisiert,säkularisieren
ixe aus,ausixen
ixte aus,ausixen
ausgeixt,ausixen
ixt aus,ausixen
ix aus,ausixen
ixte aus,ausixen
ixt aus,ausixen
ixt aus,ausixen
evolviere,evolvieren
evolvierte,evolvieren
evolviert,evolvieren
evolvierst,evolvieren
evolviere,evolvieren
evolvierte,evolvieren
evolviert,evolvieren
evolviert,evolvieren
tablettiere,tablettieren
tablettierte,tablettieren
tablettiert,tablettieren
tablettierst,tablettieren
tablettier,tablettieren
tablettierte,tablettieren
tablettiert,tablettieren
tablettiert,tablettieren
rede aus,ausreden
redete aus,ausreden
ausgeredet,ausreden
redest aus,ausreden
red aus,ausreden
redete aus,ausreden
redet aus,ausreden
redet aus,ausreden
leite weiter,weiterleiten
leitete weiter,weiterleiten
weitergeleitet,weiterleiten
leitest weiter,weiterleiten
leite weiter,weiterleiten
leitete weiter,weiterleiten
leitet weiter,weiterleiten
leitet weiter,weiterleiten
kartographiere,kartographieren
kartographierte,kartographieren
kartographiert,kartographieren
kartographierst,kartographieren
kartographiere,kartographieren
kartographierte,kartographieren
kartographiert,kartographieren
kartographiert,kartographieren
erschufte,erschuften
erschuftete,erschuften
erschuftet,erschuften
erschuftest,erschuften
erschuft,erschuften
erschuftete,erschuften
erschuftet,erschuften
erschuftet,erschuften
lasse ab,ablassen
ließ ab,ablassen
abgelassen,ablassen
lässt ab,ablassen
lass ab,ablassen
ließe ab,ablassen
lässt ab,ablassen
lasst ab,ablassen
fabele,fabeln
fabelte,fabeln
gefabelt,fabeln
fabelst,fabeln
fabel,fabeln
fabelte,fabeln
fabelt,fabeln
fabelt,fabeln
drehe um,umdrehen
drehte um,umdrehen
umgedreht,umdrehen
drehst um,umdrehen
dreh um,umdrehen
drehte um,umdrehen
dreht um,umdrehen
dreht um,umdrehen
necke,necken
neckte,necken
geneckt,necken
neckst,necken
necke,necken
neckte,necken
neckt,necken
neckt,necken
schreibe groß,großschreiben
schrieb groß,großschreiben
großgeschrieben,großschreiben
schreibst groß,großschreiben
schreib groß,großschreiben
schriebe groß,großschreiben
schreibt groß,großschreiben
schreibt groß,großschreiben
verschnaufe,verschnaufen
verschnaufte,verschnaufen
verschnauft,verschnaufen
verschnaufst,verschnaufen
verschnauf,verschnaufen
verschnaufte,verschnaufen
verschnauft,verschnaufen
verschnauft,verschnaufen
verbrühe,verbrühen
verbrühte,verbrühen
verbrüht,verbrühen
verbrühst,verbrühen
verbrüh,verbrühen
verbrühte,verbrühen
verbrüht,verbrühen
verbrüht,verbrühen
baste ab,abbasten
bastete ab,abbasten
abgebastet,abbasten
bastest ab,abbasten
baste ab,abbasten
bastete ab,abbasten
bastet ab,abbasten
bastet ab,abbasten
repräsentiere,repräsentieren
repräsentierte,repräsentieren
repräsentiert,repräsentieren
repräsentierst,repräsentieren
repräsentiere,repräsentieren
repräsentierte,repräsentieren
repräsentiert,repräsentieren
repräsentiert,repräsentieren
polemisiere,polemisieren
polemisierte,polemisieren
polemisiert,polemisieren
polemisierst,polemisieren
polemisier,polemisieren
polemisierte,polemisieren
polemisiert,polemisieren
polemisiert,polemisieren
arretiere,arretieren
arretierte,arretieren
arretiert,arretieren
arretierst,arretieren
arretier,arretieren
arretierte,arretieren
arretiert,arretieren
arretiert,arretieren
laufe,laufen
lief,laufen
gelaufen,laufen
läufst,laufen
lauf,laufen
liefe,laufen
läuft,laufen
lauft,laufen
bekrabbele,bekrabbeln
bekrabbelte,bekrabbeln
bekrabbelt,bekrabbeln
bekrabbelst,bekrabbeln
bekrabbel,bekrabbeln
bekrabbelte,bekrabbeln
bekrabbelt,bekrabbeln
bekrabbelt,bekrabbeln
frette,fretten
frettete,fretten
gefrettet,fretten
frettest,fretten
frette,fretten
frettete,fretten
frettet,fretten
frettet,fretten
erzüchte,erzüchten
erzüchtete,erzüchten
erzüchtet,erzüchten
erzüchtest,erzüchten
erzücht,erzüchten
erzüchtete,erzüchten
erzüchtet,erzüchten
erzüchtet,erzüchten
alliteriere,alliterieren
alliterierte,alliterieren
alliteriert,alliterieren
alliterierst,alliterieren
alliterier,alliterieren
alliterierte,alliterieren
alliteriert,alliterieren
alliteriert,alliterieren
negoziiere,negoziieren
negoziierte,negoziieren
negoziiert,negoziieren
negoziierst,negoziieren
negoziier,negoziieren
negoziierte,negoziieren
negoziiert,negoziieren
negoziiert,negoziieren
striegele,striegeln
striegelte,striegeln
gestriegelt,striegeln
striegelst,striegeln
striegele,striegeln
striegelte,striegeln
striegelt,striegeln
striegelt,striegeln
tusche,tuschen
tuschte,tuschen
getuscht,tuschen
tuschst,tuschen
tusch,tuschen
tuschte,tuschen
tuscht,tuschen
tuscht,tuschen
verdumme,verdummen
verdummte,verdummen
verdummt,verdummen
verdummst,verdummen
verdumm,verdummen
verdummte,verdummen
verdummt,verdummen
verdummt,verdummen
finde,finden
fand,finden
gefunden,finden
findest,finden
finde,finden
fände,finden
findet,finden
findet,finden
degorgiere,degorgieren
degorgierte,degorgieren
degorgiert,degorgieren
degorgierst,degorgieren
degorgiere,degorgieren
degorgierte,degorgieren
degorgiert,degorgieren
degorgiert,degorgieren
penetriere,penetrieren
penetrierte,penetrieren
penetriert,penetrieren
penetrierst,penetrieren
penetriere,penetrieren
penetrierte,penetrieren
penetriert,penetrieren
penetriert,penetrieren
radikalisiere,radikalisieren
radikalisierte,radikalisieren
radikalisiert,radikalisieren
radikalisierst,radikalisieren
radikalisiere,radikalisieren
radikalisierte,radikalisieren
radikalisiert,radikalisieren
radikalisiert,radikalisieren
verstaube,verstauben
verstaubte,verstauben
verstaubt,verstauben
verstaubst,verstauben
verstaube,verstauben
verstaubte,verstauben
verstaubt,verstauben
verstaubt,verstauben
baue ab,abbauen
baute ab,abbauen
abgebaut,abbauen
baust ab,abbauen
baue ab,abbauen
baute ab,abbauen
baut ab,abbauen
bauet ab,abbauen
rapportiere,rapportieren
rapportierte,rapportieren
rapportiert,rapportieren
rapportierst,rapportieren
rapportiere,rapportieren
rapportierte,rapportieren
rapportiert,rapportieren
rapportiert,rapportieren
nahe,nahen
nahte,nahen
genaht,nahen
nahst,nahen
nahe,nahen
nahte,nahen
naht,nahen
naht,nahen
umfliege,umfliegen
umflog,umfliegen
umflogen,umfliegen
umfliegst,umfliegen
umfliege,umfliegen
umflöge,umfliegen
umfliegt,umfliegen
umfliegt,umfliegen
knautsche,knautschen
knautschte,knautschen
geknautscht,knautschen
knautschst,knautschen
knautsche,knautschen
knautschte,knautschen
knautscht,knautschen
knautscht,knautschen
matsche,matschen
matschte,matschen
gematscht,matschen
matschst,matschen
matsch,matschen
matschte,matschen
matscht,matschen
matscht,matschen
bewache,bewachen
bewachte,bewachen
bewacht,bewachen
bewachst,bewachen
bewach,bewachen
bewachte,bewachen
bewacht,bewachen
bewacht,bewachen
öde an,anöden
ödete an,anöden
angeödet,anöden
ödest an,anöden
öde an,anöden
ödete an,anöden
ödet an,anöden
ödet an,anöden
schaue rein,reinschauen
schaute rein,reinschauen
reingeschaut,reinschauen
schaust rein,reinschauen
schau rein,reinschauen
schaute rein,reinschauen
schaut rein,reinschauen
schaut rein,reinschauen
belackmeiere,belackmeiern
belackmeierte,belackmeiern
belackmeiert,belackmeiern
belackmeierst,belackmeiern
belackmeier,belackmeiern
belackmeierte,belackmeiern
belackmeiert,belackmeiern
belackmeiert,belackmeiern
untersuche,untersuchen
untersuchte,untersuchen
untersucht,untersuchen
untersuchst,untersuchen
untersuche,untersuchen
untersuchte,untersuchen
untersucht,untersuchen
untersucht,untersuchen
klöppele,klöppeln
klöppelte,klöppeln
geklöppelt,klöppeln
klöppelst,klöppeln
klöppel,klöppeln
klöppelte,klöppeln
klöppelt,klöppeln
klöppelt,klöppeln
illuminiere,illuminieren
illuminierte,illuminieren
illuminiert,illuminieren
illuminierst,illuminieren
illuminiere,illuminieren
illuminierte,illuminieren
illuminiert,illuminieren
illuminiert,illuminieren
tippele,tippeln
tippelte,tippeln
getippelt,tippeln
tippelst,tippeln
tippel,tippeln
tippelte,tippeln
tippelt,tippeln
tippelt,tippeln
steige empor,emporsteigen
stieg empor,emporsteigen
emporgestiegen,emporsteigen
steigst empor,emporsteigen
steig empor,emporsteigen
stiege empor,emporsteigen
steigt empor,emporsteigen
steigt empor,emporsteigen
verschärfe,verschärfen
verschärfte,verschärfen
verschärft,verschärfen
verschärfst,verschärfen
verschärf,verschärfen
verschärfte,verschärfen
verschärft,verschärfen
verschärft,verschärfen
stürze ein,einstürzen
stürzte ein,einstürzen
eingestürzt,einstürzen
stürzt ein,einstürzen
stürze ein,einstürzen
stürzte ein,einstürzen
stürzt ein,einstürzen
stürzt ein,einstürzen
unterdrücke,unterdrücken
unterdrückte,unterdrücken
unterdrückt,unterdrücken
unterdrückst,unterdrücken
unterdrücke,unterdrücken
unterdrückte,unterdrücken
unterdrückt,unterdrücken
unterdrückt,unterdrücken
gehe hinauf,hinaufgehen
ging hinauf,hinaufgehen
hinaufgegangen,hinaufgehen
gehst hinauf,hinaufgehen
geh hinauf,hinaufgehen
ginge hinauf,hinaufgehen
geht hinauf,hinaufgehen
geht hinauf,hinaufgehen
erschleiche,erschleichen
erschlich,erschleichen
erschlichen,erschleichen
erschleichst,erschleichen
erschleiche,erschleichen
erschliche,erschleichen
erschleicht,erschleichen
erschleicht,erschleichen
klemme,klemmen
klemmte,klemmen
geklemmt,klemmen
klemmst,klemmen
klemm,klemmen
klemmte,klemmen
klemmt,klemmen
klemmt,klemmen
bereite vor,vorbereiten
bereitete vor,vorbereiten
vorbereitet,vorbereiten
bereitest vor,vorbereiten
bereite vor,vorbereiten
bereitete vor,vorbereiten
bereitet vor,vorbereiten
bereitet vor,vorbereiten
schneide,schneiden
schnitt,schneiden
geschnitten,schneiden
schneidest,schneiden
schneide,schneiden
schnitte,schneiden
schneidet,schneiden
schneidet,schneiden
glimme,glimmen
glimmte,glimmen
geglimmt,glimmen
glimmst,glimmen
glimm,glimmen
glimmte,glimmen
glimmt,glimmen
glimmt,glimmen
beerbe,beerben
beerbte,beerben
beerbt,beerben
beerbst,beerben
beerb,beerben
beerbte,beerben
beerbt,beerben
beerbt,beerben
perforiere,perforieren
perforierte,perforieren
perforiert,perforieren
perforierst,perforieren
perforiere,perforieren
perforierte,perforieren
perforiert,perforieren
perforiert,perforieren
weide,weiden
weidete,weiden
geweidet,weiden
weidest,weiden
weide,weiden
weidete,weiden
weidet,weiden
weidet,weiden
frappiere,frappieren
frappierte,frappieren
frappiert,frappieren
frappierst,frappieren
frappiere,frappieren
frappierte,frappieren
frappiert,frappieren
frappiert,frappieren
kontere,kontern
konterte,kontern
gekontert,kontern
konterst,kontern
kontere,kontern
konterte,kontern
kontert,kontern
kontert,kontern
fädle,fädeln
fädelte,fädeln
gefädelt,fädeln
fädelst,fädeln
fädle,fädeln
fädelte,fädeln
fädelt,fädeln
fädelt,fädeln
nehme gefangen,gefangen nehmen
nahm gefangen,gefangen nehmen
gefangen genommen,gefangen nehmen
nimmst gefangen,gefangen nehmen
nimm gefangen,gefangen nehmen
nähme gefangen,gefangen nehmen
nimmt gefangen,gefangen nehmen
nehmt gefangen,gefangen nehmen
entstehe,entstehen
entstand,entstehen
entstanden,entstehen
entstehst,entstehen
entstehe,entstehen
entstände,entstehen
entsteht,entstehen
entsteht,entstehen
krakle,krakeln
krakelte,krakeln
gekrakelt,krakeln
krakelst,krakeln
krakle,krakeln
krakelte,krakeln
krakelt,krakeln
krakelt,krakeln
bestatte,bestatten
bestattete,bestatten
bestattet,bestatten
bestattest,bestatten
bestatt,bestatten
bestattete,bestatten
bestattet,bestatten
bestattet,bestatten
tüftel,tüfteln
tüftelte,tüfteln
getüftelt,tüfteln
tüftelst,tüfteln
tüftel,tüfteln
tüftelte,tüfteln
tüftelt,tüfteln
tüftelt,tüfteln
blamiere,blamieren
blamierte,blamieren
blamiert,blamieren
blamierst,blamieren
blamier,blamieren
blamierte,blamieren
blamiert,blamieren
blamiert,blamieren
bezwecke,bezwecken
bezweckte,bezwecken
bezweckt,bezwecken
bezweckst,bezwecken
bezweck,bezwecken
bezweckte,bezwecken
bezweckt,bezwecken
bezweckt,bezwecken
wende auf,aufwenden
wandte auf,aufwenden
aufgewandt,aufwenden
wendest auf,aufwenden
wende auf,aufwenden
wandte auf,aufwenden
wendet auf,aufwenden
wendet auf,aufwenden
gelüstete,gelüsten
gelüstet,gelüsten
gelüstete,gelüsten
gelüstet,gelüsten
verübe,verüben
verübte,verüben
verübt,verüben
verübst,verüben
verübe,verüben
verübte,verüben
verübt,verüben
verübt,verüben
lenke,lenken
lenkte,lenken
gelenkt,lenken
lenkst,lenken
lenk,lenken
lenkte,lenken
lenkt,lenken
lenkt,lenken
verhafte,verhaften
verhaftete,verhaften
verhaftet,verhaften
verhaftest,verhaften
verhafte,verhaften
verhaftete,verhaften
verhaftet,verhaften
verhaftet,verhaften
schäre,schären
schärte,schären
geschärt,schären
schärst,schären
schäre,schären
schärte,schären
schärt,schären
schärt,schären
halbiere,halbieren
halbierte,halbieren
halbiert,halbieren
halbierst,halbieren
halbier,halbieren
halbierte,halbieren
halbiert,halbieren
halbiert,halbieren
sächsle,sächseln
sächselte,sächseln
gesächselt,sächseln
sächselst,sächseln
sächsle,sächseln
sächselte,sächseln
sächselt,sächseln
sächselt,sächseln
leime,leimen
leimte,leimen
geleimt,leimen
leimst,leimen
leim,leimen
leimte,leimen
leimt,leimen
leimt,leimen
klemme ein,einklemmen
klemmte ein,einklemmen
eingeklemmt,einklemmen
klemmst ein,einklemmen
klemm ein,einklemmen
klemmte ein,einklemmen
klemmt ein,einklemmen
klemmt ein,einklemmen
mythisiere,mythisieren
mythisierte,mythisieren
mythisiert,mythisieren
mythisierst,mythisieren
mythisier,mythisieren
mythisierte,mythisieren
mythisiert,mythisieren
mythisiert,mythisieren
mogle,mogeln
mogelte,mogeln
gemogelt,mogeln
mogelst,mogeln
mogle,mogeln
mogelte,mogeln
mogelt,mogeln
mogelt,mogeln
äthere,äthern
ätherte,äthern
geäthert,äthern
ätherst,äthern
äther,äthern
ätherte,äthern
äthert,äthern
äthert,äthern
selfie,selfien
selfiete,selfien
geselfiet,selfien
selfiest,selfien
selfie,selfien
selfiete,selfien
selfiet,selfien
selfiet,selfien
bedröhne,bedröhnen
bedröhnte,bedröhnen
bedröhnt,bedröhnen
bedröhnst,bedröhnen
bedröhn,bedröhnen
bedröhnte,bedröhnen
bedröhnt,bedröhnen
bedröhnt,bedröhnen
packe ab,abpacken
packte ab,abpacken
abgepackt,abpacken
packst ab,abpacken
pack ab,abpacken
packte ab,abpacken
packt ab,abpacken
packt ab,abpacken
denke hinein,hineindenken
dachte hinein,hineindenken
hineingedacht,hineindenken
denkst hinein,hineindenken
denk hinein,hineindenken
dächte hinein,hineindenken
denkt hinein,hineindenken
denkt hinein,hineindenken
erhoffe,erhoffen
erhoffte,erhoffen
erhofft,erhoffen
erhoffst,erhoffen
erhoff,erhoffen
erhoffte,erhoffen
erhofft,erhoffen
erhofft,erhoffen
predige,predigen
predigte,predigen
gepredigt,predigen
predigst,predigen
predig,predigen
predigte,predigen
predigt,predigen
predigt,predigen
wähne,wähnen
wähnte,wähnen
gewähnt,wähnen
wähnst,wähnen
wähne,wähnen
wähnte,wähnen
wähnt,wähnen
wähnt,wähnen
beklöne,beklönen
beklönte,beklönen
beklönt,beklönen
beklönst,beklönen
beklön,beklönen
beklönte,beklönen
beklönt,beklönen
beklönt,beklönen
collagiere,collagieren
collagierte,collagieren
collagiert,collagieren
collagierst,collagieren
collagier,collagieren
collagierte,collagieren
collagiert,collagieren
collagiert,collagieren
harmoniere,harmonieren
harmonierte,harmonieren
harmoniert,harmonieren
harmonierst,harmonieren
harmonier,harmonieren
harmonierte,harmonieren
harmoniert,harmonieren
harmoniert,harmonieren
zerstöre,zerstören
zerstörte,zerstören
zerstört,zerstören
zerstörst,zerstören
zerstöre,zerstören
zerstörte,zerstören
zerstört,zerstören
zerstört,zerstören
erledige,erledigen
erledigte,erledigen
erledigt,erledigen
erledigst,erledigen
erledig,erledigen
erledigte,erledigen
erledigt,erledigen
erledigt,erledigen
zerstreite,zerstreiten
zerstritt,zerstreiten
zerstritten,zerstreiten
zerstreitest,zerstreiten
zerstreite,zerstreiten
zerstritte,zerstreiten
zerstreitet,zerstreiten
zerstreitet,zerstreiten
surre,surren
surrte,surren
gesurrt,surren
surrst,surren
surr,surren
surrte,surren
surrt,surren
surrt,surren
kurve,kurven
kurvte,kurven
gekurvt,kurven
kurvst,kurven
kurv,kurven
kurvte,kurven
kurvt,kurven
kurvt,kurven
beseitige,beseitigen
beseitigte,beseitigen
beseitigt,beseitigen
beseitigst,beseitigen
beseitige,beseitigen
beseitigte,beseitigen
beseitigt,beseitigen
beseitigt,beseitigen
interzediere,interzedieren
interzedierte,interzedieren
interzediert,interzedieren
interzedierst,interzedieren
interzedier,interzedieren
interzedierte,interzedieren
interzediert,interzedieren
interzediert,interzedieren
lese ab,ablesen
las ab,ablesen
abgelesen,ablesen
liest ab,ablesen
lies ab,ablesen
läse ab,ablesen
liest ab,ablesen
lest ab,ablesen
bestelle um,umbestellen
bestellte um,umbestellen
umbestellt,umbestellen
bestellst um,umbestellen
bestell um,umbestellen
bestellte um,umbestellen
bestellt um,umbestellen
bestellt um,umbestellen
erschrecke,erschrecken
erschreckte,erschrecken
erschreckt,erschrecken
erschreckst,erschrecken
erschrecke,erschrecken
erschreckte,erschrecken
erschreckt,erschrecken
erschreckt,erschrecken
bette,betten
bettete,betten
gebettet,betten
bettest,betten
bette,betten
bettete,betten
bettet,betten
bettet,betten
verwirkliche,verwirklichen
verwirklichte,verwirklichen
verwirklicht,verwirklichen
verwirklichst,verwirklichen
verwirklich,verwirklichen
verwirklichte,verwirklichen
verwirklicht,verwirklichen
verwirklicht,verwirklichen
rutsche abhin,abhinrutschen
rutschte abhin,abhinrutschen
abhingerutscht,abhinrutschen
rutschst abhin,abhinrutschen
rutsche abhin,abhinrutschen
rutschte abhin,abhinrutschen
rutscht abhin,abhinrutschen
rutscht abhin,abhinrutschen
demoralisiere,demoralisieren
demoralisierte,demoralisieren
demoralisiert,demoralisieren
demoralisierst,demoralisieren
demoralisiere,demoralisieren
demoralisierte,demoralisieren
demoralisiert,demoralisieren
demoralisiert,demoralisieren
teufe ab,abteufen
teufte ab,abteufen
abgeteuft,abteufen
teufst ab,abteufen
teuf ab,abteufen
teufte ab,abteufen
teuft ab,abteufen
teuft ab,abteufen
reize,reizen
reizte,reizen
gereizt,reizen
reizt,reizen
reize,reizen
reizte,reizen
reizt,reizen
reizt,reizen
psalmodiere,psalmodieren
psalmodierte,psalmodieren
psalmodiert,psalmodieren
psalmodierst,psalmodieren
psalmodier,psalmodieren
psalmodierte,psalmodieren
psalmodiert,psalmodieren
psalmodiert,psalmodieren
krittle,kritteln
krittelte,kritteln
gekrittelt,kritteln
krittelst,kritteln
krittle,kritteln
krittelte,kritteln
krittelt,kritteln
krittelt,kritteln
pfriemele,pfriemeln
pfriemelte,pfriemeln
gepfriemelt,pfriemeln
pfriemelst,pfriemeln
pfriemele,pfriemeln
pfriemelte,pfriemeln
pfriemelt,pfriemeln
pfriemelt,pfriemeln
sacke ein,einsacken
sackte ein,einsacken
eingesackt,einsacken
sackst ein,einsacken
sack ein,einsacken
sackte ein,einsacken
sackt ein,einsacken
sackt ein,einsacken
bevorzuge,bevorzugen
bevorzugte,bevorzugen
bevorzugt,bevorzugen
bevorzugst,bevorzugen
bevorzuge,bevorzugen
bevorzugte,bevorzugen
bevorzugt,bevorzugen
bevorzugt,bevorzugen
verdenke,verdenken
verdachte,verdenken
verdacht,verdenken
verdenkst,verdenken
verdenk,verdenken
verdächte,verdenken
verdenkt,verdenken
verdenkt,verdenken
subtrahiere,subtrahieren
subtrahierte,subtrahieren
subtrahiert,subtrahieren
subtrahierst,subtrahieren
subtrahiere,subtrahieren
subtrahierte,subtrahieren
subtrahiert,subtrahieren
subtrahiert,subtrahieren
weise zurück,zurückweisen
wies zurück,zurückweisen
zurückgewiesen,zurückweisen
weist zurück,zurückweisen
weise zurück,zurückweisen
wiese zurück,zurückweisen
weist zurück,zurückweisen
weist zurück,zurückweisen
häcksle,häckseln
häckselte,häckseln
gehäckselt,häckseln
häckselst,häckseln
häcksle,häckseln
häckselte,häckseln
häckselt,häckseln
häckselt,häckseln
pisse,pissen
pisste,pissen
gepisst,pissen
pisst,pissen
pisse,pissen
pisste,pissen
pisst,pissen
pisst,pissen
abloziere,ablozieren
ablozierte,ablozieren
abloziert,ablozieren
ablozierst,ablozieren
abloziere,ablozieren
ablozierte,ablozieren
abloziert,ablozieren
abloziert,ablozieren
verwahrlose,verwahrlosen
verwahrloste,verwahrlosen
verwahrlost,verwahrlosen
verwahrlost,verwahrlosen
verwahrlose,verwahrlosen
verwahrloste,verwahrlosen
verwahrlost,verwahrlosen
verwahrlost,verwahrlosen
serviere,servieren
servierte,servieren
serviert,servieren
servierst,servieren
servier,servieren
servierte,servieren
serviert,servieren
serviert,servieren
überschwemme,überschwemmen
überschwemmte,überschwemmen
überschwemmt,überschwemmen
überschwemmst,überschwemmen
überschwemme,überschwemmen
überschwemmte,überschwemmen
überschwemmt,überschwemmen
überschwemmt,überschwemmen
verschieße,verschießen
verschoss,verschießen
verschossen,verschießen
verschießt,verschießen
verschieße,verschießen
verschösse,verschießen
verschießt,verschießen
verschießt,verschießen
grabe ein,eingraben
grub ein,eingraben
eingegraben,eingraben
gräbst ein,eingraben
grab ein,eingraben
grübe ein,eingraben
gräbt ein,eingraben
grabt ein,eingraben
besprühe,besprühen
besprühte,besprühen
besprüht,besprühen
besprühst,besprühen
besprüh,besprühen
besprühte,besprühen
besprüht,besprühen
besprüht,besprühen
opalisiere,opalisieren
opalisierte,opalisieren
opalisiert,opalisieren
opalisierst,opalisieren
opalisiere,opalisieren
opalisierte,opalisieren
opalisiert,opalisieren
opalisiert,opalisieren
mache nach,nachmachen
machte nach,nachmachen
nachgemacht,nachmachen
machst nach,nachmachen
mach nach,nachmachen
machte nach,nachmachen
macht nach,nachmachen
macht nach,nachmachen
übe,üben
übte,üben
geübt,üben
übst,üben
üb,üben
übte,üben
übt,üben
übt,üben
zerge,zergen
zergte,zergen
gezergt,zergen
zergst,zergen
zerg,zergen
zergte,zergen
zergt,zergen
zergt,zergen
rubriziere,rubrizieren
rubrizierte,rubrizieren
rubriziert,rubrizieren
rubrizierst,rubrizieren
rubriziere,rubrizieren
rubrizierte,rubrizieren
rubriziert,rubrizieren
rubriziert,rubrizieren
knuddele,knuddeln
knuddelte,knuddeln
geknuddelt,knuddeln
knuddelst,knuddeln
knuddele,knuddeln
knuddelte,knuddeln
knuddelt,knuddeln
knuddelt,knuddeln
versterbe,versterben
verstarb,versterben
verstorben,versterben
verstirbst,versterben
verstirb,versterben
verstürbe,versterben
verstirbt,versterben
versterbt,versterben
höre ab,abhören
hörte ab,abhören
abgehört,abhören
hörst ab,abhören
hör ab,abhören
hörte ab,abhören
hört ab,abhören
hört ab,abhören
gebe weiter,weitergeben
gab weiter,weitergeben
weitergegeben,weitergeben
gibst weiter,weitergeben
gib weiter,weitergeben
gäbe weiter,weitergeben
gibt weiter,weitergeben
gebt weiter,weitergeben
erlüge,erlügen
erlog,erlügen
erlogen,erlügen
erlügst,erlügen
erlüg,erlügen
erlöge,erlügen
erlügt,erlügen
erlügt,erlügen
bewege fort,fortbewegen
bewegte fort,fortbewegen
fortbewegt,fortbewegen
bewegst fort,fortbewegen
beweg fort,fortbewegen
bewegte fort,fortbewegen
bewegt fort,fortbewegen
bewegt fort,fortbewegen
flashe,flashen
flashte,flashen
geflasht,flashen
flashst,flashen
flash,flashen
flashte,flashen
flasht,flashen
flasht,flashen
baue aus,ausbauen
baute aus,ausbauen
ausgebaut,ausbauen
baust aus,ausbauen
bau aus,ausbauen
baute aus,ausbauen
baut aus,ausbauen
baut aus,ausbauen
sinke,sinken
sank,sinken
gesunken,sinken
sinkst,sinken
sinke,sinken
sänke,sinken
sinkt,sinken
sinkt,sinken
exekutiere,exekutieren
exekutierte,exekutieren
exekutiert,exekutieren
exekutierst,exekutieren
exekutiere,exekutieren
exekutierte,exekutieren
exekutiert,exekutieren
exekutiert,exekutieren
geziemte,geziemen
geziemt,geziemen
geziemte,geziemen
geziemt,geziemen
verkacke,verkacken
verkackte,verkacken
verkackt,verkacken
verkackst,verkacken
verkack,verkacken
verkackte,verkacken
verkackt,verkacken
verkackt,verkacken
weihnachtete,weihnachten
geweihnachtet,weihnachten
weihnachtete,weihnachten
weihnachtet,weihnachten
mandle auf,aufmandeln
mandelte auf,aufmandeln
aufgemandelt,aufmandeln
mandelst auf,aufmandeln
mandele auf,aufmandeln
mandelte auf,aufmandeln
mandelt auf,aufmandeln
mandelt auf,aufmandeln
rauche an,anrauchen
rauchte an,anrauchen
angeraucht,anrauchen
rauchst an,anrauchen
rauch an,anrauchen
rauchte an,anrauchen
raucht an,anrauchen
raucht an,anrauchen
gewahre,gewahren
gewahrte,gewahren
gewahrt,gewahren
gewahrst,gewahren
gewahr,gewahren
gewahrte,gewahren
gewahrt,gewahren
gewahrt,gewahren
ziehe aus,ausziehen
zog aus,ausziehen
ausgezogen,ausziehen
ziehst aus,ausziehen
zieh aus,ausziehen
zöge aus,ausziehen
zieht aus,ausziehen
zieht aus,ausziehen
schmirgle,schmirgeln
schmirgelte,schmirgeln
geschmirgelt,schmirgeln
schmirgelst,schmirgeln
schmirgel,schmirgeln
schmirgelte,schmirgeln
schmirgelt,schmirgeln
schmirgelt,schmirgeln
mache arm,armmachen
machte arm,armmachen
armgemacht,armmachen
machst arm,armmachen
mach arm,armmachen
machte arm,armmachen
macht arm,armmachen
macht arm,armmachen
fringse,fringsen
fringste,fringsen
gefringst,fringsen
fringst,fringsen
fringse,fringsen
fringste,fringsen
fringst,fringsen
fringst,fringsen
lege aneinander,aneinanderlegen
legte aneinander,aneinanderlegen
aneinandergelegt,aneinanderlegen
legst aneinander,aneinanderlegen
leg aneinander,aneinanderlegen
legte aneinander,aneinanderlegen
legt aneinander,aneinanderlegen
legt aneinander,aneinanderlegen
überstehe,überstehen
überstand,überstehen
überstanden,überstehen
überstehst,überstehen
übersteh,überstehen
überstände,überstehen
übersteht,überstehen
übersteht,überstehen
entschärfe,entschärfen
entschärfte,entschärfen
entschärft,entschärfen
entschärfst,entschärfen
entschärf,entschärfen
entschärfte,entschärfen
entschärft,entschärfen
entschärft,entschärfen
liege durch,durchliegen
lag durch,durchliegen
durchgelegen,durchliegen
liegst durch,durchliegen
liege durch,durchliegen
läge durch,durchliegen
liegt durch,durchliegen
liegt durch,durchliegen
melde an,anmelden
meldete an,anmelden
angemeldet,anmelden
meldest an,anmelden
melde an,anmelden
meldete an,anmelden
meldet an,anmelden
meldet an,anmelden
beschäme,beschämen
beschämte,beschämen
beschämt,beschämen
beschämst,beschämen
beschäme,beschämen
beschämte,beschämen
beschämt,beschämen
beschämt,beschämen
bete vor,vorbeten
betete vor,vorbeten
vorgebetet,vorbeten
betest vor,vorbeten
bet vor,vorbeten
betete vor,vorbeten
betet vor,vorbeten
betet vor,vorbeten
stierle,stierln
stierlte,stierln
gestierlt,stierln
stierlst,stierln
stierle,stierln
stierlte,stierln
stierlt,stierln
stierlt,stierln
rexe ein,einrexen
rexte ein,einrexen
eingerext,einrexen
rext ein,einrexen
rex ein,einrexen
rexte ein,einrexen
rext ein,einrexen
rext ein,einrexen
rede zu,zureden
redete zu,zureden
zugeredet,zureden
redest zu,zureden
red zu,zureden
redete zu,zureden
redet zu,zureden
redet zu,zureden
vereinnahme,vereinnahmen
vereinnahmte,vereinnahmen
vereinnahmt,vereinnahmen
vereinnahmst,vereinnahmen
vereinnahm,vereinnahmen
vereinnahmte,vereinnahmen
vereinnahmt,vereinnahmen
vereinnahmt,vereinnahmen
beeile,beeilen
beeilte,beeilen
beeilt,beeilen
beeilst,beeilen
beeile,beeilen
beeilte,beeilen
beeilt,beeilen
beeilt,beeilen
hebe,heben
hob,heben
gehoben,heben
hebst,heben
hebe,heben
höbe,heben
hebt,heben
hebt,heben
rasiere ab,abrasieren
rasierte ab,abrasieren
abrasiert,abrasieren
rasierst ab,abrasieren
rasier ab,abrasieren
rasierte ab,abrasieren
rasiert ab,abrasieren
rasiert ab,abrasieren
dränge zu,zudrängen
drängte zu,zudrängen
zugedrängt,zudrängen
drängst zu,zudrängen
dränge zu,zudrängen
drängte zu,zudrängen
drängt zu,zudrängen
drängt zu,zudrängen
machiniere,machinieren
machinierte,machinieren
machiniert,machinieren
machinierst,machinieren
machinier,machinieren
machinierte,machinieren
machiniert,machinieren
machiniert,machinieren
messe ab,abmessen
maß ab,abmessen
abgemessen,abmessen
misst ab,abmessen
miss ab,abmessen
mäße ab,abmessen
misst ab,abmessen
messt ab,abmessen
schläfere ein,einschläfern
schläferte ein,einschläfern
eingeschläfert,einschläfern
schläferst ein,einschläfern
schläfer ein,einschläfern
schläferte ein,einschläfern
schläfert ein,einschläfern
schläfert ein,einschläfern
erspurte,erspurten
erspurtete,erspurten
erspurtet,erspurten
erspurtest,erspurten
erspurt,erspurten
erspurtete,erspurten
erspurtet,erspurten
erspurtet,erspurten
leide,leiden
litt,leiden
gelitten,leiden
leidest,leiden
leide,leiden
litte,leiden
leidet,leiden
leidet,leiden
habe satt,satthaben
hatte satt,satthaben
sattgehabt,satthaben
hast satt,satthaben
hab satt,satthaben
hätte satt,satthaben
hat satt,satthaben
habt satt,satthaben
legitimiere,legitimieren
legitimierte,legitimieren
legitimiert,legitimieren
legitimierst,legitimieren
legitimiere,legitimieren
legitimierte,legitimieren
legitimiert,legitimieren
legitimiert,legitimieren
spanne,spannen
spannte,spannen
gespannt,spannen
spannst,spannen
spanne,spannen
spannte,spannen
spannt,spannen
spannt,spannen
schickere,schickern
schickerte,schickern
geschickert,schickern
schickerst,schickern
schickere,schickern
schickerte,schickern
schickert,schickern
schickert,schickern
zünde an,anzünden
zündete an,anzünden
angezündet,anzünden
zündest an,anzünden
zünd an,anzünden
zündete an,anzünden
zündet an,anzünden
zündet an,anzünden
vidiere,vidieren
vidierte,vidieren
vidiert,vidieren
vidierst,vidieren
vidiere,vidieren
vidierte,vidieren
vidiert,vidieren
vidiert,vidieren
komme her,herkommen
kam her,herkommen
hergekommen,herkommen
kommst her,herkommen
komm her,herkommen
käme her,herkommen
kommt her,herkommen
kommt her,herkommen
fotze,fotzen
fotzte,fotzen
gefotzt,fotzen
fotzt,fotzen
fotz,fotzen
fotzte,fotzen
fotzt,fotzen
fotzt,fotzen
beuge vornüber,vornüberbeugen
beugte vornüber,vornüberbeugen
vornübergebeugt,vornüberbeugen
beugst vornüber,vornüberbeugen
beug vornüber,vornüberbeugen
beugte vornüber,vornüberbeugen
beugt vornüber,vornüberbeugen
beugt vornüber,vornüberbeugen
setze vor,vorsetzen
setzte vor,vorsetzen
vorgesetzt,vorsetzen
setzt vor,vorsetzen
setze vor,vorsetzen
setzte vor,vorsetzen
setzt vor,vorsetzen
setzt vor,vorsetzen
wusele,wuseln
wuselte,wuseln
gewuselt,wuseln
wuselst,wuseln
wusele,wuseln
wuselte,wuseln
wuselt,wuseln
wuselt,wuseln
schreibe auf,aufschreiben
schrieb auf,aufschreiben
aufgeschrieben,aufschreiben
schreibst auf,aufschreiben
schreib auf,aufschreiben
schriebe auf,aufschreiben
schreibt auf,aufschreiben
schreibt auf,aufschreiben
wappne,wappnen
wappnete,wappnen
gewappnet,wappnen
wappnest,wappnen
wappne,wappnen
wappnete,wappnen
wappnet,wappnen
wappnet,wappnen
bekomplimentiere,bekomplimentieren
bekomplimentierte,bekomplimentieren
bekomplimentiert,bekomplimentieren
bekomplimentierst,bekomplimentieren
bekomplimentier,bekomplimentieren
bekomplimentierte,bekomplimentieren
bekomplimentiert,bekomplimentieren
bekomplimentiert,bekomplimentieren
beglückwünsche,beglückwünschen
beglückwünschte,beglückwünschen
beglückwünscht,beglückwünschen
beglückwünschst,beglückwünschen
beglückwünsche,beglückwünschen
beglückwünschte,beglückwünschen
beglückwünscht,beglückwünschen
beglückwünscht,beglückwünschen
dödel,dödeln
dödelte,dödeln
gedödelt,dödeln
dödelst,dödeln
dödel,dödeln
dödelte,dödeln
dödelt,dödeln
dödelt,dödeln
verwalte,verwalten
verwaltete,verwalten
verwaltet,verwalten
verwaltest,verwalten
verwalte,verwalten
verwaltete,verwalten
verwaltet,verwalten
verwaltet,verwalten
beeindrucke,beeindrucken
beeindruckte,beeindrucken
beeindruckt,beeindrucken
beeindruckst,beeindrucken
beeindrucke,beeindrucken
beeindruckte,beeindrucken
beeindruckt,beeindrucken
beeindruckt,beeindrucken
klatsche ab,abklatschen
klatschte ab,abklatschen
abgeklatscht,abklatschen
klatschst ab,abklatschen
klatsch ab,abklatschen
klatschte ab,abklatschen
klatscht ab,abklatschen
klatscht ab,abklatschen
wiege ab,abwiegen
wog ab,abwiegen
abgewogen,abwiegen
wiegst ab,abwiegen
wieg ab,abwiegen
wöge ab,abwiegen
wiegt ab,abwiegen
wiegt ab,abwiegen
suche aus,aussuchen
suchte aus,aussuchen
ausgesucht,aussuchen
suchst aus,aussuchen
suche aus,aussuchen
suchte aus,aussuchen
sucht aus,aussuchen
sucht aus,aussuchen
zensiere,zensieren
zensierte,zensieren
zensiert,zensieren
zensierst,zensieren
zensier,zensieren
zensierte,zensieren
zensiert,zensieren
zensiert,zensieren
sage an,ansagen
sagte an,ansagen
angesagt,ansagen
sagst an,ansagen
sag an,ansagen
sagte an,ansagen
sagt an,ansagen
sagt an,ansagen
argwöhne,argwöhnen
argwöhnte,argwöhnen
geargwöhnt,argwöhnen
argwöhnst,argwöhnen
argwöhn,argwöhnen
argwöhnte,argwöhnen
argwöhnt,argwöhnen
argwöhnt,argwöhnen
entwurzele,entwurzeln
entwurzelte,entwurzeln
entwurzelt,entwurzeln
entwurzelst,entwurzeln
entwurzel,entwurzeln
entwurzelte,entwurzeln
entwurzelt,entwurzeln
entwurzelt,entwurzeln
knapse,knapsen
knapste,knapsen
geknapst,knapsen
knapst,knapsen
knaps,knapsen
knapste,knapsen
knapst,knapsen
knapst,knapsen
firme,firmen
firmte,firmen
gefirmt,firmen
firmst,firmen
firm,firmen
firmte,firmen
firmt,firmen
firmt,firmen
schmerze,schmerzen
schmerzte,schmerzen
geschmerzt,schmerzen
schmerzt,schmerzen
schmerz,schmerzen
schmerzte,schmerzen
schmerzt,schmerzen
schmerzt,schmerzen
verursache,verursachen
verursachte,verursachen
verursacht,verursachen
verursachst,verursachen
verursach,verursachen
verursachte,verursachen
verursacht,verursachen
verursacht,verursachen
treffe zu,zutreffen
traf zu,zutreffen
zugetroffen,zutreffen
triffst zu,zutreffen
triff zu,zutreffen
träfe zu,zutreffen
trifft zu,zutreffen
trefft zu,zutreffen
lauge aus,auslaugen
laugte aus,auslaugen
ausgelaugt,auslaugen
laugst aus,auslaugen
lauge aus,auslaugen
laugte aus,auslaugen
laugt aus,auslaugen
laugt aus,auslaugen
dudel,dudeln
dudelte,dudeln
gedudelt,dudeln
dudelst,dudeln
dudel,dudeln
dudelte,dudeln
dudelt,dudeln
dudelt,dudeln
verhalte,verhalten
verhielt,verhalten
verhalten,verhalten
verhältst,verhalten
verhalte,verhalten
verhielte,verhalten
verhält,verhalten
verhaltet,verhalten
verabrede,verabreden
verabredete,verabreden
verabredet,verabreden
verabredest,verabreden
verabrede,verabreden
verabredete,verabreden
verabredet,verabreden
verabredet,verabreden
meißle,meißeln
meißelte,meißeln
gemeißelt,meißeln
meißelst,meißeln
meißle,meißeln
meißelte,meißeln
meißelt,meißeln
meißelt,meißeln
adressiere,adressieren
adressierte,adressieren
adressiert,adressieren
adressierst,adressieren
adressiere,adressieren
adressierte,adressieren
adressiert,adressieren
adressiert,adressieren
plänkle,plänkeln
plänkelte,plänkeln
geplänkelt,plänkeln
plänkelst,plänkeln
plänkle,plänkeln
plänkelte,plänkeln
plänkelt,plänkeln
plänkelt,plänkeln
saufe,saufen
soff,saufen
gesoffen,saufen
säufst,saufen
sauf,saufen
söffe,saufen
säuft,saufen
sauft,saufen
duelliere,duellieren
duellierte,duellieren
duelliert,duellieren
duellierst,duellieren
duellier,duellieren
duellierte,duellieren
duelliert,duellieren
duelliert,duellieren
habe gut,guthaben
hatte gut,guthaben
gutgehabt,guthaben
hast gut,guthaben
habe gut,guthaben
hätte gut,guthaben
hat gut,guthaben
habt gut,guthaben
vernasche,vernaschen
vernaschte,vernaschen
vernascht,vernaschen
vernaschst,vernaschen
vernasche,vernaschen
vernaschte,vernaschen
vernascht,vernaschen
vernascht,vernaschen
raffe dahin,dahinraffen
raffte dahin,dahinraffen
dahingerafft,dahinraffen
raffst dahin,dahinraffen
raff dahin,dahinraffen
raffte dahin,dahinraffen
rafft dahin,dahinraffen
rafft dahin,dahinraffen
bitte aus,ausbitten
bat aus,ausbitten
ausgebeten,ausbitten
bittest aus,ausbitten
bitte aus,ausbitten
bäte aus,ausbitten
bittet aus,ausbitten
bittet aus,ausbitten
pendle,pendeln
pendelte,pendeln
gependelt,pendeln
pendelst,pendeln
pendle,pendeln
pendelte,pendeln
pendelt,pendeln
pendelt,pendeln
floppe,floppen
floppte,floppen
gefloppt,floppen
floppst,floppen
flopp,floppen
floppte,floppen
floppt,floppen
floppt,floppen
feuchte an,anfeuchten
feuchtete an,anfeuchten
angefeuchtet,anfeuchten
feuchtest an,anfeuchten
feucht an,anfeuchten
feuchtete an,anfeuchten
feuchtet an,anfeuchten
feuchtet an,anfeuchten
ballere ab,abballern
ballerte ab,abballern
abgeballert,abballern
ballerst ab,abballern
ballere ab,abballern
ballerte ab,abballern
ballert ab,abballern
ballert ab,abballern
schweige,schweigen
schwieg,schweigen
geschwiegen,schweigen
schweigst,schweigen
schweige,schweigen
schwiege,schweigen
schweigt,schweigen
schweigt,schweigen
feie,feien
feite,feien
gefeit,feien
feist,feien
fei,feien
feite,feien
feit,feien
feit,feien
majorisiere,majorisieren
majorisierte,majorisieren
majorisiert,majorisieren
majorisierst,majorisieren
majorisiere,majorisieren
majorisierte,majorisieren
majorisiert,majorisieren
majorisiert,majorisieren
stehe vor,vorstehen
stand vor,vorstehen
vorgestanden,vorstehen
stehst vor,vorstehen
steh vor,vorstehen
stünde vor,vorstehen
steht vor,vorstehen
steht vor,vorstehen
biege ab,abbiegen
bog ab,abbiegen
abgebogen,abbiegen
biegst ab,abbiegen
bieg ab,abbiegen
böge ab,abbiegen
biegt ab,abbiegen
biegt ab,abbiegen
verchartere,verchartern
vercharterte,verchartern
verchartert,verchartern
vercharterst,verchartern
vercharter,verchartern
vercharterte,verchartern
verchartert,verchartern
verchartert,verchartern
kindere ab,abkindern
kinderte ab,abkindern
abgekindert,abkindern
kinderst ab,abkindern
kindere ab,abkindern
kinderte ab,abkindern
kindert ab,abkindern
kindert ab,abkindern
spucke,spucken
spuckte,spucken
gespuckt,spucken
spuckst,spucken
spucke,spucken
spuckte,spucken
spuckt,spucken
spuckt,spucken
sterbe aus,aussterben
starb aus,aussterben
ausgestorben,aussterben
stirbst aus,aussterben
stirb aus,aussterben
stürbe aus,aussterben
stirbt aus,aussterben
sterbt aus,aussterben
übertreibe,übertreiben
übertrieb,übertreiben
übertrieben,übertreiben
übertreibst,übertreiben
übertreibe,übertreiben
übertriebe,übertreiben
übertreibt,übertreiben
übertreibt,übertreiben
erbleiche,erbleichen
erbleichte,erbleichen
erbleicht,erbleichen
erbleichst,erbleichen
erbleich,erbleichen
erbleichte,erbleichen
erbleicht,erbleichen
erbleicht,erbleichen
schmeiße weg,wegschmeißen
schmiss weg,wegschmeißen
weggeschmissen,wegschmeißen
schmeißt weg,wegschmeißen
schmeiß weg,wegschmeißen
schmisse weg,wegschmeißen
schmeißt weg,wegschmeißen
schmeißt weg,wegschmeißen
lobe weg,wegloben
lobte weg,wegloben
weggelobt,wegloben
lobst weg,wegloben
lobe weg,wegloben
lobte weg,wegloben
lobt weg,wegloben
lobt weg,wegloben
durchquere,durchqueren
durchquerte,durchqueren
durchquert,durchqueren
durchquerst,durchqueren
durchquer,durchqueren
durchquerte,durchqueren
durchquert,durchqueren
durchquert,durchqueren
lege klar,klarlegen
legte klar,klarlegen
klargelegt,klarlegen
legst klar,klarlegen
leg klar,klarlegen
legte klar,klarlegen
legt klar,klarlegen
legt klar,klarlegen
erfahre,erfahren
erfuhr,erfahren
erfahren,erfahren
erfährst,erfahren
erfahr,erfahren
erführe,erfahren
erfährt,erfahren
erfahrt,erfahren
kühle,kühlen
kühlte,kühlen
gekühlt,kühlen
kühlst,kühlen
kühl,kühlen
kühlte,kühlen
kühlt,kühlen
kühlt,kühlen
entmachte,entmachten
entmachtete,entmachten
entmachtet,entmachten
entmachtest,entmachten
entmacht,entmachten
entmachtete,entmachten
entmachtet,entmachten
entmachtet,entmachten
belauere,belauern
belauerte,belauern
belauert,belauern
belauerst,belauern
belauere,belauern
belauerte,belauern
belauert,belauern
belauert,belauern
zerstückele,zerstückeln
zerstückelte,zerstückeln
zerstückelt,zerstückeln
zerstückelst,zerstückeln
zerstückele,zerstückeln
zerstückelte,zerstückeln
zerstückelt,zerstückeln
zerstückelt,zerstückeln
spitzele,spitzeln
spitzelte,spitzeln
gespitzelt,spitzeln
spitzelst,spitzeln
spitzel,spitzeln
spitzelte,spitzeln
spitzelt,spitzeln
spitzelt,spitzeln
ändre ab,abändern
änderte ab,abändern
abgeändert,abändern
änderst ab,abändern
ändre ab,abändern
änderte ab,abändern
ändert ab,abändern
ändert ab,abändern
waterboarde,waterboarden
waterboardete,waterboarden
gewaterboardet,waterboarden
waterboardest,waterboarden
waterboarde,waterboarden
waterboardete,waterboarden
waterboardet,waterboarden
waterboardet,waterboarden
wecke,wecken
weckte,wecken
geweckt,wecken
weckst,wecken
wecke,wecken
weckte,wecken
weckt,wecken
weckt,wecken
setze bei,beisetzen
setzte bei,beisetzen
beigesetzt,beisetzen
setzt bei,beisetzen
setze bei,beisetzen
setzte bei,beisetzen
setzt bei,beisetzen
setzt bei,beisetzen
klopfe an,anklopfen
klopfte an,anklopfen
angeklopft,anklopfen
klopfst an,anklopfen
klopf an,anklopfen
klopfte an,anklopfen
klopft an,anklopfen
klopft an,anklopfen
zapfe,zapfen
zapfte,zapfen
gezapft,zapfen
zapfst,zapfen
zapfe,zapfen
zapfte,zapfen
zapft,zapfen
zapft,zapfen
brocke ab,abbrocken
brockte ab,abbrocken
abgebrockt,abbrocken
brockst ab,abbrocken
brocke ab,abbrocken
brockte ab,abbrocken
brockt ab,abbrocken
brockt ab,abbrocken
habe teil,teilhaben
hatte teil,teilhaben
teilgehabt,teilhaben
hast teil,teilhaben
hab teil,teilhaben
hätte teil,teilhaben
hat teil,teilhaben
habt teil,teilhaben
entsteine,entsteinen
entsteinte,entsteinen
entsteint,entsteinen
entsteinst,entsteinen
entstein,entsteinen
entsteinte,entsteinen
entsteint,entsteinen
entsteint,entsteinen
personalisiere,personalisieren
personalisierte,personalisieren
personalisiert,personalisieren
personalisierst,personalisieren
personalisiere,personalisieren
personalisierte,personalisieren
personalisiert,personalisieren
personalisiert,personalisieren
verkündige,verkündigen
verkündigte,verkündigen
verkündigt,verkündigen
verkündigst,verkündigen
verkündig,verkündigen
verkündigte,verkündigen
verkündigt,verkündigen
verkündigt,verkündigen
stelle ein,einstellen
stellte ein,einstellen
eingestellt,einstellen
stellst ein,einstellen
stelle ein,einstellen
stellte ein,einstellen
stellt ein,einstellen
stellt ein,einstellen
gebe preis,preisgeben
gab preis,preisgeben
preisgegeben,preisgeben
gibst preis,preisgeben
gib preis,preisgeben
gäbe preis,preisgeben
gibt preis,preisgeben
gebt preis,preisgeben
belehe,belehen
belehte,belehen
beleht,belehen
belehst,belehen
beleh,belehen
belehte,belehen
beleht,belehen
beleht,belehen
wuchere,wuchern
wucherte,wuchern
gewuchert,wuchern
wucherst,wuchern
wuchere,wuchern
wucherte,wuchern
wuchert,wuchern
wuchert,wuchern
zerreibe,zerreiben
zerrieb,zerreiben
zerrieben,zerreiben
zerreibst,zerreiben
zerreibe,zerreiben
zerriebe,zerreiben
zerreibt,zerreiben
zerreibt,zerreiben
berappe,berappen
berappte,berappen
berappt,berappen
berappst,berappen
berapp,berappen
berappte,berappen
berappt,berappen
berappt,berappen
pölze,pölzen
pölzte,pölzen
gepölzt,pölzen
pölzt,pölzen
pölz,pölzen
pölzte,pölzen
pölzt,pölzen
pölzt,pölzen
entgifte,entgiften
entgiftete,entgiften
entgiftet,entgiften
entgiftest,entgiften
entgift,entgiften
entgiftete,entgiften
entgiftet,entgiften
entgiftet,entgiften
verschrumpele,verschrumpeln
verschrumpelte,verschrumpeln
verschrumpelt,verschrumpeln
verschrumpelst,verschrumpeln
verschrumpele,verschrumpeln
verschrumpelte,verschrumpeln
verschrumpelt,verschrumpeln
verschrumpelt,verschrumpeln
ermittle,ermitteln
ermittelte,ermitteln
ermittelt,ermitteln
ermittelst,ermitteln
ermittle,ermitteln
ermittelte,ermitteln
ermittelt,ermitteln
ermittelt,ermitteln
darf,dürfen
durfte,dürfen
gedurft,dürfen
darfst,dürfen
dürfte,dürfen
darf,dürfen
kauderwelsche,kauderwelschen
kauderwelschte,kauderwelschen
gekauderwelscht,kauderwelschen
kauderwelschst,kauderwelschen
kauderwelsch,kauderwelschen
kauderwelschte,kauderwelschen
kauderwelscht,kauderwelschen
kauderwelscht,kauderwelschen
fluoresziere,fluoreszieren
fluoreszierte,fluoreszieren
fluoresziert,fluoreszieren
fluoreszierst,fluoreszieren
fluoreszier,fluoreszieren
fluoreszierte,fluoreszieren
fluoresziert,fluoreszieren
fluoresziert,fluoreszieren
wecke auf,aufwecken
weckte auf,aufwecken
aufgeweckt,aufwecken
weckst auf,aufwecken
weck auf,aufwecken
weckte auf,aufwecken
weckt auf,aufwecken
weckt auf,aufwecken
handle,handeln
handelte,handeln
gehandelt,handeln
handelst,handeln
handle,handeln
handelte,handeln
handelt,handeln
handelt,handeln
kumuliere,kumulieren
kumulierte,kumulieren
kumuliert,kumulieren
kumulierst,kumulieren
kumuliere,kumulieren
kumulierte,kumulieren
kumuliert,kumulieren
kumuliert,kumulieren
monetarisiere,monetarisieren
monetarisierte,monetarisieren
monetarisiert,monetarisieren
monetarisierst,monetarisieren
monetarisier,monetarisieren
monetarisierte,monetarisieren
monetarisiert,monetarisieren
monetarisiert,monetarisieren
herrsche,herrschen
herrschte,herrschen
geherrscht,herrschen
herrschst,herrschen
herrsche,herrschen
herrschte,herrschen
herrscht,herrschen
herrscht,herrschen
stoche,stochen
stochte,stochen
gestocht,stochen
stochst,stochen
stoch,stochen
stochte,stochen
stocht,stochen
stocht,stochen
bleiche,bleichen
bleichte,bleichen
gebleicht,bleichen
bleichst,bleichen
bleich,bleichen
bleichte,bleichen
bleicht,bleichen
bleicht,bleichen
inline,inlinen
inlinete,inlinen
geinlinet,inlinen
inlinest,inlinen
inline,inlinen
inlinete,inlinen
inlinet,inlinen
inlinet,inlinen
kample,kampeln
kampelte,kampeln
gekampelt,kampeln
kampelst,kampeln
kample,kampeln
kampelte,kampeln
kampelt,kampeln
kampelt,kampeln
ermächtige,ermächtigen
ermächtigte,ermächtigen
ermächtigt,ermächtigen
ermächtigst,ermächtigen
ermächtig,ermächtigen
ermächtigte,ermächtigen
ermächtigt,ermächtigen
ermächtigt,ermächtigen
riegele ab,abriegeln
riegelte ab,abriegeln
abgeriegelt,abriegeln
riegelst ab,abriegeln
riegele ab,abriegeln
riegelte ab,abriegeln
riegelt ab,abriegeln
riegelt ab,abriegeln
fuddle,fuddeln
fuddelte,fuddeln
gefuddelt,fuddeln
fuddelst,fuddeln
fuddle,fuddeln
fuddelte,fuddeln
fuddelt,fuddeln
fuddelt,fuddeln
wichtele,wichteln
wichtelte,wichteln
gewichtelt,wichteln
wichtelst,wichteln
wichtele,wichteln
wichtelte,wichteln
wichtelt,wichteln
wichtelt,wichteln
blicke hinab,hinabblicken
blickte hinab,hinabblicken
hinabgeblickt,hinabblicken
blickst hinab,hinabblicken
blick hinab,hinabblicken
blickte hinab,hinabblicken
blickt hinab,hinabblicken
blickt hinab,hinabblicken
halte auseinander,auseinanderhalten
hielt auseinander,auseinanderhalten
auseinandergehalten,auseinanderhalten
hältst auseinander,auseinanderhalten
halt auseinander,auseinanderhalten
hielte auseinander,auseinanderhalten
hält auseinander,auseinanderhalten
haltet auseinander,auseinanderhalten
führe ein,einführen
führte ein,einführen
eingeführt,einführen
führst ein,einführen
führ ein,einführen
führte ein,einführen
führt ein,einführen
führt ein,einführen
bekrittele,bekritteln
bekrittelte,bekritteln
bekrittelt,bekritteln
bekrittelst,bekritteln
bekrittel,bekritteln
bekrittelte,bekritteln
bekrittelt,bekritteln
bekrittelt,bekritteln
verachte,verachten
verachtete,verachten
verachtet,verachten
verachtest,verachten
verachte,verachten
verachtete,verachten
verachtet,verachten
verachtet,verachten
bullere,bullern
bullerte,bullern
gebullert,bullern
bullerst,bullern
buller,bullern
bullerte,bullern
bullert,bullern
bullert,bullern
ziemte,ziemen
geziemt,ziemen
ziemte,ziemen
ziemt,ziemen
stake,staken
stakte,staken
gestakt,staken
stakst,staken
stak,staken
stakte,staken
stakt,staken
stakt,staken
quantisiere,quantisieren
quantisierte,quantisieren
quantisiert,quantisieren
quantisierst,quantisieren
quantisiere,quantisieren
quantisierte,quantisieren
quantisiert,quantisieren
quantisiert,quantisieren
masturbiere,masturbieren
masturbierte,masturbieren
masturbiert,masturbieren
masturbierst,masturbieren
masturbiere,masturbieren
masturbierte,masturbieren
masturbiert,masturbieren
masturbiert,masturbieren
wattiere,wattieren
wattierte,wattieren
wattiert,wattieren
wattierst,wattieren
wattiere,wattieren
wattierte,wattieren
wattiert,wattieren
wattiert,wattieren
gurgle,gurgeln
gurgelte,gurgeln
gegurgelt,gurgeln
gurgelst,gurgeln
gurgle,gurgeln
gurgelte,gurgeln
gurgelt,gurgeln
gurgelt,gurgeln
liebe an,anlieben
liebte an,anlieben
angeliebt,anlieben
liebst an,anlieben
lieb an,anlieben
liebte an,anlieben
liebt an,anlieben
liebt an,anlieben
wallfahre,wallfahren
wallfahrte,wallfahren
gewallfahrt,wallfahren
wallfahrst,wallfahren
wallfahre,wallfahren
wallfahrte,wallfahren
wallfahrt,wallfahren
wallfahrt,wallfahren
versorge,versorgen
versorgte,versorgen
versorgt,versorgen
versorgst,versorgen
versorg,versorgen
versorgte,versorgen
versorgt,versorgen
versorgt,versorgen
sterbe,sterben
starb,sterben
gestorben,sterben
stirbst,sterben
stirb,sterben
stürbe,sterben
stirbt,sterben
sterbt,sterben
ratze,ratzen
ratzte,ratzen
geratzt,ratzen
ratzt,ratzen
ratz,ratzen
ratzte,ratzen
ratzt,ratzen
ratzt,ratzen
pressiere,pressieren
pressierte,pressieren
pressiert,pressieren
pressierst,pressieren
pressiere,pressieren
pressierte,pressieren
pressiert,pressieren
pressiert,pressieren
platsche,platschen
platschte,platschen
geplatscht,platschen
platschst,platschen
platsch,platschen
platschte,platschen
platscht,platschen
platscht,platschen
taste,tasten
tastete,tasten
getastet,tasten
tastest,tasten
tast,tasten
tastete,tasten
tastet,tasten
tastet,tasten
jage ab,abjagen
jagte ab,abjagen
abgejagt,abjagen
jagst ab,abjagen
jag ab,abjagen
jagte ab,abjagen
jagt ab,abjagen
jagt ab,abjagen
ersetze,ersetzen
ersetzte,ersetzen
ersetzt,ersetzen
ersetzt,ersetzen
ersetze,ersetzen
ersetzte,ersetzen
ersetzt,ersetzen
ersetzt,ersetzen
richte her,herrichten
richtete her,herrichten
hergerichtet,herrichten
richtest her,herrichten
richt her,herrichten
richtete her,herrichten
richtet her,herrichten
richtet her,herrichten
erschmiere,erschmieren
erschmierte,erschmieren
erschmiert,erschmieren
erschmierst,erschmieren
erschmier,erschmieren
erschmierte,erschmieren
erschmiert,erschmieren
erschmiert,erschmieren
kann,können
konnte,können
gekonnt,können
kannst,können
könnte,können
kann,können
beschenke,beschenken
beschenkte,beschenken
beschenkt,beschenken
beschenkst,beschenken
beschenk,beschenken
beschenkte,beschenken
beschenkt,beschenken
beschenkt,beschenken
konstatiere,konstatieren
konstatierte,konstatieren
konstatiert,konstatieren
konstatierst,konstatieren
konstatiere,konstatieren
konstatierte,konstatieren
konstatiert,konstatieren
konstatiert,konstatieren
proste,prosten
prostete,prosten
geprostet,prosten
prostest,prosten
prost,prosten
prostete,prosten
prostet,prosten
prostet,prosten
induziere,induzieren
induzierte,induzieren
induziert,induzieren
induzierst,induzieren
induziere,induzieren
induzierte,induzieren
induziert,induzieren
induziert,induzieren
federe ab,abfedern
federte ab,abfedern
abgefedert,abfedern
federst ab,abfedern
feder ab,abfedern
federte ab,abfedern
federt ab,abfedern
federt ab,abfedern
heile,heilen
heilte,heilen
geheilt,heilen
heilst,heilen
heile,heilen
heilte,heilen
heilt,heilen
heilt,heilen
besticke,besticken
bestickte,besticken
bestickt,besticken
bestickst,besticken
bestick,besticken
bestickte,besticken
bestickt,besticken
bestickt,besticken
lege weg,weglegen
legte weg,weglegen
weggelegt,weglegen
legst weg,weglegen
leg weg,weglegen
legte weg,weglegen
legt weg,weglegen
legt weg,weglegen
entblocke,entblocken
entblockte,entblocken
entblockt,entblocken
entblockst,entblocken
entblock,entblocken
entblockte,entblocken
entblockt,entblocken
entblockt,entblocken
renommiere,renommieren
renommierte,renommieren
renommiert,renommieren
renommierst,renommieren
renommiere,renommieren
renommierte,renommieren
renommiert,renommieren
renommiert,renommieren
gräbele ab,abgräbeln
gräbelte ab,abgräbeln
abgegräbelt,abgräbeln
gräbelst ab,abgräbeln
gräbele ab,abgräbeln
gräbelte ab,abgräbeln
gräbelt ab,abgräbeln
gräbelt ab,abgräbeln
wahre,wahren
wahrte,wahren
gewahrt,wahren
wahrst,wahren
wahre,wahren
wahrte,wahren
wahrt,wahren
wahrt,wahren
präludiere,präludieren
präludierte,präludieren
präludiert,präludieren
präludierst,präludieren
präludier,präludieren
präludierte,präludieren
präludiert,präludieren
präludiert,präludieren
stilisiere,stilisieren
stilisierte,stilisieren
stilisiert,stilisieren
stilisierst,stilisieren
stilisier,stilisieren
stilisierte,stilisieren
stilisiert,stilisieren
stilisiert,stilisieren
plötere,plötern
plöterte,plötern
geplötert,plötern
plöterst,plötern
plöter,plötern
plöterte,plötern
plötert,plötern
plötert,plötern
reifiziere,reifizieren
reifizierte,reifizieren
reifiziert,reifizieren
reifizierst,reifizieren
reifizier,reifizieren
reifizierte,reifizieren
reifiziert,reifizieren
reifiziert,reifizieren
okkupiere,okkupieren
okkupierte,okkupieren
okkupiert,okkupieren
okkupierst,okkupieren
okkupier,okkupieren
okkupierte,okkupieren
okkupiert,okkupieren
okkupiert,okkupieren
sehe schwarz,schwarzsehen
sah schwarz,schwarzsehen
schwarzgesehen,schwarzsehen
siehst schwarz,schwarzsehen
sieh schwarz,schwarzsehen
sähe schwarz,schwarzsehen
sieht schwarz,schwarzsehen
seht schwarz,schwarzsehen
bäume,bäumen
bäumte,bäumen
gebäumt,bäumen
bäumst,bäumen
bäum,bäumen
bäumte,bäumen
bäumt,bäumen
bäumt,bäumen
schneide mit,mitschneiden
schnitt mit,mitschneiden
mitgeschnitten,mitschneiden
schneidest mit,mitschneiden
schneide mit,mitschneiden
schnitte mit,mitschneiden
schneidet mit,mitschneiden
schneidet mit,mitschneiden
köchele,köcheln
köchelte,köcheln
geköchelt,köcheln
köchelst,köcheln
köchele,köcheln
köchelte,köcheln
köchelt,köcheln
köchelt,köcheln
breche hernieder,herniederbrechen
brach hernieder,herniederbrechen
herniedergebrochen,herniederbrechen
brichst hernieder,herniederbrechen
brich hernieder,herniederbrechen
bräche hernieder,herniederbrechen
bricht hernieder,herniederbrechen
brecht hernieder,herniederbrechen
greife zurück,zurückgreifen
griff zurück,zurückgreifen
zurückgegriffen,zurückgreifen
greifst zurück,zurückgreifen
greif zurück,zurückgreifen
griffe zurück,zurückgreifen
greift zurück,zurückgreifen
greift zurück,zurückgreifen
klage an,anklagen
klagte an,anklagen
angeklagt,anklagen
klagst an,anklagen
klage an,anklagen
klagte an,anklagen
klagt an,anklagen
klagt an,anklagen
prävaliere,prävalieren
prävalierte,prävalieren
prävaliert,prävalieren
prävalierst,prävalieren
prävalier,prävalieren
prävalierte,prävalieren
prävaliert,prävalieren
prävaliert,prävalieren
innoviere,innovieren
innovierte,innovieren
innoviert,innovieren
innovierst,innovieren
innovier,innovieren
innovierte,innovieren
innoviert,innovieren
innoviert,innovieren
feuchte,feuchten
feuchtete,feuchten
gefeuchtet,feuchten
feuchtest,feuchten
feucht,feuchten
feuchtete,feuchten
feuchtet,feuchten
feuchtet,feuchten
schasse,schassen
schasste,schassen
geschasst,schassen
schasst,schassen
schass,schassen
schasste,schassen
schasst,schassen
schasst,schassen
behänge,behängen
behängte,behängen
behängt,behängen
behängst,behängen
behäng,behängen
behängte,behängen
behängt,behängen
behängt,behängen
fahre schwarz,schwarzfahren
fuhr schwarz,schwarzfahren
schwarzgefahren,schwarzfahren
fährst schwarz,schwarzfahren
fahr schwarz,schwarzfahren
führe schwarz,schwarzfahren
fährt schwarz,schwarzfahren
fahrt schwarz,schwarzfahren
annulliere,annullieren
annullierte,annullieren
annulliert,annullieren
annullierst,annullieren
annulliere,annullieren
annullierte,annullieren
annulliert,annullieren
annulliert,annullieren
färbe,färben
färbte,färben
gefärbt,färben
färbst,färben
färbe,färben
färbte,färben
färbt,färben
färbt,färben
radebreche,radebrechen
radebrechte,radebrechen
geradebrecht,radebrechen
radebrechst,radebrechen
radebreche,radebrechen
radebrechte,radebrechen
radebrecht,radebrechen
radebrecht,radebrechen
aprikotiere,aprikotieren
aprikotierte,aprikotieren
aprikotiert,aprikotieren
aprikotierst,aprikotieren
aprikotier,aprikotieren
aprikotierte,aprikotieren
aprikotiert,aprikotieren
aprikotiert,aprikotieren
regnete,regnen
geregnet,regnen
regnete,regnen
regnet,regnen
bilanziere,bilanzieren
bilanzierte,bilanzieren
bilanziert,bilanzieren
bilanzierst,bilanzieren
bilanzier,bilanzieren
bilanzierte,bilanzieren
bilanziert,bilanzieren
bilanziert,bilanzieren
befinde,befinden
befand,befinden
befunden,befinden
befindest,befinden
befinde,befinden
befände,befinden
befindet,befinden
befindet,befinden
beflute,befluten
beflutete,befluten
beflutet,befluten
beflutest,befluten
beflut,befluten
beflutete,befluten
beflutet,befluten
beflutet,befluten
läute,läuten
läutete,läuten
geläutet,läuten
läutest,läuten
läut,läuten
läutete,läuten
läutet,läuten
läutet,läuten
sponsere,sponsern
sponserte,sponsern
gesponsert,sponsern
sponserst,sponsern
sponsere,sponsern
sponserte,sponsern
sponsert,sponsern
sponsert,sponsern
fädele ein,einfädeln
fädelte ein,einfädeln
eingefädelt,einfädeln
fädelst ein,einfädeln
fädele ein,einfädeln
fädelte ein,einfädeln
fädelt ein,einfädeln
fädelt ein,einfädeln
amelioriere,ameliorieren
ameliorierte,ameliorieren
amelioriert,ameliorieren
ameliorierst,ameliorieren
ameliorier,ameliorieren
ameliorierte,ameliorieren
amelioriert,ameliorieren
amelioriert,ameliorieren
debridiere,debridieren
debridierte,debridieren
debridiert,debridieren
debridierst,debridieren
debridier,debridieren
debridierte,debridieren
debridiert,debridieren
debridiert,debridieren
bediene,bedienen
bediente,bedienen
bedient,bedienen
bedienst,bedienen
bedien,bedienen
bediente,bedienen
bedient,bedienen
bedient,bedienen
steige auf,aufsteigen
stieg auf,aufsteigen
aufgestiegen,aufsteigen
steigst auf,aufsteigen
steig auf,aufsteigen
stiege auf,aufsteigen
steigt auf,aufsteigen
steigt auf,aufsteigen
privilegiere,privilegieren
privilegierte,privilegieren
privilegiert,privilegieren
privilegierst,privilegieren
privilegier,privilegieren
privilegierte,privilegieren
privilegiert,privilegieren
privilegiert,privilegieren
verrohre,verrohren
verrohrte,verrohren
verrohrt,verrohren
verrohrst,verrohren
verrohre,verrohren
verrohrte,verrohren
verrohrt,verrohren
verrohrt,verrohren
bade ab,abbaden
badete ab,abbaden
abgebadet,abbaden
badest ab,abbaden
bade ab,abbaden
badete ab,abbaden
badet ab,abbaden
badet ab,abbaden
erde,erden
erdete,erden
geerdet,erden
erdest,erden
erde,erden
erdete,erden
erdet,erden
erdet,erden
finassiere,finassieren
finassierte,finassieren
finassiert,finassieren
finassierst,finassieren
finassier,finassieren
finassierte,finassieren
finassiert,finassieren
finassiert,finassieren
bewuchs,bewachsen
bewachsen,bewachsen
bewüchse,bewachsen
bewächst,bewachsen
zelebriere,zelebrieren
zelebrierte,zelebrieren
zelebriert,zelebrieren
zelebrierst,zelebrieren
zelebriere,zelebrieren
zelebrierte,zelebrieren
zelebriert,zelebrieren
zelebriert,zelebrieren
dauere,dauern
dauerte,dauern
gedauert,dauern
dauerst,dauern
dauere,dauern
dauerte,dauern
dauert,dauern
dauert,dauern
quittiere,quittieren
quittierte,quittieren
quittiert,quittieren
quittierst,quittieren
quittiere,quittieren
quittierte,quittieren
quittiert,quittieren
quittiert,quittieren
verscheide,verscheiden
verschied,verscheiden
verschieden,verscheiden
verscheidest,verscheiden
verscheide,verscheiden
verschiede,verscheiden
verscheidet,verscheiden
verscheidet,verscheiden
terrorisiere,terrorisieren
terrorisierte,terrorisieren
terrorisiert,terrorisieren
terrorisierst,terrorisieren
terrorisier,terrorisieren
terrorisierte,terrorisieren
terrorisiert,terrorisieren
terrorisiert,terrorisieren
füsiliere,füsilieren
füsilierte,füsilieren
füsiliert,füsilieren
füsilierst,füsilieren
füsiliere,füsilieren
füsilierte,füsilieren
füsiliert,füsilieren
füsiliert,füsilieren
geheimnisse hinein,hineingeheimnissen
geheimnisste hinein,hineingeheimnissen
hineingeheimnisst,hineingeheimnissen
geheimnisst hinein,hineingeheimnissen
geheimniss hinein,hineingeheimnissen
geheimnisste hinein,hineingeheimnissen
geheimnisst hinein,hineingeheimnissen
geheimnisst hinein,hineingeheimnissen
lade ein,einladen
lud ein,einladen
eingeladen,einladen
lädst ein,einladen
lade ein,einladen
lüde ein,einladen
lädt ein,einladen
ladet ein,einladen
prolongiere,prolongieren
prolongierte,prolongieren
prolongiert,prolongieren
prolongierst,prolongieren
prolongiere,prolongieren
prolongierte,prolongieren
prolongiert,prolongieren
prolongiert,prolongieren
fase an,anfasen
faste an,anfasen
angefast,anfasen
fast an,anfasen
fas an,anfasen
faste an,anfasen
fast an,anfasen
fast an,anfasen
säge ab,absägen
sägte ab,absägen
abgesägt,absägen
sägst ab,absägen
säg ab,absägen
sägte ab,absägen
sägt ab,absägen
sägt ab,absägen
biete,bieten
bot,bieten
geboten,bieten
bietest,bieten
biete,bieten
böte,bieten
bietet,bieten
bietet,bieten
derdürre,derdürren
derdürrte,derdürren
derdürrt,derdürren
derdürrst,derdürren
derdürre,derdürren
derdürrte,derdürren
derdürrt,derdürren
derdürrt,derdürren
lag vor,vorliegen
vorgelegen,vorliegen
läge vor,vorliegen
liegt vor,vorliegen
deeskaliere,deeskalieren
deeskalierte,deeskalieren
deeskaliert,deeskalieren
deeskalierst,deeskalieren
deeskaliere,deeskalieren
deeskalierte,deeskalieren
deeskaliert,deeskalieren
deeskaliert,deeskalieren
derwische,derwischen
<small>(derwischte)</small>,derwischen
"derwischt, derwuschen",derwischen
derwischst,derwischen
derwische,derwischen
<small>(derwischte)</small>,derwischen
derwischt,derwischen
derwischt,derwischen
mache platt,plattmachen
machte platt,plattmachen
plattgemacht,plattmachen
machst platt,plattmachen
mach platt,plattmachen
machte platt,plattmachen
macht platt,plattmachen
macht platt,plattmachen
palavre,palavern
palaverte,palavern
palavert,palavern
palaverst,palavern
palavere,palavern
palaverte,palavern
palavert,palavern
palavert,palavern
putze,putzen
putzte,putzen
geputzt,putzen
putzt,putzen
putz,putzen
putzte,putzen
putzt,putzen
putzt,putzen
erfasse,erfassen
erfasste,erfassen
erfasst,erfassen
erfasst,erfassen
erfasse,erfassen
erfasste,erfassen
erfasst,erfassen
erfasst,erfassen
erbuhle,erbuhlen
erbuhlte,erbuhlen
erbuhlt,erbuhlen
erbuhlst,erbuhlen
erbuhl,erbuhlen
erbuhlte,erbuhlen
erbuhlt,erbuhlen
erbuhlt,erbuhlen
rutsche,rutschen
rutschte,rutschen
gerutscht,rutschen
rutschst,rutschen
rutsch,rutschen
rutschte,rutschen
rutscht,rutschen
rutschet,rutschen
saue ein,einsauen
saute ein,einsauen
eingesaut,einsauen
saust ein,einsauen
sau ein,einsauen
saute ein,einsauen
saut ein,einsauen
saut ein,einsauen
arbeite entgegen,entgegenarbeiten
arbeitete entgegen,entgegenarbeiten
entgegengearbeitet,entgegenarbeiten
arbeitest entgegen,entgegenarbeiten
arbeit entgegen,entgegenarbeiten
arbeitete entgegen,entgegenarbeiten
arbeitet entgegen,entgegenarbeiten
arbeitet entgegen,entgegenarbeiten
versenke,versenken
versenkte,versenken
versenkt,versenken
versenkst,versenken
versenke,versenken
versenkte,versenken
versenkt,versenken
versenkt,versenken
verzichte,verzichten
verzichtete,verzichten
verzichtet,verzichten
verzichtest,verzichten
verzichte,verzichten
verzichtete,verzichten
verzichtet,verzichten
verzichtet,verzichten
wärme ein,einwärmen
wärmte ein,einwärmen
eingewärmt,einwärmen
wärmst ein,einwärmen
wärme ein,einwärmen
wärmte ein,einwärmen
wärmt ein,einwärmen
wärmt ein,einwärmen
werte ab,abwerten
wertete ab,abwerten
abgewertet,abwerten
wertest ab,abwerten
wert ab,abwerten
wertete ab,abwerten
wertet ab,abwerten
wertet ab,abwerten
narre,narren
narrte,narren
genarrt,narren
narrst,narren
narr,narren
narrte,narren
narrt,narren
narrt,narren
suppliziere,supplizieren
supplizierte,supplizieren
suppliziert,supplizieren
supplizierst,supplizieren
supplizier,supplizieren
supplizierte,supplizieren
suppliziert,supplizieren
suppliziert,supplizieren
fahre herüber,herüberfahren
fuhr herüber,herüberfahren
herübergefahren,herüberfahren
fährst herüber,herüberfahren
fahr herüber,herüberfahren
führe herüber,herüberfahren
fährt herüber,herüberfahren
fahrt herüber,herüberfahren
quiekse,quieksen
quiekste,quieksen
gequiekst,quieksen
quiekst,quieksen
quieks,quieksen
quiekste,quieksen
quiekst,quieksen
quiekst,quieksen
delogiere,delogieren
delogierte,delogieren
delogiert,delogieren
delogierst,delogieren
delogier,delogieren
delogierte,delogieren
delogiert,delogieren
delogiert,delogieren
hole,holen
holte,holen
geholt,holen
holst,holen
hole,holen
holte,holen
holt,holen
holt,holen
schinde,schinden
schindete,schinden
geschunden,schinden
schindest,schinden
schinde,schinden
schindete,schinden
schindet,schinden
schindet,schinden
rüste auf,aufrüsten
rüstete auf,aufrüsten
aufgerüstet,aufrüsten
rüstest auf,aufrüsten
rüste auf,aufrüsten
rüstete auf,aufrüsten
rüstet auf,aufrüsten
rüstet auf,aufrüsten
breche auf,aufbrechen
brach auf,aufbrechen
aufgebrochen,aufbrechen
brichst auf,aufbrechen
brich auf,aufbrechen
bräche auf,aufbrechen
bricht auf,aufbrechen
brecht auf,aufbrechen
hätschle,hätscheln
hätschelte,hätscheln
gehätschelt,hätscheln
hätschelst,hätscheln
hätschle,hätscheln
hätschelte,hätscheln
hätschelt,hätscheln
hätschelt,hätscheln
posaune hinaus,hinausposaunen
posaunte hinaus,hinausposaunen
hinausposaunt,hinausposaunen
posaunst hinaus,hinausposaunen
posaun hinaus,hinausposaunen
posaunte hinaus,hinausposaunen
posaunt hinaus,hinausposaunen
posaunt hinaus,hinausposaunen
fülle ein,einfüllen
füllte ein,einfüllen
eingefüllt,einfüllen
füllst ein,einfüllen
füll ein,einfüllen
füllte ein,einfüllen
füllt ein,einfüllen
füllt ein,einfüllen
schnuppere,schnuppern
schnupperte,schnuppern
geschnuppert,schnuppern
schnupperst,schnuppern
schnupper,schnuppern
schnupperte,schnuppern
schnuppert,schnuppern
schnuppert,schnuppern
mag,mögen
mochte,mögen
gemocht,mögen
magst,mögen
möchte,mögen
mag,mögen
entwaffne,entwaffnen
entwaffnete,entwaffnen
entwaffnet,entwaffnen
entwaffnest,entwaffnen
entwaffne,entwaffnen
entwaffnete,entwaffnen
entwaffnet,entwaffnen
entwaffnet,entwaffnen
zerlege,zerlegen
zerlegte,zerlegen
zerlegt,zerlegen
zerlegst,zerlegen
zerleg,zerlegen
zerlegte,zerlegen
zerlegt,zerlegen
zerlegt,zerlegen
bestochere,bestochern
bestocherte,bestochern
bestochert,bestochern
bestocherst,bestochern
bestocher,bestochern
bestocherte,bestochern
bestochert,bestochern
bestochert,bestochern
reiße ab,abreißen
riss ab,abreißen
abgerissen,abreißen
reißt ab,abreißen
reiß ab,abreißen
risse ab,abreißen
reißt ab,abreißen
reißt ab,abreißen
glätte,glätten
glättete,glätten
geglättet,glätten
glättest,glätten
glätt,glätten
glättete,glätten
glättet,glätten
glättet,glätten
stehe umeinander,umeinanderstehen
stand umeinander,umeinanderstehen
umeinandergestanden,umeinanderstehen
stehst umeinander,umeinanderstehen
steh umeinander,umeinanderstehen
stünde umeinander,umeinanderstehen
steht umeinander,umeinanderstehen
steht umeinander,umeinanderstehen
stoßlüfte,stoßlüften
stoßlüftete,stoßlüften
stoßgelüftet,stoßlüften
stoßlüftest,stoßlüften
stoßlüfte,stoßlüften
stoßlüftete,stoßlüften
stoßlüftet,stoßlüften
stoßlüftet,stoßlüften
schrecke,schrecken
schreckte,schrecken
geschreckt,schrecken
schreckst,schrecken
schrecke,schrecken
schreckte,schrecken
schreckt,schrecken
schreckt,schrecken
kübele,kübeln
kübelte,kübeln
gekübelt,kübeln
kübelst,kübeln
kübel,kübeln
kübelte,kübeln
kübelt,kübeln
kübelt,kübeln
probiere,probieren
probierte,probieren
probiert,probieren
probierst,probieren
probiere,probieren
probierte,probieren
probiert,probieren
probiert,probieren
begabe,begaben
begabte,begaben
begabt,begaben
begabst,begaben
begab,begaben
begabte,begaben
begabt,begaben
begabt,begaben
betone,betonen
betonte,betonen
betont,betonen
betonst,betonen
betone,betonen
betonte,betonen
betont,betonen
betont,betonen
palisiere,palisieren
palisierte,palisieren
palisiert,palisieren
palisierst,palisieren
palisier,palisieren
palisierte,palisieren
palisiert,palisieren
palisiert,palisieren
verbuddele,verbuddeln
verbuddelte,verbuddeln
verbuddelt,verbuddeln
verbuddelst,verbuddeln
verbuddle,verbuddeln
verbuddelte,verbuddeln
verbuddelt,verbuddeln
verbuddelt,verbuddeln
hege,hegen
hegte,hegen
gehegt,hegen
hegst,hegen
heg,hegen
hegte,hegen
hegt,hegen
hegt,hegen
verbreite,verbreiten
verbreitete,verbreiten
verbreitet,verbreiten
verbreitest,verbreiten
verbreite,verbreiten
verbreitete,verbreiten
verbreitet,verbreiten
verbreitet,verbreiten
formuliere aus,ausformulieren
formulierte aus,ausformulieren
ausformuliert,ausformulieren
formulierst aus,ausformulieren
formulier aus,ausformulieren
formulierte aus,ausformulieren
formuliert aus,ausformulieren
formuliert aus,ausformulieren
tariere aus,austarieren
tarierte aus,austarieren
austariert,austarieren
tarierst aus,austarieren
tarier aus,austarieren
tarierte aus,austarieren
tariert aus,austarieren
tariert aus,austarieren
ruße,rußen
rußte,rußen
gerußt,rußen
rußt,rußen
ruß,rußen
rußte,rußen
rußt,rußen
rußt,rußen
aste ab,abasten
astete ab,abasten
abgeastet,abasten
astest ab,abasten
aste ab,abasten
astete ab,abasten
astet ab,abasten
astet ab,abasten
paktiere,paktieren
paktierte,paktieren
paktiert,paktieren
paktierst,paktieren
paktiere,paktieren
paktierte,paktieren
paktiert,paktieren
paktiert,paktieren
arrangiere,arrangieren
arrangierte,arrangieren
arrangiert,arrangieren
arrangierst,arrangieren
arrangiere,arrangieren
arrangierte,arrangieren
arrangiert,arrangieren
arrangiert,arrangieren
denke weg,wegdenken
dachte weg,wegdenken
weggedacht,wegdenken
denkst weg,wegdenken
denke weg,wegdenken
dächte weg,wegdenken
denkt weg,wegdenken
denkt weg,wegdenken
faschiere,faschieren
faschierte,faschieren
faschiert,faschieren
faschierst,faschieren
faschiere,faschieren
faschierte,faschieren
faschiert,faschieren
faschiert,faschieren
knöpfe,knöpfen
knöpfte,knöpfen
geknöpft,knöpfen
knöpfst,knöpfen
knöpf,knöpfen
knöpfte,knöpfen
knöpft,knöpfen
knöpft,knöpfen
widerstehe,widerstehen
widerstand,widerstehen
widerstanden,widerstehen
widerstehst,widerstehen
widerstehe,widerstehen
widerstände,widerstehen
widersteht,widerstehen
widersteht,widerstehen
ersuche,ersuchen
ersuchte,ersuchen
ersucht,ersuchen
ersuchst,ersuchen
ersuch,ersuchen
ersuchte,ersuchen
ersucht,ersuchen
ersucht,ersuchen
zwirne,zwirnen
zwirnte,zwirnen
gezwirnt,zwirnen
zwirnst,zwirnen
zwirne,zwirnen
zwirnte,zwirnen
zwirnt,zwirnen
zwirnt,zwirnen
kurble,kurbeln
kurbelte,kurbeln
gekurbelt,kurbeln
kurbelst,kurbeln
kurble,kurbeln
kurbelte,kurbeln
kurbelt,kurbeln
kurbelt,kurbeln
gehe runter,runtergehen
ging runter,runtergehen
runtergegangen,runtergehen
gehst runter,runtergehen
geh runter,runtergehen
ginge runter,runtergehen
geht runter,runtergehen
geht runter,runtergehen
balge,balgen
balgte,balgen
gebalgt,balgen
balgst,balgen
balg,balgen
balgte,balgen
balgt,balgen
balgt,balgen
schicke an,anschicken
schickte an,anschicken
angeschickt,anschicken
schickst an,anschicken
schick an,anschicken
schickte an,anschicken
schickt an,anschicken
schickt an,anschicken
passe auf,aufpassen
passte auf,aufpassen
aufgepasst,aufpassen
passt auf,aufpassen
pass auf,aufpassen
passte auf,aufpassen
passt auf,aufpassen
passt auf,aufpassen
sonne,sonnen
sonnte,sonnen
gesonnt,sonnen
sonnst,sonnen
sonn,sonnen
sonnte,sonnen
sonnt,sonnen
sonnt,sonnen
schwadroniere,schwadronieren
schwadronierte,schwadronieren
schwadroniert,schwadronieren
schwadronierst,schwadronieren
schwadroniere,schwadronieren
schwadronierte,schwadronieren
schwadroniert,schwadronieren
schwadroniert,schwadronieren
vagiere,vagieren
vagierte,vagieren
vagiert,vagieren
vagierst,vagieren
vagiere,vagieren
vagierte,vagieren
vagiert,vagieren
vagiert,vagieren
dümple,dümpeln
dümpelte,dümpeln
gedümpelt,dümpeln
dümpelst,dümpeln
dümple,dümpeln
dümpelte,dümpeln
dümpelt,dümpeln
dümpelt,dümpeln
lade nach,nachladen
lud nach,nachladen
nachgeladen,nachladen
lädst nach,nachladen
lad nach,nachladen
lüde nach,nachladen
lädt nach,nachladen
ladet nach,nachladen
härte aus,aushärten
härtete aus,aushärten
ausgehärtet,aushärten
härtest aus,aushärten
härte aus,aushärten
härtete aus,aushärten
härtet aus,aushärten
härtet aus,aushärten
runde auf,aufrunden
rundete auf,aufrunden
aufgerundet,aufrunden
rundest auf,aufrunden
runde auf,aufrunden
rundete auf,aufrunden
rundet auf,aufrunden
rundet auf,aufrunden
spule,spulen
spulte,spulen
gespult,spulen
spulst,spulen
spul,spulen
spulte,spulen
spult,spulen
spult,spulen
packe,packen
packte,packen
gepackt,packen
packst,packen
pack,packen
packte,packen
packt,packen
packt,packen
beobachte,beobachten
beobachtete,beobachten
beobachtet,beobachten
beobachtest,beobachten
beobachte,beobachten
beobachtete,beobachten
beobachtet,beobachten
beobachtet,beobachten
schnappe auf,aufschnappen
schnappte auf,aufschnappen
aufgeschnappt,aufschnappen
schnappst auf,aufschnappen
schnappe auf,aufschnappen
schnappte auf,aufschnappen
schnappt auf,aufschnappen
schnappt auf,aufschnappen
mindere,mindern
minderte,mindern
gemindert,mindern
minderst,mindern
mindere,mindern
minderte,mindern
mindert,mindern
mindert,mindern
zucke,zucken
zuckte,zucken
gezuckt,zucken
zuckst,zucken
zucke,zucken
zuckte,zucken
zuckt,zucken
zuckt,zucken
schanghaie,schanghaien
schanghaite,schanghaien
schanghait,schanghaien
schanghaist,schanghaien
schanghai,schanghaien
schanghaite,schanghaien
schanghait,schanghaien
schanghait,schanghaien
puckere,puckern
puckerte,puckern
gepuckert,puckern
puckerst,puckern
pucker,puckern
puckerte,puckern
puckert,puckern
puckert,puckern
sülze,sülzen
sülzte,sülzen
gesülzt,sülzen
sülzt,sülzen
sülz,sülzen
sülzte,sülzen
sülzt,sülzen
sülzt,sülzen
volviere,volvieren
volvierte,volvieren
volviert,volvieren
volvierst,volvieren
volvier,volvieren
volvierte,volvieren
volviert,volvieren
volviert,volvieren
äse,äsen
äste,äsen
geäst,äsen
äst,äsen
äse,äsen
äste,äsen
äst,äsen
äst,äsen
grenzte an,angrenzen
angegrenzt,angrenzen
grenzte an,angrenzen
grenzt an,angrenzen
werbe,werben
warb,werben
geworben,werben
wirbst,werben
wirb,werben
würbe,werben
wirbt,werben
werbt,werben
vergieße,vergießen
vergoss,vergießen
vergossen,vergießen
vergießt,vergießen
vergieße,vergießen
vergösse,vergießen
vergießt,vergießen
vergießt,vergießen
schnalze,schnalzen
schnalzte,schnalzen
geschnalzt,schnalzen
schnalzt,schnalzen
schnalz,schnalzen
schnalzte,schnalzen
schnalzt,schnalzen
schnalzt,schnalzen
antworte aus,ausantworten
antwortete aus,ausantworten
ausgeantwortet,ausantworten
antwortest aus,ausantworten
antworte aus,ausantworten
antwortete aus,ausantworten
antwortet aus,ausantworten
antwortet aus,ausantworten
schule ein,einschulen
schulte ein,einschulen
eingeschult,einschulen
schulst ein,einschulen
schul ein,einschulen
schulte ein,einschulen
schult ein,einschulen
schult ein,einschulen
ziehe her,herziehen
zog her,herziehen
hergezogen,herziehen
ziehst her,herziehen
ziehe her,herziehen
zöge her,herziehen
zieht her,herziehen
zieht her,herziehen
komme heran,herankommen
kam heran,herankommen
herangekommen,herankommen
kommst heran,herankommen
komm heran,herankommen
käme heran,herankommen
kommt heran,herankommen
kommt heran,herankommen
härme,härmen
härmte,härmen
gehärmt,härmen
härmst,härmen
härm,härmen
härmte,härmen
härmt,härmen
härmt,härmen
winke ab,abwinken
winkte ab,abwinken
abgewinkt,abwinken
winkst ab,abwinken
wink ab,abwinken
winkte ab,abwinken
winkt ab,abwinken
winkt ab,abwinken
bedinge ab,abbedingen
bedang ab,abbedingen
abbedingt,abbedingen
bedingst ab,abbedingen
beding ab,abbedingen
bedänge ab,abbedingen
bedingt ab,abbedingen
bedingt ab,abbedingen
lecke,lecken
leckte,lecken
geleckt,lecken
leckst,lecken
lecke,lecken
leckte,lecken
leckt,lecken
leckt,lecken
gehe herauf,heraufgehen
ging herauf,heraufgehen
heraufgegangen,heraufgehen
gehst herauf,heraufgehen
gehe herauf,heraufgehen
ginge herauf,heraufgehen
geht herauf,heraufgehen
geht herauf,heraufgehen
lagere,lagern
lagerte,lagern
gelagert,lagern
lagerst,lagern
lagere,lagern
lagerte,lagern
lagert,lagern
lagert,lagern
belaufe,belaufen
belief,belaufen
belaufen,belaufen
beläufst,belaufen
belauf,belaufen
beliefe,belaufen
beläuft,belaufen
belauft,belaufen
stagle,stageln
stagelte,stageln
gestagelt,stageln
stagelst,stageln
stagle,stageln
stagelte,stageln
stagelt,stageln
stagelt,stageln
kettele,ketteln
kettelte,ketteln
gekettelt,ketteln
kettelst,ketteln
kettele,ketteln
kettelte,ketteln
kettelt,ketteln
kettelt,ketteln
